False,16,1920,1080,U8,3,1920,1080,5760,772735056,0,0,0,1920,1080,False,2022-01-18T14:12:23.4747008+01:00
False,16,1920,1080,U8,3,1920,1080,5760,831963216,0,0,0,1920,1080,False,2022-01-18T14:12:23.5002624+01:00
False,16,1920,1080,U8,3,1920,1080,5760,988041296,0,0,0,1920,1080,False,2022-01-18T14:12:23.5333504+01:00
False,16,1920,1080,U8,3,1920,1080,5760,994316368,0,0,0,1920,1080,False,2022-01-18T14:12:23.5673472+01:00
False,16,1920,1080,U8,3,1920,1080,5760,1000603728,0,0,0,1920,1080,False,2022-01-18T14:12:23.6002432+01:00
False,16,1920,1080,U8,3,1920,1080,5760,1149956176,0,0,0,1920,1080,False,2022-01-18T14:12:23.6332160+01:00
False,16,1920,1080,U8,3,1920,1080,5760,1156202576,0,0,0,1920,1080,False,2022-01-18T14:12:23.6668544+01:00
False,16,1920,1080,U8,3,1920,1080,5760,1162534992,0,0,0,1920,1080,False,2022-01-18T14:12:23.6987776+01:00
False,16,1920,1080,U8,3,1920,1080,5760,1168781392,0,0,0,1920,1080,False,2022-01-18T14:12:23.7328256+01:00
False,16,1920,1080,U8,3,1920,1080,5760,1175072848,0,0,0,1920,1080,False,2022-01-18T14:12:23.7668864+01:00
False,16,1920,1080,U8,3,1920,1080,5760,1181409360,0,0,0,1920,1080,False,2022-01-18T14:12:23.8007424+01:00
False,16,1920,1080,U8,3,1920,1080,5760,799944784,0,0,0,1920,1080,False,2022-01-18T14:12:23.8321024+01:00
False,16,1920,1080,U8,3,1920,1080,5760,806232144,0,0,0,1920,1080,False,2022-01-18T14:12:23.8667264+01:00
False,16,1920,1080,U8,3,1920,1080,5760,812572752,0,0,0,1920,1080,False,2022-01-18T14:12:23.9001216+01:00
False,16,1920,1080,U8,3,1920,1080,5760,799952976,0,0,0,1920,1080,False,2022-01-18T14:12:23.9329536+01:00
False,16,1920,1080,U8,3,1920,1080,5760,818856016,0,0,0,1920,1080,False,2022-01-18T14:12:23.9655936+01:00
False,16,1920,1080,U8,3,1920,1080,5760,825135184,0,0,0,1920,1080,False,2022-01-18T14:12:23.9995648+01:00
False,16,1920,1080,U8,3,1920,1080,5760,831422544,0,0,0,1920,1080,False,2022-01-18T14:12:24.0323072+01:00
False,16,1920,1080,U8,3,1920,1080,5760,844460112,0,0,0,1920,1080,False,2022-01-18T14:12:24.0664832+01:00
False,16,1920,1080,U8,3,1920,1080,5760,799957072,0,0,0,1920,1080,False,2022-01-18T14:12:24.0997248+01:00
False,16,1920,1080,U8,3,1920,1080,5760,818860112,0,0,0,1920,1080,False,2022-01-18T14:12:24.1329664+01:00
False,16,1920,1080,U8,3,1920,1080,5760,825139280,0,0,0,1920,1080,False,2022-01-18T14:12:24.1671168+01:00
False,16,1920,1080,U8,3,1920,1080,5760,799993936,0,0,0,1920,1080,False,2022-01-18T14:12:24.1996928+01:00
False,16,1920,1080,U8,3,1920,1080,5760,850776144,0,0,0,1920,1080,False,2022-01-18T14:12:24.2325888+01:00
False,16,1920,1080,U8,3,1920,1080,5760,988061776,0,0,0,1920,1080,False,2022-01-18T14:12:24.2661888+01:00
False,16,1920,1080,U8,3,1920,1080,5760,994369616,0,0,0,1920,1080,False,2022-01-18T14:12:24.3004160+01:00
False,16,1920,1080,U8,3,1920,1080,5760,1000648784,0,0,0,1920,1080,False,2022-01-18T14:12:24.3340032+01:00
False,16,1920,1080,U8,3,1920,1080,5760,799957072,0,0,0,1920,1080,False,2022-01-18T14:12:24.3663232+01:00
False,16,1920,1080,U8,3,1920,1080,5760,806281296,0,0,0,1920,1080,False,2022-01-18T14:12:24.3990144+01:00
False,16,1920,1080,U8,3,1920,1080,5760,812519504,0,0,0,1920,1080,False,2022-01-18T14:12:24.4337664+01:00
False,16,1920,1080,U8,3,1920,1080,5760,799965264,0,0,0,1920,1080,False,2022-01-18T14:12:24.4674816+01:00
False,16,1920,1080,U8,3,1920,1080,5760,818860112,0,0,0,1920,1080,False,2022-01-18T14:12:24.4990976+01:00
False,16,1920,1080,U8,3,1920,1080,5760,825122896,0,0,0,1920,1080,False,2022-01-18T14:12:24.5323392+01:00
False,16,1920,1080,U8,3,1920,1080,5760,799969360,0,0,0,1920,1080,False,2022-01-18T14:12:24.5665536+01:00
False,16,1920,1080,U8,3,1920,1080,5760,831438928,0,0,0,1920,1080,False,2022-01-18T14:12:24.6000896+01:00
False,16,1920,1080,U8,3,1920,1080,5760,844464208,0,0,0,1920,1080,False,2022-01-18T14:12:24.6332032+01:00
False,16,1920,1080,U8,3,1920,1080,5760,850772048,0,0,0,1920,1080,False,2022-01-18T14:12:24.6676480+01:00
False,16,1920,1080,U8,3,1920,1080,5760,988045392,0,0,0,1920,1080,False,2022-01-18T14:12:24.7004160+01:00
False,16,1920,1080,U8,3,1920,1080,5760,799969360,0,0,0,1920,1080,False,2022-01-18T14:12:24.7330688+01:00
False,16,1920,1080,U8,3,1920,1080,5760,831426640,0,0,0,1920,1080,False,2022-01-18T14:12:24.7663872+01:00
False,16,1920,1080,U8,3,1920,1080,5760,844464208,0,0,0,1920,1080,False,2022-01-18T14:12:24.8001024+01:00
False,16,1920,1080,U8,3,1920,1080,5760,799977552,0,0,0,1920,1080,False,2022-01-18T14:12:24.8332928+01:00
False,16,1920,1080,U8,3,1920,1080,5760,806232144,0,0,0,1920,1080,False,2022-01-18T14:12:24.8661888+01:00
False,16,1920,1080,U8,3,1920,1080,5760,812515408,0,0,0,1920,1080,False,2022-01-18T14:12:24.9001600+01:00
False,16,1920,1080,U8,3,1920,1080,5760,799965264,0,0,0,1920,1080,False,2022-01-18T14:12:24.9337984+01:00
False,16,1920,1080,U8,3,1920,1080,5760,818761808,0,0,0,1920,1080,False,2022-01-18T14:12:24.9670272+01:00
False,16,1920,1080,U8,3,1920,1080,5760,825073744,0,0,0,1920,1080,False,2022-01-18T14:12:24.9992064+01:00
False,16,1920,1080,U8,3,1920,1080,5760,799989840,0,0,0,1920,1080,False,2022-01-18T14:12:25.0330880+01:00
False,16,1920,1080,U8,3,1920,1080,5760,831361104,0,0,0,1920,1080,False,2022-01-18T14:12:25.0658816+01:00
False,16,1920,1080,U8,3,1920,1080,5760,844443728,0,0,0,1920,1080,False,2022-01-18T14:12:25.0998400+01:00
False,16,1920,1080,U8,3,1920,1080,5760,850784336,0,0,0,1920,1080,False,2022-01-18T14:12:25.1337088+01:00
False,16,1920,1080,U8,3,1920,1080,5760,988061776,0,0,0,1920,1080,False,2022-01-18T14:12:25.1669760+01:00
False,16,1920,1080,U8,3,1920,1080,5760,799989840,0,0,0,1920,1080,False,2022-01-18T14:12:25.1997568+01:00
False,16,1920,1080,U8,3,1920,1080,5760,831357008,0,0,0,1920,1080,False,2022-01-18T14:12:25.2333184+01:00
False,16,1920,1080,U8,3,1920,1080,5760,844451920,0,0,0,1920,1080,False,2022-01-18T14:12:25.2687104+01:00
False,16,1920,1080,U8,3,1920,1080,5760,799969360,0,0,0,1920,1080,False,2022-01-18T14:12:25.2999808+01:00
False,16,1920,1080,U8,3,1920,1080,5760,806232144,0,0,0,1920,1080,False,2022-01-18T14:12:25.3323904+01:00
False,16,1920,1080,U8,3,1920,1080,5760,812564560,0,0,0,1920,1080,False,2022-01-18T14:12:25.3672320+01:00
False,16,1920,1080,U8,3,1920,1080,5760,799993936,0,0,0,1920,1080,False,2022-01-18T14:12:25.4000512+01:00
False,16,1920,1080,U8,3,1920,1080,5760,818810960,0,0,0,1920,1080,False,2022-01-18T14:12:25.4337792+01:00
False,16,1920,1080,U8,3,1920,1080,5760,825106512,0,0,0,1920,1080,False,2022-01-18T14:12:25.4676096+01:00
False,16,1920,1080,U8,3,1920,1080,5760,799993936,0,0,0,1920,1080,False,2022-01-18T14:12:25.5000192+01:00
False,16,1920,1080,U8,3,1920,1080,5760,831426640,0,0,0,1920,1080,False,2022-01-18T14:12:25.5330048+01:00
False,16,1920,1080,U8,3,1920,1080,5760,844488784,0,0,0,1920,1080,False,2022-01-18T14:12:25.5663744+01:00
False,16,1920,1080,U8,3,1920,1080,5760,850763856,0,0,0,1920,1080,False,2022-01-18T14:12:25.6006784+01:00
False,16,1920,1080,U8,3,1920,1080,5760,988020816,0,0,0,1920,1080,False,2022-01-18T14:12:25.6339328+01:00
False,16,1920,1080,U8,3,1920,1080,5760,799989840,0,0,0,1920,1080,False,2022-01-18T14:12:25.6666752+01:00
False,16,1920,1080,U8,3,1920,1080,5760,831397968,0,0,0,1920,1080,False,2022-01-18T14:12:25.7002240+01:00
False,16,1920,1080,U8,3,1920,1080,5760,844451920,0,0,0,1920,1080,False,2022-01-18T14:12:25.7343360+01:00
False,16,1920,1080,U8,3,1920,1080,5760,799993936,0,0,0,1920,1080,False,2022-01-18T14:12:25.7665024+01:00
False,16,1920,1080,U8,3,1920,1080,5760,806223952,0,0,0,1920,1080,False,2022-01-18T14:12:25.7999104+01:00
False,16,1920,1080,U8,3,1920,1080,5760,812466256,0,0,0,1920,1080,False,2022-01-18T14:12:25.8347776+01:00
False,16,1920,1080,U8,3,1920,1080,5760,799948880,0,0,0,1920,1080,False,2022-01-18T14:12:25.8664448+01:00
False,16,1920,1080,U8,3,1920,1080,5760,818745424,0,0,0,1920,1080,False,2022-01-18T14:12:25.8998784+01:00
False,16,1920,1080,U8,3,1920,1080,5760,825086032,0,0,0,1920,1080,False,2022-01-18T14:12:25.9330688+01:00
False,16,1920,1080,U8,3,1920,1080,5760,799940688,0,0,0,1920,1080,False,2022-01-18T14:12:25.9671680+01:00
False,16,1920,1080,U8,3,1920,1080,5760,831377488,0,0,0,1920,1080,False,2022-01-18T14:12:26.0000128+01:00
False,16,1920,1080,U8,3,1920,1080,5760,844476496,0,0,0,1920,1080,False,2022-01-18T14:12:26.0325120+01:00
False,16,1920,1080,U8,3,1920,1080,5760,850755664,0,0,0,1920,1080,False,2022-01-18T14:12:26.0657536+01:00
False,16,1920,1080,U8,3,1920,1080,5760,988053584,0,0,0,1920,1080,False,2022-01-18T14:12:26.1003648+01:00
False,16,1920,1080,U8,3,1920,1080,5760,799961168,0,0,0,1920,1080,False,2022-01-18T14:12:26.1323392+01:00
False,16,1920,1080,U8,3,1920,1080,5760,831336528,0,0,0,1920,1080,False,2022-01-18T14:12:26.1665792+01:00
False,16,1920,1080,U8,3,1920,1080,5760,844439632,0,0,0,1920,1080,False,2022-01-18T14:12:26.2002304+01:00
False,16,1920,1080,U8,3,1920,1080,5760,799948880,0,0,0,1920,1080,False,2022-01-18T14:12:26.2332160+01:00
False,16,1920,1080,U8,3,1920,1080,5760,994320464,0,0,0,1920,1080,False,2022-01-18T14:12:26.2668928+01:00
False,16,1920,1080,U8,3,1920,1080,5760,1000636496,0,0,0,1920,1080,False,2022-01-18T14:12:26.2997248+01:00
False,16,1920,1080,U8,3,1920,1080,5760,1149919312,0,0,0,1920,1080,False,2022-01-18T14:12:26.3342336+01:00
False,16,1920,1080,U8,3,1920,1080,5760,1156227152,0,0,0,1920,1080,False,2022-01-18T14:12:26.3671808+01:00
False,16,1920,1080,U8,3,1920,1080,5760,799957072,0,0,0,1920,1080,False,2022-01-18T14:12:26.3994624+01:00
False,16,1920,1080,U8,3,1920,1080,5760,994349136,0,0,0,1920,1080,False,2022-01-18T14:12:26.4328960+01:00
False,16,1920,1080,U8,3,1920,1080,5760,1000665168,0,0,0,1920,1080,False,2022-01-18T14:12:26.4673024+01:00
False,16,1920,1080,U8,3,1920,1080,5760,799981648,0,0,0,1920,1080,False,2022-01-18T14:12:26.5002368+01:00
False,16,1920,1080,U8,3,1920,1080,5760,1162530896,0,0,0,1920,1080,False,2022-01-18T14:12:26.5327872+01:00
False,16,1920,1080,U8,3,1920,1080,5760,1168789584,0,0,0,1920,1080,False,2022-01-18T14:12:26.5658240+01:00
False,16,1920,1080,U8,3,1920,1080,5760,1175064656,0,0,0,1920,1080,False,2022-01-18T14:12:26.5998080+01:00
False,16,1920,1080,U8,3,1920,1080,5760,1181376592,0,0,0,1920,1080,False,2022-01-18T14:12:26.6337408+01:00
False,16,1920,1080,U8,3,1920,1080,5760,799969360,0,0,0,1920,1080,False,2022-01-18T14:12:26.6664704+01:00
False,16,1920,1080,U8,3,1920,1080,5760,1162481744,0,0,0,1920,1080,False,2022-01-18T14:12:26.6995968+01:00
False,16,1920,1080,U8,3,1920,1080,5760,1168805968,0,0,0,1920,1080,False,2022-01-18T14:12:26.7327104+01:00
False,16,1920,1080,U8,3,1920,1080,5760,799989840,0,0,0,1920,1080,False,2022-01-18T14:12:26.7654784+01:00
False,16,1920,1080,U8,3,1920,1080,5760,1187676240,0,0,0,1920,1080,False,2022-01-18T14:12:26.7992320+01:00
False,16,1920,1080,U8,3,1920,1080,5760,1193979984,0,0,0,1920,1080,False,2022-01-18T14:12:26.8321536+01:00
False,16,1920,1080,U8,3,1920,1080,5760,1200271440,0,0,0,1920,1080,False,2022-01-18T14:12:26.8669056+01:00
False,16,1920,1080,U8,3,1920,1080,5760,1206534224,0,0,0,1920,1080,False,2022-01-18T14:12:26.8998912+01:00
False,16,1920,1080,U8,3,1920,1080,5760,799977552,0,0,0,1920,1080,False,2022-01-18T14:12:26.9319936+01:00
False,16,1920,1080,U8,3,1920,1080,5760,1187700816,0,0,0,1920,1080,False,2022-01-18T14:12:26.9651712+01:00
False,16,1920,1080,U8,3,1920,1080,5760,1193971792,0,0,0,1920,1080,False,2022-01-18T14:12:26.9992320+01:00
False,16,1920,1080,U8,3,1920,1080,5760,799993936,0,0,0,1920,1080,False,2022-01-18T14:12:27.0323840+01:00
False,16,1920,1080,U8,3,1920,1080,5760,1212854352,0,0,0,1920,1080,False,2022-01-18T14:12:27.0653440+01:00
False,16,1920,1080,U8,3,1920,1080,5760,1219100752,0,0,0,1920,1080,False,2022-01-18T14:12:27.0994944+01:00
False,16,1920,1080,U8,3,1920,1080,5760,1225347152,0,0,0,1920,1080,False,2022-01-18T14:12:27.1329920+01:00
False,16,1920,1080,U8,3,1920,1080,5760,1231671376,0,0,0,1920,1080,False,2022-01-18T14:12:27.1670528+01:00
False,16,1920,1080,U8,3,1920,1080,5760,799977552,0,0,0,1920,1080,False,2022-01-18T14:12:27.1991680+01:00
False,16,1920,1080,U8,3,1920,1080,5760,1212829776,0,0,0,1920,1080,False,2022-01-18T14:12:27.2319872+01:00
False,16,1920,1080,U8,3,1920,1080,5760,1237946448,0,0,0,1920,1080,False,2022-01-18T14:12:27.2663424+01:00
False,16,1920,1080,U8,3,1920,1080,5760,799985744,0,0,0,1920,1080,False,2022-01-18T14:12:27.2992384+01:00
False,16,1920,1080,U8,3,1920,1080,5760,1244233808,0,0,0,1920,1080,False,2022-01-18T14:12:27.3321856+01:00
False,16,1920,1080,U8,3,1920,1080,5760,1250508880,0,0,0,1920,1080,False,2022-01-18T14:12:27.3659520+01:00
False,16,1920,1080,U8,3,1920,1080,5760,1256837200,0,0,0,1920,1080,False,2022-01-18T14:12:27.3994368+01:00
False,16,1920,1080,U8,3,1920,1080,5760,1263079504,0,0,0,1920,1080,False,2022-01-18T14:12:27.4338816+01:00
False,16,1920,1080,U8,3,1920,1080,5760,799932496,0,0,0,1920,1080,False,2022-01-18T14:12:27.4664960+01:00
False,16,1920,1080,U8,3,1920,1080,5760,1244237904,0,0,0,1920,1080,False,2022-01-18T14:12:27.4991232+01:00
False,16,1920,1080,U8,3,1920,1080,5760,1250549840,0,0,0,1920,1080,False,2022-01-18T14:12:27.5333760+01:00
False,16,1920,1080,U8,3,1920,1080,5760,799940688,0,0,0,1920,1080,False,2022-01-18T14:12:27.5664640+01:00
False,16,1920,1080,U8,3,1920,1080,5760,1219100752,0,0,0,1920,1080,False,2022-01-18T14:12:27.5993088+01:00
False,16,1920,1080,U8,3,1920,1080,5760,1269424208,0,0,0,1920,1080,False,2022-01-18T14:12:27.6333056+01:00
False,16,1920,1080,U8,3,1920,1080,5760,1275678800,0,0,0,1920,1080,False,2022-01-18T14:12:27.6661504+01:00
False,16,1920,1080,U8,3,1920,1080,5760,1281986640,0,0,0,1920,1080,False,2022-01-18T14:12:27.7002240+01:00
False,16,1920,1080,U8,3,1920,1080,5760,799932496,0,0,0,1920,1080,False,2022-01-18T14:12:27.7322368+01:00
False,16,1920,1080,U8,3,1920,1080,5760,1269420112,0,0,0,1920,1080,False,2022-01-18T14:12:27.7663616+01:00
False,16,1920,1080,U8,3,1920,1080,5760,1288302672,0,0,0,1920,1080,False,2022-01-18T14:12:27.8013056+01:00
False,16,1920,1080,U8,3,1920,1080,5760,799989840,0,0,0,1920,1080,False,2022-01-18T14:12:27.8338816+01:00
False,16,1920,1080,U8,3,1920,1080,5760,1294565456,0,0,0,1920,1080,False,2022-01-18T14:12:27.8674048+01:00
False,16,1920,1080,U8,3,1920,1080,5760,1300836432,0,0,0,1920,1080,False,2022-01-18T14:12:27.9007616+01:00
False,16,1920,1080,U8,3,1920,1080,5760,1307119696,0,0,0,1920,1080,False,2022-01-18T14:12:27.9344128+01:00
False,16,1920,1080,U8,3,1920,1080,5760,1313460304,0,0,0,1920,1080,False,2022-01-18T14:12:27.9683328+01:00
False,16,1920,1080,U8,3,1920,1080,5760,799993936,0,0,0,1920,1080,False,2022-01-18T14:12:28.0007040+01:00
False,16,1920,1080,U8,3,1920,1080,5760,1294594128,0,0,0,1920,1080,False,2022-01-18T14:12:28.0335616+01:00
False,16,1920,1080,U8,3,1920,1080,5760,1300848720,0,0,0,1920,1080,False,2022-01-18T14:12:28.0678656+01:00
False,16,1920,1080,U8,3,1920,1080,5760,799952976,0,0,0,1920,1080,False,2022-01-18T14:12:28.1010560+01:00
False,16,1920,1080,U8,3,1920,1080,5760,1319706704,0,0,0,1920,1080,False,2022-01-18T14:12:28.1335040+01:00
False,16,1920,1080,U8,3,1920,1080,5760,1326002256,0,0,0,1920,1080,False,2022-01-18T14:12:28.1676928+01:00
False,16,1920,1080,U8,3,1920,1080,5760,1332334672,0,0,0,1920,1080,False,2022-01-18T14:12:28.2009344+01:00
False,16,1920,1080,U8,3,1920,1080,5760,1338626128,0,0,0,1920,1080,False,2022-01-18T14:12:28.2355584+01:00
False,16,1920,1080,U8,3,1920,1080,5760,799961168,0,0,0,1920,1080,False,2022-01-18T14:12:28.2676992+01:00
False,16,1920,1080,U8,3,1920,1080,5760,1319747664,0,0,0,1920,1080,False,2022-01-18T14:12:28.3008896+01:00
False,16,1920,1080,U8,3,1920,1080,5760,1326051408,0,0,0,1920,1080,False,2022-01-18T14:12:28.3338624+01:00
False,16,1920,1080,U8,3,1920,1080,5760,799952976,0,0,0,1920,1080,False,2022-01-18T14:12:28.3678848+01:00
False,16,1920,1080,U8,3,1920,1080,5760,1344909392,0,0,0,1920,1080,False,2022-01-18T14:12:28.4009984+01:00
False,16,1920,1080,U8,3,1920,1080,5760,1351200848,0,0,0,1920,1080,False,2022-01-18T14:12:28.4343552+01:00
False,16,1920,1080,U8,3,1920,1080,5760,1357508688,0,0,0,1920,1080,False,2022-01-18T14:12:28.4678272+01:00
False,16,1920,1080,U8,3,1920,1080,5760,1363746896,0,0,0,1920,1080,False,2022-01-18T14:12:28.5012864+01:00
False,16,1920,1080,U8,3,1920,1080,5760,799944784,0,0,0,1920,1080,False,2022-01-18T14:12:28.5332608+01:00
False,16,1920,1080,U8,3,1920,1080,5760,1344888912,0,0,0,1920,1080,False,2022-01-18T14:12:28.5680384+01:00
False,16,1920,1080,U8,3,1920,1080,5760,1351192656,0,0,0,1920,1080,False,2022-01-18T14:12:28.6008576+01:00
False,16,1920,1080,U8,3,1920,1080,5760,799932496,0,0,0,1920,1080,False,2022-01-18T14:12:28.6334464+01:00
False,16,1920,1080,U8,3,1920,1080,5760,1370079312,0,0,0,1920,1080,False,2022-01-18T14:12:28.6678912+01:00
False,16,1920,1080,U8,3,1920,1080,5760,1376346192,0,0,0,1920,1080,False,2022-01-18T14:12:28.7003904+01:00
False,16,1920,1080,U8,3,1920,1080,5760,1382641744,0,0,0,1920,1080,False,2022-01-18T14:12:28.7334400+01:00
False,16,1920,1080,U8,3,1920,1080,5760,1388933200,0,0,0,1920,1080,False,2022-01-18T14:12:28.7674752+01:00
False,16,1920,1080,U8,3,1920,1080,5760,799993936,0,0,0,1920,1080,False,2022-01-18T14:12:28.8004608+01:00
False,16,1920,1080,U8,3,1920,1080,5760,1370042448,0,0,0,1920,1080,False,2022-01-18T14:12:28.8331136+01:00
False,16,1920,1080,U8,3,1920,1080,5760,1376354384,0,0,0,1920,1080,False,2022-01-18T14:12:28.8687232+01:00
False,16,1920,1080,U8,3,1920,1080,5760,799932496,0,0,0,1920,1080,False,2022-01-18T14:12:28.9007616+01:00
False,16,1920,1080,U8,3,1920,1080,5760,1395204176,0,0,0,1920,1080,False,2022-01-18T14:12:28.9335296+01:00
False,16,1920,1080,U8,3,1920,1080,5760,1219100752,0,0,0,1920,1080,False,2022-01-18T14:12:28.9675904+01:00
False,16,1920,1080,U8,3,1920,1080,5760,1401503824,0,0,0,1920,1080,False,2022-01-18T14:12:29.0007808+01:00
False,16,1920,1080,U8,3,1920,1080,5760,1407778896,0,0,0,1920,1080,False,2022-01-18T14:12:29.0347776+01:00
False,16,1920,1080,U8,3,1920,1080,5760,799981648,0,0,0,1920,1080,False,2022-01-18T14:12:29.0675328+01:00
False,16,1920,1080,U8,3,1920,1080,5760,1395224656,0,0,0,1920,1080,False,2022-01-18T14:12:29.1006592+01:00
False,16,1920,1080,U8,3,1920,1080,5760,1414045776,0,0,0,1920,1080,False,2022-01-18T14:12:29.1341568+01:00
False,16,1920,1080,U8,3,1920,1080,5760,799940688,0,0,0,1920,1080,False,2022-01-18T14:12:29.1681280+01:00
False,16,1920,1080,U8,3,1920,1080,5760,1420308560,0,0,0,1920,1080,False,2022-01-18T14:12:29.2008192+01:00
False,16,1920,1080,U8,3,1920,1080,5760,1426620496,0,0,0,1920,1080,False,2022-01-18T14:12:29.2336640+01:00
False,16,1920,1080,U8,3,1920,1080,5760,1432895568,0,0,0,1920,1080,False,2022-01-18T14:12:29.2676736+01:00
False,16,1920,1080,U8,3,1920,1080,5760,1439219792,0,0,0,1920,1080,False,2022-01-18T14:12:29.3016576+01:00
False,16,1920,1080,U8,3,1920,1080,5760,799977552,0,0,0,1920,1080,False,2022-01-18T14:12:29.3350400+01:00
False,16,1920,1080,U8,3,1920,1080,5760,1420304464,0,0,0,1920,1080,False,2022-01-18T14:12:29.3680128+01:00
False,16,1920,1080,U8,3,1920,1080,5760,1426612304,0,0,0,1920,1080,False,2022-01-18T14:12:29.4010624+01:00
False,16,1920,1080,U8,3,1920,1080,5760,799973456,0,0,0,1920,1080,False,2022-01-18T14:12:29.4346880+01:00
False,16,1920,1080,U8,3,1920,1080,5760,1445515344,0,0,0,1920,1080,False,2022-01-18T14:12:29.4675200+01:00
False,16,1920,1080,U8,3,1920,1080,5760,1451798608,0,0,0,1920,1080,False,2022-01-18T14:12:29.5005440+01:00
False,16,1920,1080,U8,3,1920,1080,5760,1458069584,0,0,0,1920,1080,False,2022-01-18T14:12:29.5345152+01:00
False,16,1920,1080,U8,3,1920,1080,5760,1464348752,0,0,0,1920,1080,False,2022-01-18T14:12:29.5685120+01:00
False,16,1920,1080,U8,3,1920,1080,5760,799952976,0,0,0,1920,1080,False,2022-01-18T14:12:29.6008320+01:00
False,16,1920,1080,U8,3,1920,1080,5760,1445511248,0,0,0,1920,1080,False,2022-01-18T14:12:29.6339200+01:00
False,16,1920,1080,U8,3,1920,1080,5760,1451794512,0,0,0,1920,1080,False,2022-01-18T14:12:29.6679424+01:00
False,16,1920,1080,U8,3,1920,1080,5760,799961168,0,0,0,1920,1080,False,2022-01-18T14:12:29.7005568+01:00
False,16,1920,1080,U8,3,1920,1080,5760,1470668880,0,0,0,1920,1080,False,2022-01-18T14:12:29.7332224+01:00
False,16,1920,1080,U8,3,1920,1080,5760,1476931664,0,0,0,1920,1080,False,2022-01-18T14:12:29.7672832+01:00
False,16,1920,1080,U8,3,1920,1080,5760,1483235408,0,0,0,1920,1080,False,2022-01-18T14:12:29.8000256+01:00
False,16,1920,1080,U8,3,1920,1080,5760,1489563728,0,0,0,1920,1080,False,2022-01-18T14:12:29.8356096+01:00
False,16,1920,1080,U8,3,1920,1080,5760,799985744,0,0,0,1920,1080,False,2022-01-18T14:12:29.8664192+01:00
False,16,1920,1080,U8,3,1920,1080,5760,1470648400,0,0,0,1920,1080,False,2022-01-18T14:12:29.9001344+01:00
False,16,1920,1080,U8,3,1920,1080,5760,1476952144,0,0,0,1920,1080,False,2022-01-18T14:12:29.9345280+01:00
False,16,1920,1080,U8,3,1920,1080,5760,799989840,0,0,0,1920,1080,False,2022-01-18T14:12:29.9673600+01:00
False,16,1920,1080,U8,3,1920,1080,5760,1495842896,0,0,0,1920,1080,False,2022-01-18T14:12:30.0004352+01:00
False,16,1920,1080,U8,3,1920,1080,5760,1502089296,0,0,0,1920,1080,False,2022-01-18T14:12:30.0332416+01:00
False,16,1920,1080,U8,3,1920,1080,5760,1508409424,0,0,0,1920,1080,False,2022-01-18T14:12:30.0669440+01:00
False,16,1920,1080,U8,3,1920,1080,5760,1514713168,0,0,0,1920,1080,False,2022-01-18T14:12:30.1011584+01:00
False,16,1920,1080,U8,3,1920,1080,5760,799993936,0,0,0,1920,1080,False,2022-01-18T14:12:30.1334272+01:00
False,16,1920,1080,U8,3,1920,1080,5760,1495806032,0,0,0,1920,1080,False,2022-01-18T14:12:30.1663360+01:00
False,16,1920,1080,U8,3,1920,1080,5760,1502117968,0,0,0,1920,1080,False,2022-01-18T14:12:30.2005376+01:00
False,16,1920,1080,U8,3,1920,1080,5760,799940688,0,0,0,1920,1080,False,2022-01-18T14:12:30.2333696+01:00
False,16,1920,1080,U8,3,1920,1080,5760,1521000528,0,0,0,1920,1080,False,2022-01-18T14:12:30.2668416+01:00
False,16,1920,1080,U8,3,1920,1080,5760,1527255120,0,0,0,1920,1080,False,2022-01-18T14:12:30.2999936+01:00
False,16,1920,1080,U8,3,1920,1080,5760,1533599824,0,0,0,1920,1080,False,2022-01-18T14:12:30.3339648+01:00
False,16,1920,1080,U8,3,1920,1080,5760,1539862608,0,0,0,1920,1080,False,2022-01-18T14:12:30.3682944+01:00
False,16,1920,1080,U8,3,1920,1080,5760,799944784,0,0,0,1920,1080,False,2022-01-18T14:12:30.4002816+01:00
False,16,1920,1080,U8,3,1920,1080,5760,1520971856,0,0,0,1920,1080,False,2022-01-18T14:12:30.4344192+01:00
False,16,1920,1080,U8,3,1920,1080,5760,1527271504,0,0,0,1920,1080,False,2022-01-18T14:12:30.4668160+01:00
False,16,1920,1080,U8,3,1920,1080,5760,799993936,0,0,0,1920,1080,False,2022-01-18T14:12:30.5002624+01:00
False,16,1920,1080,U8,3,1920,1080,5760,1546182736,0,0,0,1920,1080,False,2022-01-18T14:12:30.5344768+01:00
False,16,1920,1080,U8,3,1920,1080,5760,1552470096,0,0,0,1920,1080,False,2022-01-18T14:12:30.5663360+01:00
False,16,1920,1080,U8,3,1920,1080,5760,1558728784,0,0,0,1920,1080,False,2022-01-18T14:12:30.5994496+01:00
False,16,1920,1080,U8,3,1920,1080,5760,1565044816,0,0,0,1920,1080,False,2022-01-18T14:12:30.6354816+01:00
False,16,1920,1080,U8,3,1920,1080,5760,1546158160,0,0,0,1920,1080,False,2022-01-18T14:12:30.6672640+01:00
False,16,1920,1080,U8,3,1920,1080,5760,1552453712,0,0,0,1920,1080,False,2022-01-18T14:12:30.7005440+01:00
False,16,1920,1080,U8,3,1920,1080,5760,1571307600,0,0,0,1920,1080,False,2022-01-18T14:12:30.7337728+01:00
False,16,1920,1080,U8,3,1920,1080,5760,1546133584,0,0,0,1920,1080,False,2022-01-18T14:12:30.7665280+01:00
False,16,1920,1080,U8,3,1920,1080,5760,1577599056,0,0,0,1920,1080,False,2022-01-18T14:12:30.8000768+01:00
False,16,1920,1080,U8,3,1920,1080,5760,1583923280,0,0,0,1920,1080,False,2022-01-18T14:12:30.8332800+01:00
False,16,1920,1080,U8,3,1920,1080,5760,1590190160,0,0,0,1920,1080,False,2022-01-18T14:12:30.8666880+01:00
False,16,1920,1080,U8,3,1920,1080,5760,1596510288,0,0,0,1920,1080,False,2022-01-18T14:12:30.9016960+01:00
False,16,1920,1080,U8,3,1920,1080,5760,1546129488,0,0,0,1920,1080,False,2022-01-18T14:12:30.9343616+01:00
False,16,1920,1080,U8,3,1920,1080,5760,1577644112,0,0,0,1920,1080,False,2022-01-18T14:12:30.9684480+01:00
False,16,1920,1080,U8,3,1920,1080,5760,1583919184,0,0,0,1920,1080,False,2022-01-18T14:12:31.0017152+01:00
False,16,1920,1080,U8,3,1920,1080,5760,1546129488,0,0,0,1920,1080,False,2022-01-18T14:12:31.0340352+01:00
False,16,1920,1080,U8,3,1920,1080,5760,1602801744,0,0,0,1920,1080,False,2022-01-18T14:12:31.0671104+01:00
False,16,1920,1080,U8,3,1920,1080,5760,1609052240,0,0,0,1920,1080,False,2022-01-18T14:12:31.1014016+01:00
False,16,1920,1080,U8,3,1920,1080,5760,1615347792,0,0,0,1920,1080,False,2022-01-18T14:12:31.1353984+01:00
False,16,1920,1080,U8,3,1920,1080,5760,1621667920,0,0,0,1920,1080,False,2022-01-18T14:12:31.1691776+01:00
False,16,1920,1080,U8,3,1920,1080,5760,1546178640,0,0,0,1920,1080,False,2022-01-18T14:12:31.2010240+01:00
False,16,1920,1080,U8,3,1920,1080,5760,1602809936,0,0,0,1920,1080,False,2022-01-18T14:12:31.2350336+01:00
False,16,1920,1080,U8,3,1920,1080,5760,1609085008,0,0,0,1920,1080,False,2022-01-18T14:12:31.2684544+01:00
False,16,1920,1080,U8,3,1920,1080,5760,1546182736,0,0,0,1920,1080,False,2022-01-18T14:12:31.3010176+01:00
False,16,1920,1080,U8,3,1920,1080,5760,1627951184,0,0,0,1920,1080,False,2022-01-18T14:12:31.3341440+01:00
False,16,1920,1080,U8,3,1920,1080,5760,1634267216,0,0,0,1920,1080,False,2022-01-18T14:12:31.3679872+01:00
False,16,1920,1080,U8,3,1920,1080,5760,1640530000,0,0,0,1920,1080,False,2022-01-18T14:12:31.4010624+01:00
False,16,1920,1080,U8,3,1920,1080,5760,1646792784,0,0,0,1920,1080,False,2022-01-18T14:12:31.4351232+01:00
False,16,1920,1080,U8,3,1920,1080,5760,1546182736,0,0,0,1920,1080,False,2022-01-18T14:12:31.4671488+01:00
False,16,1920,1080,U8,3,1920,1080,5760,1627926608,0,0,0,1920,1080,False,2022-01-18T14:12:31.5010688+01:00
False,16,1920,1080,U8,3,1920,1080,5760,1634259024,0,0,0,1920,1080,False,2022-01-18T14:12:31.5345152+01:00
False,16,1920,1080,U8,3,1920,1080,5760,1546178640,0,0,0,1920,1080,False,2022-01-18T14:12:31.5670912+01:00
False,16,1920,1080,U8,3,1920,1080,5760,1653129296,0,0,0,1920,1080,False,2022-01-18T14:12:31.6011008+01:00
False,16,1920,1080,U8,3,1920,1080,5760,1659392080,0,0,0,1920,1080,False,2022-01-18T14:12:31.6338816+01:00
False,16,1920,1080,U8,3,1920,1080,5760,1665704016,0,0,0,1920,1080,False,2022-01-18T14:12:31.6672128+01:00
False,16,1920,1080,U8,3,1920,1080,5760,1219100752,0,0,0,1920,1080,False,2022-01-18T14:12:31.7000320+01:00
False,16,1920,1080,U8,3,1920,1080,5760,1671958608,0,0,0,1920,1080,False,2022-01-18T14:12:31.7355648+01:00
False,16,1920,1080,U8,3,1920,1080,5760,1546149968,0,0,0,1920,1080,False,2022-01-18T14:12:31.7671040+01:00
False,16,1920,1080,U8,3,1920,1080,5760,1653080144,0,0,0,1920,1080,False,2022-01-18T14:12:31.8010112+01:00
False,16,1920,1080,U8,3,1920,1080,5760,1659334736,0,0,0,1920,1080,False,2022-01-18T14:12:31.8339328+01:00
False,16,1920,1080,U8,3,1920,1080,5760,1665613904,0,0,0,1920,1080,False,2022-01-18T14:12:31.8677248+01:00
False,16,1920,1080,U8,3,1920,1080,5760,1546158160,0,0,0,1920,1080,False,2022-01-18T14:12:31.9012224+01:00
False,16,1920,1080,U8,3,1920,1080,5760,1678258256,0,0,0,1920,1080,False,2022-01-18T14:12:31.9340800+01:00
False,16,1920,1080,U8,3,1920,1080,5760,1684553808,0,0,0,1920,1080,False,2022-01-18T14:12:31.9671168+01:00
False,16,1920,1080,U8,3,1920,1080,5760,1653080144,0,0,0,1920,1080,False,2022-01-18T14:12:32.0002560+01:00
False,16,1920,1080,U8,3,1920,1080,5760,1690861648,0,0,0,1920,1080,False,2022-01-18T14:12:32.0351744+01:00
False,16,1920,1080,U8,3,1920,1080,5760,1697132624,0,0,0,1920,1080,False,2022-01-18T14:12:32.0672384+01:00
False,16,1920,1080,U8,3,1920,1080,5760,1703415888,0,0,0,1920,1080,False,2022-01-18T14:12:32.1011328+01:00
False,16,1920,1080,U8,3,1920,1080,5760,1709756496,0,0,0,1920,1080,False,2022-01-18T14:12:32.1342720+01:00
False,16,1920,1080,U8,3,1920,1080,5760,1734189136,0,0,0,1920,1080,False,2022-01-18T14:12:32.1673344+01:00
False,16,1920,1080,U8,3,1920,1080,5760,1740492880,0,0,0,1920,1080,False,2022-01-18T14:12:32.2013440+01:00
False,16,1920,1080,U8,3,1920,1080,5760,1746743376,0,0,0,1920,1080,False,2022-01-18T14:12:32.2342016+01:00
False,16,1920,1080,U8,3,1920,1080,5760,1753059408,0,0,0,1920,1080,False,2022-01-18T14:12:32.2686336+01:00
False,16,1920,1080,U8,3,1920,1080,5760,994340944,0,0,0,1920,1080,False,2022-01-18T14:12:32.3048832+01:00
False,16,1920,1080,U8,3,1920,1080,5760,806187088,0,0,0,1920,1080,False,2022-01-18T14:12:32.3397760+01:00
False,16,1920,1080,U8,3,1920,1080,5760,812486736,0,0,0,1920,1080,False,2022-01-18T14:12:32.3695488+01:00
False,16,1920,1080,U8,3,1920,1080,5760,818741328,0,0,0,1920,1080,False,2022-01-18T14:12:32.4016896+01:00
False,16,1920,1080,U8,3,1920,1080,5760,825000016,0,0,0,1920,1080,False,2022-01-18T14:12:32.4354944+01:00
False,16,1920,1080,U8,3,1920,1080,5760,831295568,0,0,0,1920,1080,False,2022-01-18T14:12:32.4668288+01:00
False,16,1920,1080,U8,3,1920,1080,5760,844451920,0,0,0,1920,1080,False,2022-01-18T14:12:32.4997632+01:00
False,16,1920,1080,U8,3,1920,1080,5760,850784336,0,0,0,1920,1080,False,2022-01-18T14:12:32.5343104+01:00
False,16,1920,1080,U8,3,1920,1080,5760,988061776,0,0,0,1920,1080,False,2022-01-18T14:12:32.5669120+01:00
False,16,1920,1080,U8,3,1920,1080,5760,1000656976,0,0,0,1920,1080,False,2022-01-18T14:12:32.6012160+01:00
False,16,1920,1080,U8,3,1920,1080,5760,1149907024,0,0,0,1920,1080,False,2022-01-18T14:12:32.6356608+01:00
False,16,1920,1080,U8,3,1920,1080,5760,1156243536,0,0,0,1920,1080,False,2022-01-18T14:12:32.6692992+01:00
False,16,1920,1080,U8,3,1920,1080,5760,824983632,0,0,0,1920,1080,False,2022-01-18T14:12:32.7012608+01:00
False,16,1920,1080,U8,3,1920,1080,5760,831270992,0,0,0,1920,1080,False,2022-01-18T14:12:32.7347072+01:00
False,16,1920,1080,U8,3,1920,1080,5760,806191184,0,0,0,1920,1080,False,2022-01-18T14:12:32.7674880+01:00
False,16,1920,1080,U8,3,1920,1080,5760,812482640,0,0,0,1920,1080,False,2022-01-18T14:12:32.8008320+01:00
False,16,1920,1080,U8,3,1920,1080,5760,818782288,0,0,0,1920,1080,False,2022-01-18T14:12:32.8343680+01:00
False,16,1920,1080,U8,3,1920,1080,5760,844443728,0,0,0,1920,1080,False,2022-01-18T14:12:32.8673280+01:00
False,16,1920,1080,U8,3,1920,1080,5760,812490832,0,0,0,1920,1080,False,2022-01-18T14:12:32.9011200+01:00
False,16,1920,1080,U8,3,1920,1080,5760,850784336,0,0,0,1920,1080,False,2022-01-18T14:12:32.9339264+01:00
False,16,1920,1080,U8,3,1920,1080,5760,988041296,0,0,0,1920,1080,False,2022-01-18T14:12:32.9682176+01:00
False,16,1920,1080,U8,3,1920,1080,5760,994369616,0,0,0,1920,1080,False,2022-01-18T14:12:33.0009344+01:00
False,16,1920,1080,U8,3,1920,1080,5760,1000632400,0,0,0,1920,1080,False,2022-01-18T14:12:33.0347392+01:00
False,16,1920,1080,U8,3,1920,1080,5760,812507216,0,0,0,1920,1080,False,2022-01-18T14:12:33.0668032+01:00
False,16,1920,1080,U8,3,1920,1080,5760,850776144,0,0,0,1920,1080,False,2022-01-18T14:12:33.1009792+01:00
False,16,1920,1080,U8,3,1920,1080,5760,988065872,0,0,0,1920,1080,False,2022-01-18T14:12:33.1347200+01:00
False,16,1920,1080,U8,3,1920,1080,5760,806158416,0,0,0,1920,1080,False,2022-01-18T14:12:33.1672960+01:00
False,16,1920,1080,U8,3,1920,1080,5760,812413008,0,0,0,1920,1080,False,2022-01-18T14:12:33.2000256+01:00
False,16,1920,1080,U8,3,1920,1080,5760,818675792,0,0,0,1920,1080,False,2022-01-18T14:12:33.2348288+01:00
False,16,1920,1080,U8,3,1920,1080,5760,806158416,0,0,0,1920,1080,False,2022-01-18T14:12:33.2668544+01:00
False,16,1920,1080,U8,3,1920,1080,5760,824922192,0,0,0,1920,1080,False,2022-01-18T14:12:33.3010944+01:00
False,16,1920,1080,U8,3,1920,1080,5760,831217744,0,0,0,1920,1080,False,2022-01-18T14:12:33.3341440+01:00
False,16,1920,1080,U8,3,1920,1080,5760,844472400,0,0,0,1920,1080,False,2022-01-18T14:12:33.3673600+01:00
False,16,1920,1080,U8,3,1920,1080,5760,850772048,0,0,0,1920,1080,False,2022-01-18T14:12:33.4009344+01:00
False,16,1920,1080,U8,3,1920,1080,5760,988053584,0,0,0,1920,1080,False,2022-01-18T14:12:33.4334464+01:00
False,16,1920,1080,U8,3,1920,1080,5760,994373712,0,0,0,1920,1080,False,2022-01-18T14:12:33.4676864+01:00
False,16,1920,1080,U8,3,1920,1080,5760,1000661072,0,0,0,1920,1080,False,2022-01-18T14:12:33.5010688+01:00
False,16,1920,1080,U8,3,1920,1080,5760,844443728,0,0,0,1920,1080,False,2022-01-18T14:12:33.5340672+01:00
False,16,1920,1080,U8,3,1920,1080,5760,850735184,0,0,0,1920,1080,False,2022-01-18T14:12:33.5683712+01:00
False,16,1920,1080,U8,3,1920,1080,5760,988065872,0,0,0,1920,1080,False,2022-01-18T14:12:33.6012416+01:00
False,16,1920,1080,U8,3,1920,1080,5760,806166608,0,0,0,1920,1080,False,2022-01-18T14:12:33.6342656+01:00
False,16,1920,1080,U8,3,1920,1080,5760,812458064,0,0,0,1920,1080,False,2022-01-18T14:12:33.6695168+01:00
False,16,1920,1080,U8,3,1920,1080,5760,818790480,0,0,0,1920,1080,False,2022-01-18T14:12:33.7012608+01:00
False,16,1920,1080,U8,3,1920,1080,5760,806207568,0,0,0,1920,1080,False,2022-01-18T14:12:33.7346176+01:00
False,16,1920,1080,U8,3,1920,1080,5760,825061456,0,0,0,1920,1080,False,2022-01-18T14:12:33.7669632+01:00
False,16,1920,1080,U8,3,1920,1080,5760,831373392,0,0,0,1920,1080,False,2022-01-18T14:12:33.8005888+01:00
False,16,1920,1080,U8,3,1920,1080,5760,806203472,0,0,0,1920,1080,False,2022-01-18T14:12:33.8347904+01:00
False,16,1920,1080,U8,3,1920,1080,5760,844480592,0,0,0,1920,1080,False,2022-01-18T14:12:33.8688256+01:00
False,16,1920,1080,U8,3,1920,1080,5760,850776144,0,0,0,1920,1080,False,2022-01-18T14:12:33.9014656+01:00
False,16,1920,1080,U8,3,1920,1080,5760,988065872,0,0,0,1920,1080,False,2022-01-18T14:12:33.9345408+01:00
False,16,1920,1080,U8,3,1920,1080,5760,994336848,0,0,0,1920,1080,False,2022-01-18T14:12:33.9680768+01:00
False,16,1920,1080,U8,3,1920,1080,5760,806195280,0,0,0,1920,1080,False,2022-01-18T14:12:34.0010752+01:00
False,16,1920,1080,U8,3,1920,1080,5760,844484688,0,0,0,1920,1080,False,2022-01-18T14:12:34.0342272+01:00
False,16,1920,1080,U8,3,1920,1080,5760,850772048,0,0,0,1920,1080,False,2022-01-18T14:12:34.0680192+01:00
False,16,1920,1080,U8,3,1920,1080,5760,806195280,0,0,0,1920,1080,False,2022-01-18T14:12:34.1015424+01:00
False,16,1920,1080,U8,3,1920,1080,5760,812490832,0,0,0,1920,1080,False,2022-01-18T14:12:34.1344000+01:00
False,16,1920,1080,U8,3,1920,1080,5760,818774096,0,0,0,1920,1080,False,2022-01-18T14:12:34.1680256+01:00
False,16,1920,1080,U8,3,1920,1080,5760,806158416,0,0,0,1920,1080,False,2022-01-18T14:12:34.1993472+01:00
False,16,1920,1080,U8,3,1920,1080,5760,825069648,0,0,0,1920,1080,False,2022-01-18T14:12:34.2336000+01:00
False,16,1920,1080,U8,3,1920,1080,5760,831385680,0,0,0,1920,1080,False,2022-01-18T14:12:34.2680704+01:00
False,16,1920,1080,U8,3,1920,1080,5760,806215760,0,0,0,1920,1080,False,2022-01-18T14:12:34.3012352+01:00
False,16,1920,1080,U8,3,1920,1080,5760,844468304,0,0,0,1920,1080,False,2022-01-18T14:12:34.3339008+01:00
False,16,1920,1080,U8,3,1920,1080,5760,850722896,0,0,0,1920,1080,False,2022-01-18T14:12:34.3677440+01:00
False,16,1920,1080,U8,3,1920,1080,5760,988053584,0,0,0,1920,1080,False,2022-01-18T14:12:34.4011776+01:00
False,16,1920,1080,U8,3,1920,1080,5760,994353232,0,0,0,1920,1080,False,2022-01-18T14:12:34.4344448+01:00
False,16,1920,1080,U8,3,1920,1080,5760,806162512,0,0,0,1920,1080,False,2022-01-18T14:12:34.4675328+01:00
False,16,1920,1080,U8,3,1920,1080,5760,844460112,0,0,0,1920,1080,False,2022-01-18T14:12:34.5005184+01:00
False,16,1920,1080,U8,3,1920,1080,5760,850772048,0,0,0,1920,1080,False,2022-01-18T14:12:34.5340800+01:00
False,16,1920,1080,U8,3,1920,1080,5760,806195280,0,0,0,1920,1080,False,2022-01-18T14:12:34.5675264+01:00
False,16,1920,1080,U8,3,1920,1080,5760,812449872,0,0,0,1920,1080,False,2022-01-18T14:12:34.6003328+01:00
False,16,1920,1080,U8,3,1920,1080,5760,818692176,0,0,0,1920,1080,False,2022-01-18T14:12:34.6342784+01:00
False,16,1920,1080,U8,3,1920,1080,5760,806215760,0,0,0,1920,1080,False,2022-01-18T14:12:34.6679168+01:00
False,16,1920,1080,U8,3,1920,1080,5760,825004112,0,0,0,1920,1080,False,2022-01-18T14:12:34.7009152+01:00
False,16,1920,1080,U8,3,1920,1080,5760,831270992,0,0,0,1920,1080,False,2022-01-18T14:12:34.7340928+01:00
False,16,1920,1080,U8,3,1920,1080,5760,806219856,0,0,0,1920,1080,False,2022-01-18T14:12:34.7680384+01:00
False,16,1920,1080,U8,3,1920,1080,5760,844451920,0,0,0,1920,1080,False,2022-01-18T14:12:34.8004736+01:00
False,16,1920,1080,U8,3,1920,1080,5760,850747472,0,0,0,1920,1080,False,2022-01-18T14:12:34.8332032+01:00
False,16,1920,1080,U8,3,1920,1080,5760,988053584,0,0,0,1920,1080,False,2022-01-18T14:12:34.8683264+01:00
False,16,1920,1080,U8,3,1920,1080,5760,994345040,0,0,0,1920,1080,False,2022-01-18T14:12:34.9021440+01:00
False,16,1920,1080,U8,3,1920,1080,5760,806211664,0,0,0,1920,1080,False,2022-01-18T14:12:34.9335936+01:00
False,16,1920,1080,U8,3,1920,1080,5760,844488784,0,0,0,1920,1080,False,2022-01-18T14:12:34.9677824+01:00
False,16,1920,1080,U8,3,1920,1080,5760,850759760,0,0,0,1920,1080,False,2022-01-18T14:12:35.0014208+01:00
False,16,1920,1080,U8,3,1920,1080,5760,806207568,0,0,0,1920,1080,False,2022-01-18T14:12:35.0334464+01:00
False,16,1920,1080,U8,3,1920,1080,5760,812453968,0,0,0,1920,1080,False,2022-01-18T14:12:35.0677248+01:00
False,16,1920,1080,U8,3,1920,1080,5760,818798672,0,0,0,1920,1080,False,2022-01-18T14:12:35.1036928+01:00
False,16,1920,1080,U8,3,1920,1080,5760,806178896,0,0,0,1920,1080,False,2022-01-18T14:12:35.1335168+01:00
False,16,1920,1080,U8,3,1920,1080,5760,825045072,0,0,0,1920,1080,False,2022-01-18T14:12:35.1678592+01:00
False,16,1920,1080,U8,3,1920,1080,5760,831344720,0,0,0,1920,1080,False,2022-01-18T14:12:35.2002304+01:00
False,16,1920,1080,U8,3,1920,1080,5760,806170704,0,0,0,1920,1080,False,2022-01-18T14:12:35.2341888+01:00
False,16,1920,1080,U8,3,1920,1080,5760,844447824,0,0,0,1920,1080,False,2022-01-18T14:12:35.2666240+01:00
False,16,1920,1080,U8,3,1920,1080,5760,850751568,0,0,0,1920,1080,False,2022-01-18T14:12:35.3005312+01:00
False,16,1920,1080,U8,3,1920,1080,5760,988053584,0,0,0,1920,1080,False,2022-01-18T14:12:35.3339776+01:00
False,16,1920,1080,U8,3,1920,1080,5760,994353232,0,0,0,1920,1080,False,2022-01-18T14:12:35.3689984+01:00
False,16,1920,1080,U8,3,1920,1080,5760,806187088,0,0,0,1920,1080,False,2022-01-18T14:12:35.4010752+01:00
False,16,1920,1080,U8,3,1920,1080,5760,844443728,0,0,0,1920,1080,False,2022-01-18T14:12:35.4334080+01:00
False,16,1920,1080,U8,3,1920,1080,5760,850767952,0,0,0,1920,1080,False,2022-01-18T14:12:35.4685056+01:00
False,16,1920,1080,U8,3,1920,1080,5760,806166608,0,0,0,1920,1080,False,2022-01-18T14:12:35.5008128+01:00
False,16,1920,1080,U8,3,1920,1080,5760,812474448,0,0,0,1920,1080,False,2022-01-18T14:12:35.5335552+01:00
False,16,1920,1080,U8,3,1920,1080,5760,818749520,0,0,0,1920,1080,False,2022-01-18T14:12:35.5686912+01:00
False,16,1920,1080,U8,3,1920,1080,5760,806203472,0,0,0,1920,1080,False,2022-01-18T14:12:35.6004736+01:00
False,16,1920,1080,U8,3,1920,1080,5760,825073744,0,0,0,1920,1080,False,2022-01-18T14:12:35.6337536+01:00
False,16,1920,1080,U8,3,1920,1080,5760,831373392,0,0,0,1920,1080,False,2022-01-18T14:12:35.6680704+01:00
False,16,1920,1080,U8,3,1920,1080,5760,806174800,0,0,0,1920,1080,False,2022-01-18T14:12:35.7015808+01:00
False,16,1920,1080,U8,3,1920,1080,5760,844443728,0,0,0,1920,1080,False,2022-01-18T14:12:35.7341568+01:00
False,16,1920,1080,U8,3,1920,1080,5760,850767952,0,0,0,1920,1080,False,2022-01-18T14:12:35.7675008+01:00
False,16,1920,1080,U8,3,1920,1080,5760,988065872,0,0,0,1920,1080,False,2022-01-18T14:12:35.8011520+01:00
False,16,1920,1080,U8,3,1920,1080,5760,994328656,0,0,0,1920,1080,False,2022-01-18T14:12:35.8343040+01:00
False,16,1920,1080,U8,3,1920,1080,5760,806182992,0,0,0,1920,1080,False,2022-01-18T14:12:35.8676736+01:00
False,16,1920,1080,U8,3,1920,1080,5760,844468304,0,0,0,1920,1080,False,2022-01-18T14:12:35.9008384+01:00
False,16,1920,1080,U8,3,1920,1080,5760,850735184,0,0,0,1920,1080,False,2022-01-18T14:12:35.9350016+01:00
False,16,1920,1080,U8,3,1920,1080,5760,806215760,0,0,0,1920,1080,False,2022-01-18T14:12:35.9682688+01:00
False,16,1920,1080,U8,3,1920,1080,5760,812494928,0,0,0,1920,1080,False,2022-01-18T14:12:36.0008960+01:00
False,16,1920,1080,U8,3,1920,1080,5760,818794576,0,0,0,1920,1080,False,2022-01-18T14:12:36.0349312+01:00
False,16,1920,1080,U8,3,1920,1080,5760,806211664,0,0,0,1920,1080,False,2022-01-18T14:12:36.0677376+01:00
False,16,1920,1080,U8,3,1920,1080,5760,825036880,0,0,0,1920,1080,False,2022-01-18T14:12:36.1007872+01:00
False,16,1920,1080,U8,3,1920,1080,5760,831324240,0,0,0,1920,1080,False,2022-01-18T14:12:36.1342208+01:00
False,16,1920,1080,U8,3,1920,1080,5760,806187088,0,0,0,1920,1080,False,2022-01-18T14:12:36.1683584+01:00
False,16,1920,1080,U8,3,1920,1080,5760,844464208,0,0,0,1920,1080,False,2022-01-18T14:12:36.2009600+01:00
False,16,1920,1080,U8,3,1920,1080,5760,850772048,0,0,0,1920,1080,False,2022-01-18T14:12:36.2340096+01:00
False,16,1920,1080,U8,3,1920,1080,5760,988033104,0,0,0,1920,1080,False,2022-01-18T14:12:36.2670976+01:00
False,16,1920,1080,U8,3,1920,1080,5760,994357328,0,0,0,1920,1080,False,2022-01-18T14:12:36.3012224+01:00
False,16,1920,1080,U8,3,1920,1080,5760,806199376,0,0,0,1920,1080,False,2022-01-18T14:12:36.3339136+01:00
False,16,1920,1080,U8,3,1920,1080,5760,844456016,0,0,0,1920,1080,False,2022-01-18T14:12:36.3681408+01:00
False,16,1920,1080,U8,3,1920,1080,5760,850776144,0,0,0,1920,1080,False,2022-01-18T14:12:36.4020096+01:00
False,16,1920,1080,U8,3,1920,1080,5760,806162512,0,0,0,1920,1080,False,2022-01-18T14:12:36.4336128+01:00
False,16,1920,1080,U8,3,1920,1080,5760,812499024,0,0,0,1920,1080,False,2022-01-18T14:12:36.4677376+01:00
False,16,1920,1080,U8,3,1920,1080,5760,818786384,0,0,0,1920,1080,False,2022-01-18T14:12:36.5012736+01:00
False,16,1920,1080,U8,3,1920,1080,5760,806166608,0,0,0,1920,1080,False,2022-01-18T14:12:36.5337344+01:00
False,16,1920,1080,U8,3,1920,1080,5760,825069648,0,0,0,1920,1080,False,2022-01-18T14:12:36.5676800+01:00
False,16,1920,1080,U8,3,1920,1080,5760,831377488,0,0,0,1920,1080,False,2022-01-18T14:12:36.6011008+01:00
False,16,1920,1080,U8,3,1920,1080,5760,806162512,0,0,0,1920,1080,False,2022-01-18T14:12:36.6343808+01:00
False,16,1920,1080,U8,3,1920,1080,5760,844492880,0,0,0,1920,1080,False,2022-01-18T14:12:36.6677632+01:00
False,16,1920,1080,U8,3,1920,1080,5760,850763856,0,0,0,1920,1080,False,2022-01-18T14:12:36.7010048+01:00
False,16,1920,1080,U8,3,1920,1080,5760,988037200,0,0,0,1920,1080,False,2022-01-18T14:12:36.7345536+01:00
False,16,1920,1080,U8,3,1920,1080,5760,994361424,0,0,0,1920,1080,False,2022-01-18T14:12:36.7686912+01:00
False,16,1920,1080,U8,3,1920,1080,5760,806158416,0,0,0,1920,1080,False,2022-01-18T14:12:36.8007040+01:00
False,16,1920,1080,U8,3,1920,1080,5760,844464208,0,0,0,1920,1080,False,2022-01-18T14:12:36.8337664+01:00
False,16,1920,1080,U8,3,1920,1080,5760,850731088,0,0,0,1920,1080,False,2022-01-18T14:12:36.8685056+01:00
False,16,1920,1080,U8,3,1920,1080,5760,806166608,0,0,0,1920,1080,False,2022-01-18T14:12:36.9015552+01:00
False,16,1920,1080,U8,3,1920,1080,5760,812482640,0,0,0,1920,1080,False,2022-01-18T14:12:36.9343104+01:00
False,16,1920,1080,U8,3,1920,1080,5760,818757712,0,0,0,1920,1080,False,2022-01-18T14:12:36.9691136+01:00
False,16,1920,1080,U8,3,1920,1080,5760,806207568,0,0,0,1920,1080,False,2022-01-18T14:12:37.0011648+01:00
False,16,1920,1080,U8,3,1920,1080,5760,825032784,0,0,0,1920,1080,False,2022-01-18T14:12:37.0337664+01:00
False,16,1920,1080,U8,3,1920,1080,5760,831311952,0,0,0,1920,1080,False,2022-01-18T14:12:37.0683520+01:00
False,16,1920,1080,U8,3,1920,1080,5760,806178896,0,0,0,1920,1080,False,2022-01-18T14:12:37.1018240+01:00
False,16,1920,1080,U8,3,1920,1080,5760,844451920,0,0,0,1920,1080,False,2022-01-18T14:12:37.1353088+01:00
False,16,1920,1080,U8,3,1920,1080,5760,850776144,0,0,0,1920,1080,False,2022-01-18T14:12:37.1683584+01:00
False,16,1920,1080,U8,3,1920,1080,5760,988057680,0,0,0,1920,1080,False,2022-01-18T14:12:37.2012672+01:00
False,16,1920,1080,U8,3,1920,1080,5760,994357328,0,0,0,1920,1080,False,2022-01-18T14:12:37.2345088+01:00
False,16,1920,1080,U8,3,1920,1080,5760,806207568,0,0,0,1920,1080,False,2022-01-18T14:12:37.2676864+01:00
False,16,1920,1080,U8,3,1920,1080,5760,844460112,0,0,0,1920,1080,False,2022-01-18T14:12:37.3008640+01:00
False,16,1920,1080,U8,3,1920,1080,5760,850751568,0,0,0,1920,1080,False,2022-01-18T14:12:37.3343744+01:00
False,16,1920,1080,U8,3,1920,1080,5760,806178896,0,0,0,1920,1080,False,2022-01-18T14:12:37.3682816+01:00
False,16,1920,1080,U8,3,1920,1080,5760,812474448,0,0,0,1920,1080,False,2022-01-18T14:12:37.4008320+01:00
False,16,1920,1080,U8,3,1920,1080,5760,818774096,0,0,0,1920,1080,False,2022-01-18T14:12:37.4358144+01:00
False,16,1920,1080,U8,3,1920,1080,5760,806215760,0,0,0,1920,1080,False,2022-01-18T14:12:37.4670464+01:00
False,16,1920,1080,U8,3,1920,1080,5760,825036880,0,0,0,1920,1080,False,2022-01-18T14:12:37.5009920+01:00
False,16,1920,1080,U8,3,1920,1080,5760,831352912,0,0,0,1920,1080,False,2022-01-18T14:12:37.5342208+01:00
False,16,1920,1080,U8,3,1920,1080,5760,806174800,0,0,0,1920,1080,False,2022-01-18T14:12:37.5672704+01:00
False,16,1920,1080,U8,3,1920,1080,5760,844456016,0,0,0,1920,1080,False,2022-01-18T14:12:37.6001024+01:00
False,16,1920,1080,U8,3,1920,1080,5760,850743376,0,0,0,1920,1080,False,2022-01-18T14:12:37.6350080+01:00
False,16,1920,1080,U8,3,1920,1080,5760,988024912,0,0,0,1920,1080,False,2022-01-18T14:12:37.6674816+01:00
False,16,1920,1080,U8,3,1920,1080,5760,994320464,0,0,0,1920,1080,False,2022-01-18T14:12:37.7008384+01:00
False,16,1920,1080,U8,3,1920,1080,5760,806170704,0,0,0,1920,1080,False,2022-01-18T14:12:37.7342208+01:00
False,16,1920,1080,U8,3,1920,1080,5760,844456016,0,0,0,1920,1080,False,2022-01-18T14:12:37.7679872+01:00
False,16,1920,1080,U8,3,1920,1080,5760,850767952,0,0,0,1920,1080,False,2022-01-18T14:12:37.8015616+01:00
False,16,1920,1080,U8,3,1920,1080,5760,806166608,0,0,0,1920,1080,False,2022-01-18T14:12:37.8352512+01:00
False,16,1920,1080,U8,3,1920,1080,5760,812470352,0,0,0,1920,1080,False,2022-01-18T14:12:37.8674048+01:00
False,16,1920,1080,U8,3,1920,1080,5760,818749520,0,0,0,1920,1080,False,2022-01-18T14:12:37.9022208+01:00
False,16,1920,1080,U8,3,1920,1080,5760,806191184,0,0,0,1920,1080,False,2022-01-18T14:12:37.9343104+01:00
False,16,1920,1080,U8,3,1920,1080,5760,825040976,0,0,0,1920,1080,False,2022-01-18T14:12:37.9674624+01:00
False,16,1920,1080,U8,3,1920,1080,5760,831377488,0,0,0,1920,1080,False,2022-01-18T14:12:38.0014464+01:00
False,16,1920,1080,U8,3,1920,1080,5760,806174800,0,0,0,1920,1080,False,2022-01-18T14:12:38.0356096+01:00
False,16,1920,1080,U8,3,1920,1080,5760,844476496,0,0,0,1920,1080,False,2022-01-18T14:12:38.0685952+01:00
False,16,1920,1080,U8,3,1920,1080,5760,850784336,0,0,0,1920,1080,False,2022-01-18T14:12:38.1014912+01:00
False,16,1920,1080,U8,3,1920,1080,5760,988037200,0,0,0,1920,1080,False,2022-01-18T14:12:38.1349632+01:00
False,16,1920,1080,U8,3,1920,1080,5760,994365520,0,0,0,1920,1080,False,2022-01-18T14:12:38.1678976+01:00
False,16,1920,1080,U8,3,1920,1080,5760,806215760,0,0,0,1920,1080,False,2022-01-18T14:12:38.2014592+01:00
False,16,1920,1080,U8,3,1920,1080,5760,844460112,0,0,0,1920,1080,False,2022-01-18T14:12:38.2342912+01:00
False,16,1920,1080,U8,3,1920,1080,5760,850767952,0,0,0,1920,1080,False,2022-01-18T14:12:38.2678144+01:00
False,16,1920,1080,U8,3,1920,1080,5760,806166608,0,0,0,1920,1080,False,2022-01-18T14:12:38.3012992+01:00
False,16,1920,1080,U8,3,1920,1080,5760,812486736,0,0,0,1920,1080,False,2022-01-18T14:12:38.3342336+01:00
False,16,1920,1080,U8,3,1920,1080,5760,818790480,0,0,0,1920,1080,False,2022-01-18T14:12:38.3696768+01:00
False,16,1920,1080,U8,3,1920,1080,5760,806207568,0,0,0,1920,1080,False,2022-01-18T14:12:38.4012032+01:00
False,16,1920,1080,U8,3,1920,1080,5760,825086032,0,0,0,1920,1080,False,2022-01-18T14:12:38.4339712+01:00
False,16,1920,1080,U8,3,1920,1080,5760,831373392,0,0,0,1920,1080,False,2022-01-18T14:12:38.4686080+01:00
False,16,1920,1080,U8,3,1920,1080,5760,806195280,0,0,0,1920,1080,False,2022-01-18T14:12:38.5016832+01:00
False,16,1920,1080,U8,3,1920,1080,5760,844488784,0,0,0,1920,1080,False,2022-01-18T14:12:38.5342336+01:00
False,16,1920,1080,U8,3,1920,1080,5760,850735184,0,0,0,1920,1080,False,2022-01-18T14:12:38.5682304+01:00
False,16,1920,1080,U8,3,1920,1080,5760,988078160,0,0,0,1920,1080,False,2022-01-18T14:12:38.6016640+01:00
False,16,1920,1080,U8,3,1920,1080,5760,994320464,0,0,0,1920,1080,False,2022-01-18T14:12:38.6349824+01:00
False,16,1920,1080,U8,3,1920,1080,5760,806211664,0,0,0,1920,1080,False,2022-01-18T14:12:38.6684288+01:00
False,16,1920,1080,U8,3,1920,1080,5760,844480592,0,0,0,1920,1080,False,2022-01-18T14:12:38.7020288+01:00
False,16,1920,1080,U8,3,1920,1080,5760,850772048,0,0,0,1920,1080,False,2022-01-18T14:12:38.7349632+01:00
False,16,1920,1080,U8,3,1920,1080,5760,806211664,0,0,0,1920,1080,False,2022-01-18T14:12:38.7684224+01:00
False,16,1920,1080,U8,3,1920,1080,5760,812507216,0,0,0,1920,1080,False,2022-01-18T14:12:38.8012800+01:00
False,16,1920,1080,U8,3,1920,1080,5760,818774096,0,0,0,1920,1080,False,2022-01-18T14:12:38.8349696+01:00
False,16,1920,1080,U8,3,1920,1080,5760,806195280,0,0,0,1920,1080,False,2022-01-18T14:12:38.8683136+01:00
False,16,1920,1080,U8,3,1920,1080,5760,825036880,0,0,0,1920,1080,False,2022-01-18T14:12:38.9014272+01:00
False,16,1920,1080,U8,3,1920,1080,5760,831361104,0,0,0,1920,1080,False,2022-01-18T14:12:38.9346560+01:00
False,16,1920,1080,U8,3,1920,1080,5760,806166608,0,0,0,1920,1080,False,2022-01-18T14:12:38.9690880+01:00
False,16,1920,1080,U8,3,1920,1080,5760,844435536,0,0,0,1920,1080,False,2022-01-18T14:12:39.0017024+01:00
False,16,1920,1080,U8,3,1920,1080,5760,850731088,0,0,0,1920,1080,False,2022-01-18T14:12:39.0343680+01:00
False,16,1920,1080,U8,3,1920,1080,5760,988024912,0,0,0,1920,1080,False,2022-01-18T14:12:39.0690048+01:00
False,16,1920,1080,U8,3,1920,1080,5760,994373712,0,0,0,1920,1080,False,2022-01-18T14:12:39.1022976+01:00
False,16,1920,1080,U8,3,1920,1080,5760,806170704,0,0,0,1920,1080,False,2022-01-18T14:12:39.1347712+01:00
False,16,1920,1080,U8,3,1920,1080,5760,844456016,0,0,0,1920,1080,False,2022-01-18T14:12:39.1686912+01:00
False,16,1920,1080,U8,3,1920,1080,5760,850739280,0,0,0,1920,1080,False,2022-01-18T14:12:39.2026368+01:00
False,16,1920,1080,U8,3,1920,1080,5760,806166608,0,0,0,1920,1080,False,2022-01-18T14:12:39.2354176+01:00
False,16,1920,1080,U8,3,1920,1080,5760,812507216,0,0,0,1920,1080,False,2022-01-18T14:12:39.2683136+01:00
False,16,1920,1080,U8,3,1920,1080,5760,818749520,0,0,0,1920,1080,False,2022-01-18T14:12:39.3009664+01:00
False,16,1920,1080,U8,3,1920,1080,5760,806178896,0,0,0,1920,1080,False,2022-01-18T14:12:39.3347712+01:00
False,16,1920,1080,U8,3,1920,1080,5760,825094224,0,0,0,1920,1080,False,2022-01-18T14:12:39.3676800+01:00
False,16,1920,1080,U8,3,1920,1080,5760,831324240,0,0,0,1920,1080,False,2022-01-18T14:12:39.4017024+01:00
False,16,1920,1080,U8,3,1920,1080,5760,806211664,0,0,0,1920,1080,False,2022-01-18T14:12:39.4347648+01:00
False,16,1920,1080,U8,3,1920,1080,5760,844439632,0,0,0,1920,1080,False,2022-01-18T14:12:39.4684928+01:00
False,16,1920,1080,U8,3,1920,1080,5760,850772048,0,0,0,1920,1080,False,2022-01-18T14:12:39.5017088+01:00
False,16,1920,1080,U8,3,1920,1080,5760,988029008,0,0,0,1920,1080,False,2022-01-18T14:12:39.5348736+01:00
False,16,1920,1080,U8,3,1920,1080,5760,994336848,0,0,0,1920,1080,False,2022-01-18T14:12:39.5692800+01:00
False,16,1920,1080,U8,3,1920,1080,5760,806166608,0,0,0,1920,1080,False,2022-01-18T14:12:39.6003328+01:00
False,16,1920,1080,U8,3,1920,1080,5760,844472400,0,0,0,1920,1080,False,2022-01-18T14:12:39.6334080+01:00
False,16,1920,1080,U8,3,1920,1080,5760,850767952,0,0,0,1920,1080,False,2022-01-18T14:12:39.6685952+01:00
False,16,1920,1080,U8,3,1920,1080,5760,806178896,0,0,0,1920,1080,False,2022-01-18T14:12:39.7020928+01:00
False,16,1920,1080,U8,3,1920,1080,5760,812474448,0,0,0,1920,1080,False,2022-01-18T14:12:39.7339008+01:00
False,16,1920,1080,U8,3,1920,1080,5760,818802768,0,0,0,1920,1080,False,2022-01-18T14:12:39.7688192+01:00
False,16,1920,1080,U8,3,1920,1080,5760,806166608,0,0,0,1920,1080,False,2022-01-18T14:12:39.8006272+01:00
False,16,1920,1080,U8,3,1920,1080,5760,825061456,0,0,0,1920,1080,False,2022-01-18T14:12:39.8348032+01:00
False,16,1920,1080,U8,3,1920,1080,5760,831352912,0,0,0,1920,1080,False,2022-01-18T14:12:39.8671488+01:00
False,16,1920,1080,U8,3,1920,1080,5760,806170704,0,0,0,1920,1080,False,2022-01-18T14:12:39.9016448+01:00
False,16,1920,1080,U8,3,1920,1080,5760,844464208,0,0,0,1920,1080,False,2022-01-18T14:12:39.9350528+01:00
False,16,1920,1080,U8,3,1920,1080,5760,850722896,0,0,0,1920,1080,False,2022-01-18T14:12:39.9681024+01:00
False,16,1920,1080,U8,3,1920,1080,5760,988029008,0,0,0,1920,1080,False,2022-01-18T14:12:40.0011008+01:00
False,16,1920,1080,U8,3,1920,1080,5760,994324560,0,0,0,1920,1080,False,2022-01-18T14:12:40.0355968+01:00
False,16,1920,1080,U8,3,1920,1080,5760,806215760,0,0,0,1920,1080,False,2022-01-18T14:12:40.0679296+01:00
False,16,1920,1080,U8,3,1920,1080,5760,844484688,0,0,0,1920,1080,False,2022-01-18T14:12:40.1021312+01:00
False,16,1920,1080,U8,3,1920,1080,5760,850726992,0,0,0,1920,1080,False,2022-01-18T14:12:40.1348352+01:00
False,16,1920,1080,U8,3,1920,1080,5760,806182992,0,0,0,1920,1080,False,2022-01-18T14:12:40.1678208+01:00
False,16,1920,1080,U8,3,1920,1080,5760,812490832,0,0,0,1920,1080,False,2022-01-18T14:12:40.2018688+01:00
False,16,1920,1080,U8,3,1920,1080,5760,818765904,0,0,0,1920,1080,False,2022-01-18T14:12:40.2356224+01:00
False,16,1920,1080,U8,3,1920,1080,5760,806162512,0,0,0,1920,1080,False,2022-01-18T14:12:40.2679808+01:00
False,16,1920,1080,U8,3,1920,1080,5760,825040976,0,0,0,1920,1080,False,2022-01-18T14:12:40.3020928+01:00
False,16,1920,1080,U8,3,1920,1080,5760,831373392,0,0,0,1920,1080,False,2022-01-18T14:12:40.3343744+01:00
False,16,1920,1080,U8,3,1920,1080,5760,806158416,0,0,0,1920,1080,False,2022-01-18T14:12:40.3685248+01:00
False,16,1920,1080,U8,3,1920,1080,5760,844443728,0,0,0,1920,1080,False,2022-01-18T14:12:40.4008320+01:00
False,16,1920,1080,U8,3,1920,1080,5760,850763856,0,0,0,1920,1080,False,2022-01-18T14:12:40.4340992+01:00
False,16,1920,1080,U8,3,1920,1080,5760,988057680,0,0,0,1920,1080,False,2022-01-18T14:12:40.4672128+01:00
False,16,1920,1080,U8,3,1920,1080,5760,994349136,0,0,0,1920,1080,False,2022-01-18T14:12:40.5015552+01:00
False,16,1920,1080,U8,3,1920,1080,5760,806203472,0,0,0,1920,1080,False,2022-01-18T14:12:40.5339392+01:00
False,16,1920,1080,U8,3,1920,1080,5760,844460112,0,0,0,1920,1080,False,2022-01-18T14:12:40.5671936+01:00
False,16,1920,1080,U8,3,1920,1080,5760,850726992,0,0,0,1920,1080,False,2022-01-18T14:12:40.6029184+01:00
False,16,1920,1080,U8,3,1920,1080,5760,806162512,0,0,0,1920,1080,False,2022-01-18T14:12:40.6339840+01:00
False,16,1920,1080,U8,3,1920,1080,5760,812474448,0,0,0,1920,1080,False,2022-01-18T14:12:40.6672128+01:00
False,16,1920,1080,U8,3,1920,1080,5760,818745424,0,0,0,1920,1080,False,2022-01-18T14:12:40.7018112+01:00
False,16,1920,1080,U8,3,1920,1080,5760,806158416,0,0,0,1920,1080,False,2022-01-18T14:12:40.7345280+01:00
False,16,1920,1080,U8,3,1920,1080,5760,825073744,0,0,0,1920,1080,False,2022-01-18T14:12:40.7678464+01:00
False,16,1920,1080,U8,3,1920,1080,5760,831369296,0,0,0,1920,1080,False,2022-01-18T14:12:40.8014208+01:00
False,16,1920,1080,U8,3,1920,1080,5760,806211664,0,0,0,1920,1080,False,2022-01-18T14:12:40.8344192+01:00
False,16,1920,1080,U8,3,1920,1080,5760,844431440,0,0,0,1920,1080,False,2022-01-18T14:12:40.8682880+01:00
False,16,1920,1080,U8,3,1920,1080,5760,850694224,0,0,0,1920,1080,False,2022-01-18T14:12:40.9011712+01:00
False,16,1920,1080,U8,3,1920,1080,5760,988069968,0,0,0,1920,1080,False,2022-01-18T14:12:40.9344512+01:00
False,16,1920,1080,U8,3,1920,1080,5760,994345040,0,0,0,1920,1080,False,2022-01-18T14:12:40.9682048+01:00
False,16,1920,1080,U8,3,1920,1080,5760,806219856,0,0,0,1920,1080,False,2022-01-18T14:12:41.0012800+01:00
False,16,1920,1080,U8,3,1920,1080,5760,844488784,0,0,0,1920,1080,False,2022-01-18T14:12:41.0351744+01:00
False,16,1920,1080,U8,3,1920,1080,5760,850780240,0,0,0,1920,1080,False,2022-01-18T14:12:41.0682368+01:00
False,16,1920,1080,U8,3,1920,1080,5760,806158416,0,0,0,1920,1080,False,2022-01-18T14:12:41.1023488+01:00
False,16,1920,1080,U8,3,1920,1080,5760,812437584,0,0,0,1920,1080,False,2022-01-18T14:12:41.1345920+01:00
False,16,1920,1080,U8,3,1920,1080,5760,818724944,0,0,0,1920,1080,False,2022-01-18T14:12:41.1689472+01:00
False,16,1920,1080,U8,3,1920,1080,5760,825012304,0,0,0,1920,1080,False,2022-01-18T14:12:41.2015360+01:00
False,16,1920,1080,U8,3,1920,1080,5760,831287376,0,0,0,1920,1080,False,2022-01-18T14:12:41.2350848+01:00
False,16,1920,1080,U8,3,1920,1080,5760,844476496,0,0,0,1920,1080,False,2022-01-18T14:12:41.2684672+01:00
False,16,1920,1080,U8,3,1920,1080,5760,825000016,0,0,0,1920,1080,False,2022-01-18T14:12:41.3016064+01:00
False,16,1920,1080,U8,3,1920,1080,5760,850780240,0,0,0,1920,1080,False,2022-01-18T14:12:41.3345664+01:00
False,16,1920,1080,U8,3,1920,1080,5760,988074064,0,0,0,1920,1080,False,2022-01-18T14:12:41.3685120+01:00
False,16,1920,1080,U8,3,1920,1080,5760,994373712,0,0,0,1920,1080,False,2022-01-18T14:12:41.4018816+01:00
False,16,1920,1080,U8,3,1920,1080,5760,1000665168,0,0,0,1920,1080,False,2022-01-18T14:12:41.4352512+01:00
False,16,1920,1080,U8,3,1920,1080,5760,824983632,0,0,0,1920,1080,False,2022-01-18T14:12:41.4682624+01:00
False,16,1920,1080,U8,3,1920,1080,5760,850751568,0,0,0,1920,1080,False,2022-01-18T14:12:41.5014016+01:00
False,16,1920,1080,U8,3,1920,1080,5760,988033104,0,0,0,1920,1080,False,2022-01-18T14:12:41.5354880+01:00
False,16,1920,1080,U8,3,1920,1080,5760,806174800,0,0,0,1920,1080,False,2022-01-18T14:12:41.5686400+01:00
False,16,1920,1080,U8,3,1920,1080,5760,812511312,0,0,0,1920,1080,False,2022-01-18T14:12:41.6016640+01:00
False,16,1920,1080,U8,3,1920,1080,5760,818761808,0,0,0,1920,1080,False,2022-01-18T14:12:41.6370688+01:00
False,16,1920,1080,U8,3,1920,1080,5760,806191184,0,0,0,1920,1080,False,2022-01-18T14:12:41.6685440+01:00
False,16,1920,1080,U8,3,1920,1080,5760,825094224,0,0,0,1920,1080,False,2022-01-18T14:12:41.7020544+01:00
False,16,1920,1080,U8,3,1920,1080,5760,831365200,0,0,0,1920,1080,False,2022-01-18T14:12:41.7355776+01:00
False,16,1920,1080,U8,3,1920,1080,5760,806166608,0,0,0,1920,1080,False,2022-01-18T14:12:41.7685504+01:00
False,16,1920,1080,U8,3,1920,1080,5760,844464208,0,0,0,1920,1080,False,2022-01-18T14:12:41.8016896+01:00
False,16,1920,1080,U8,3,1920,1080,5760,850722896,0,0,0,1920,1080,False,2022-01-18T14:12:41.8355584+01:00
False,16,1920,1080,U8,3,1920,1080,5760,988049488,0,0,0,1920,1080,False,2022-01-18T14:12:41.8689408+01:00
False,16,1920,1080,U8,3,1920,1080,5760,994328656,0,0,0,1920,1080,False,2022-01-18T14:12:41.9027712+01:00
False,16,1920,1080,U8,3,1920,1080,5760,806203472,0,0,0,1920,1080,False,2022-01-18T14:12:41.9354752+01:00
False,16,1920,1080,U8,3,1920,1080,5760,844476496,0,0,0,1920,1080,False,2022-01-18T14:12:41.9688192+01:00
False,16,1920,1080,U8,3,1920,1080,5760,850722896,0,0,0,1920,1080,False,2022-01-18T14:12:42.0029440+01:00
False,16,1920,1080,U8,3,1920,1080,5760,806158416,0,0,0,1920,1080,False,2022-01-18T14:12:42.0348032+01:00
False,16,1920,1080,U8,3,1920,1080,5760,812404816,0,0,0,1920,1080,False,2022-01-18T14:12:42.0684032+01:00
False,16,1920,1080,U8,3,1920,1080,5760,818724944,0,0,0,1920,1080,False,2022-01-18T14:12:42.1025024+01:00
False,16,1920,1080,U8,3,1920,1080,5760,824995920,0,0,0,1920,1080,False,2022-01-18T14:12:42.1356032+01:00
False,16,1920,1080,U8,3,1920,1080,5760,831270992,0,0,0,1920,1080,False,2022-01-18T14:12:42.1677312+01:00
False,16,1920,1080,U8,3,1920,1080,5760,844472400,0,0,0,1920,1080,False,2022-01-18T14:12:42.2025088+01:00
False,16,1920,1080,U8,3,1920,1080,5760,824975440,0,0,0,1920,1080,False,2022-01-18T14:12:42.2365952+01:00
False,16,1920,1080,U8,3,1920,1080,5760,850759760,0,0,0,1920,1080,False,2022-01-18T14:12:42.2676992+01:00
False,16,1920,1080,U8,3,1920,1080,5760,988049488,0,0,0,1920,1080,False,2022-01-18T14:12:42.3022976+01:00
False,16,1920,1080,U8,3,1920,1080,5760,994316368,0,0,0,1920,1080,False,2022-01-18T14:12:42.3359104+01:00
False,16,1920,1080,U8,3,1920,1080,5760,1000652880,0,0,0,1920,1080,False,2022-01-18T14:12:42.3696384+01:00
False,16,1920,1080,U8,3,1920,1080,5760,825016400,0,0,0,1920,1080,False,2022-01-18T14:12:42.4031616+01:00
False,16,1920,1080,U8,3,1920,1080,5760,850767952,0,0,0,1920,1080,False,2022-01-18T14:12:42.4352128+01:00
False,16,1920,1080,U8,3,1920,1080,5760,988074064,0,0,0,1920,1080,False,2022-01-18T14:12:42.4697728+01:00
False,16,1920,1080,U8,3,1920,1080,5760,806211664,0,0,0,1920,1080,False,2022-01-18T14:12:42.5029120+01:00
False,16,1920,1080,U8,3,1920,1080,5760,812494928,0,0,0,1920,1080,False,2022-01-18T14:12:42.5348224+01:00
False,16,1920,1080,U8,3,1920,1080,5760,818745424,0,0,0,1920,1080,False,2022-01-18T14:12:42.5695488+01:00
False,16,1920,1080,U8,3,1920,1080,5760,806211664,0,0,0,1920,1080,False,2022-01-18T14:12:42.6032000+01:00
False,16,1920,1080,U8,3,1920,1080,5760,825086032,0,0,0,1920,1080,False,2022-01-18T14:12:42.6352768+01:00
False,16,1920,1080,U8,3,1920,1080,5760,831385680,0,0,0,1920,1080,False,2022-01-18T14:12:42.6702592+01:00
False,16,1920,1080,U8,3,1920,1080,5760,806174800,0,0,0,1920,1080,False,2022-01-18T14:12:42.7034112+01:00
False,16,1920,1080,U8,3,1920,1080,5760,844460112,0,0,0,1920,1080,False,2022-01-18T14:12:42.7350272+01:00
False,16,1920,1080,U8,3,1920,1080,5760,850747472,0,0,0,1920,1080,False,2022-01-18T14:12:42.7689216+01:00
False,16,1920,1080,U8,3,1920,1080,5760,988029008,0,0,0,1920,1080,False,2022-01-18T14:12:42.8036224+01:00
False,16,1920,1080,U8,3,1920,1080,5760,994316368,0,0,0,1920,1080,False,2022-01-18T14:12:42.8355456+01:00
False,16,1920,1080,U8,3,1920,1080,5760,806199376,0,0,0,1920,1080,False,2022-01-18T14:12:42.8695168+01:00
False,16,1920,1080,U8,3,1920,1080,5760,844439632,0,0,0,1920,1080,False,2022-01-18T14:12:42.9022592+01:00
False,16,1920,1080,U8,3,1920,1080,5760,850767952,0,0,0,1920,1080,False,2022-01-18T14:12:42.9368448+01:00
False,16,1920,1080,U8,3,1920,1080,5760,806199376,0,0,0,1920,1080,False,2022-01-18T14:12:42.9679744+01:00
False,16,1920,1080,U8,3,1920,1080,5760,812453968,0,0,0,1920,1080,False,2022-01-18T14:12:43.0019456+01:00
False,16,1920,1080,U8,3,1920,1080,5760,818778192,0,0,0,1920,1080,False,2022-01-18T14:12:43.0355328+01:00
False,16,1920,1080,U8,3,1920,1080,5760,806203472,0,0,0,1920,1080,False,2022-01-18T14:12:43.0679680+01:00
False,16,1920,1080,U8,3,1920,1080,5760,825061456,0,0,0,1920,1080,False,2022-01-18T14:12:43.1022720+01:00
False,16,1920,1080,U8,3,1920,1080,5760,831348816,0,0,0,1920,1080,False,2022-01-18T14:12:43.1353984+01:00
False,16,1920,1080,U8,3,1920,1080,5760,806199376,0,0,0,1920,1080,False,2022-01-18T14:12:43.1683584+01:00
False,16,1920,1080,U8,3,1920,1080,5760,844468304,0,0,0,1920,1080,False,2022-01-18T14:12:43.2018688+01:00
False,16,1920,1080,U8,3,1920,1080,5760,850747472,0,0,0,1920,1080,False,2022-01-18T14:12:43.2346752+01:00
False,16,1920,1080,U8,3,1920,1080,5760,988020816,0,0,0,1920,1080,False,2022-01-18T14:12:43.2684672+01:00
False,16,1920,1080,U8,3,1920,1080,5760,994271312,0,0,0,1920,1080,False,2022-01-18T14:12:43.3022976+01:00
False,16,1920,1080,U8,3,1920,1080,5760,806182992,0,0,0,1920,1080,False,2022-01-18T14:12:43.3348608+01:00
False,16,1920,1080,U8,3,1920,1080,5760,844447824,0,0,0,1920,1080,False,2022-01-18T14:12:43.3680640+01:00
False,16,1920,1080,U8,3,1920,1080,5760,850755664,0,0,0,1920,1080,False,2022-01-18T14:12:43.4023936+01:00
False,16,1920,1080,U8,3,1920,1080,5760,806178896,0,0,0,1920,1080,False,2022-01-18T14:12:43.4357120+01:00
False,16,1920,1080,U8,3,1920,1080,5760,812490832,0,0,0,1920,1080,False,2022-01-18T14:12:43.4683520+01:00
False,16,1920,1080,U8,3,1920,1080,5760,818761808,0,0,0,1920,1080,False,2022-01-18T14:12:43.5025664+01:00
False,16,1920,1080,U8,3,1920,1080,5760,806219856,0,0,0,1920,1080,False,2022-01-18T14:12:43.5349632+01:00
False,16,1920,1080,U8,3,1920,1080,5760,825049168,0,0,0,1920,1080,False,2022-01-18T14:12:43.5683328+01:00
False,16,1920,1080,U8,3,1920,1080,5760,831361104,0,0,0,1920,1080,False,2022-01-18T14:12:43.6021248+01:00
False,16,1920,1080,U8,3,1920,1080,5760,806162512,0,0,0,1920,1080,False,2022-01-18T14:12:43.6355712+01:00
False,16,1920,1080,U8,3,1920,1080,5760,844464208,0,0,0,1920,1080,False,2022-01-18T14:12:43.6691072+01:00
False,16,1920,1080,U8,3,1920,1080,5760,850780240,0,0,0,1920,1080,False,2022-01-18T14:12:43.7023488+01:00
False,16,1920,1080,U8,3,1920,1080,5760,988033104,0,0,0,1920,1080,False,2022-01-18T14:12:43.7357312+01:00
False,16,1920,1080,U8,3,1920,1080,5760,994328656,0,0,0,1920,1080,False,2022-01-18T14:12:43.7698560+01:00
False,16,1920,1080,U8,3,1920,1080,5760,806199376,0,0,0,1920,1080,False,2022-01-18T14:12:43.8021632+01:00
False,16,1920,1080,U8,3,1920,1080,5760,844472400,0,0,0,1920,1080,False,2022-01-18T14:12:43.8353408+01:00
False,16,1920,1080,U8,3,1920,1080,5760,850722896,0,0,0,1920,1080,False,2022-01-18T14:12:43.8700800+01:00
False,16,1920,1080,U8,3,1920,1080,5760,806191184,0,0,0,1920,1080,False,2022-01-18T14:12:43.9022976+01:00
False,16,1920,1080,U8,3,1920,1080,5760,812507216,0,0,0,1920,1080,False,2022-01-18T14:12:43.9357440+01:00
False,16,1920,1080,U8,3,1920,1080,5760,818778192,0,0,0,1920,1080,False,2022-01-18T14:12:43.9701888+01:00
False,16,1920,1080,U8,3,1920,1080,5760,806178896,0,0,0,1920,1080,False,2022-01-18T14:12:44.0022144+01:00
False,16,1920,1080,U8,3,1920,1080,5760,825061456,0,0,0,1920,1080,False,2022-01-18T14:12:44.0353792+01:00
False,16,1920,1080,U8,3,1920,1080,5760,831365200,0,0,0,1920,1080,False,2022-01-18T14:12:44.0696064+01:00
False,16,1920,1080,U8,3,1920,1080,5760,806158416,0,0,0,1920,1080,False,2022-01-18T14:12:44.1027968+01:00
False,16,1920,1080,U8,3,1920,1080,5760,844447824,0,0,0,1920,1080,False,2022-01-18T14:12:44.1362304+01:00
False,16,1920,1080,U8,3,1920,1080,5760,850747472,0,0,0,1920,1080,False,2022-01-18T14:12:44.1692032+01:00
False,16,1920,1080,U8,3,1920,1080,5760,988045392,0,0,0,1920,1080,False,2022-01-18T14:12:44.2028544+01:00
False,16,1920,1080,U8,3,1920,1080,5760,994373712,0,0,0,1920,1080,False,2022-01-18T14:12:44.2363264+01:00
False,16,1920,1080,U8,3,1920,1080,5760,806187088,0,0,0,1920,1080,False,2022-01-18T14:12:44.2691328+01:00
False,16,1920,1080,U8,3,1920,1080,5760,844468304,0,0,0,1920,1080,False,2022-01-18T14:12:44.3026304+01:00
False,16,1920,1080,U8,3,1920,1080,5760,850739280,0,0,0,1920,1080,False,2022-01-18T14:12:44.3371392+01:00
False,16,1920,1080,U8,3,1920,1080,5760,806195280,0,0,0,1920,1080,False,2022-01-18T14:12:44.3694976+01:00
False,16,1920,1080,U8,3,1920,1080,5760,812511312,0,0,0,1920,1080,False,2022-01-18T14:12:44.4029184+01:00
False,16,1920,1080,U8,3,1920,1080,5760,818761808,0,0,0,1920,1080,False,2022-01-18T14:12:44.4366080+01:00
False,16,1920,1080,U8,3,1920,1080,5760,806219856,0,0,0,1920,1080,False,2022-01-18T14:12:44.4696064+01:00
False,16,1920,1080,U8,3,1920,1080,5760,825040976,0,0,0,1920,1080,False,2022-01-18T14:12:44.5027200+01:00
False,16,1920,1080,U8,3,1920,1080,5760,831336528,0,0,0,1920,1080,False,2022-01-18T14:12:44.5362944+01:00
False,16,1920,1080,U8,3,1920,1080,5760,806158416,0,0,0,1920,1080,False,2022-01-18T14:12:44.5697792+01:00
False,16,1920,1080,U8,3,1920,1080,5760,844464208,0,0,0,1920,1080,False,2022-01-18T14:12:44.6026624+01:00
False,16,1920,1080,U8,3,1920,1080,5760,850747472,0,0,0,1920,1080,False,2022-01-18T14:12:44.6363008+01:00
False,16,1920,1080,U8,3,1920,1080,5760,988041296,0,0,0,1920,1080,False,2022-01-18T14:12:44.6700288+01:00
False,16,1920,1080,U8,3,1920,1080,5760,994336848,0,0,0,1920,1080,False,2022-01-18T14:12:44.7037952+01:00
False,16,1920,1080,U8,3,1920,1080,5760,806162512,0,0,0,1920,1080,False,2022-01-18T14:12:44.7367680+01:00
False,16,1920,1080,U8,3,1920,1080,5760,844451920,0,0,0,1920,1080,False,2022-01-18T14:12:44.7688320+01:00
False,16,1920,1080,U8,3,1920,1080,5760,850739280,0,0,0,1920,1080,False,2022-01-18T14:12:44.8023168+01:00
False,16,1920,1080,U8,3,1920,1080,5760,806170704,0,0,0,1920,1080,False,2022-01-18T14:12:44.8360576+01:00
False,16,1920,1080,U8,3,1920,1080,5760,812478544,0,0,0,1920,1080,False,2022-01-18T14:12:44.8697728+01:00
False,16,1920,1080,U8,3,1920,1080,5760,818761808,0,0,0,1920,1080,False,2022-01-18T14:12:44.9055744+01:00
False,16,1920,1080,U8,3,1920,1080,5760,806199376,0,0,0,1920,1080,False,2022-01-18T14:12:44.9367168+01:00
False,16,1920,1080,U8,3,1920,1080,5760,825045072,0,0,0,1920,1080,False,2022-01-18T14:12:44.9700864+01:00
False,16,1920,1080,U8,3,1920,1080,5760,831324240,0,0,0,1920,1080,False,2022-01-18T14:12:45.0036352+01:00
False,16,1920,1080,U8,3,1920,1080,5760,806191184,0,0,0,1920,1080,False,2022-01-18T14:12:45.0365696+01:00
False,16,1920,1080,U8,3,1920,1080,5760,844484688,0,0,0,1920,1080,False,2022-01-18T14:12:45.0696960+01:00
False,16,1920,1080,U8,3,1920,1080,5760,850747472,0,0,0,1920,1080,False,2022-01-18T14:12:45.1049728+01:00
False,16,1920,1080,U8,3,1920,1080,5760,988029008,0,0,0,1920,1080,False,2022-01-18T14:12:45.1374336+01:00
False,16,1920,1080,U8,3,1920,1080,5760,994324560,0,0,0,1920,1080,False,2022-01-18T14:12:45.1709824+01:00
False,16,1920,1080,U8,3,1920,1080,5760,806174800,0,0,0,1920,1080,False,2022-01-18T14:12:45.2038784+01:00
False,16,1920,1080,U8,3,1920,1080,5760,844464208,0,0,0,1920,1080,False,2022-01-18T14:12:45.2365952+01:00
False,16,1920,1080,U8,3,1920,1080,5760,850776144,0,0,0,1920,1080,False,2022-01-18T14:12:45.2699520+01:00
False,16,1920,1080,U8,3,1920,1080,5760,806211664,0,0,0,1920,1080,False,2022-01-18T14:12:45.3032576+01:00
False,16,1920,1080,U8,3,1920,1080,5760,812486736,0,0,0,1920,1080,False,2022-01-18T14:12:45.3358208+01:00
False,16,1920,1080,U8,3,1920,1080,5760,818782288,0,0,0,1920,1080,False,2022-01-18T14:12:45.3694592+01:00
False,16,1920,1080,U8,3,1920,1080,5760,806199376,0,0,0,1920,1080,False,2022-01-18T14:12:45.4030592+01:00
False,16,1920,1080,U8,3,1920,1080,5760,825090128,0,0,0,1920,1080,False,2022-01-18T14:12:45.4357504+01:00
False,16,1920,1080,U8,3,1920,1080,5760,831344720,0,0,0,1920,1080,False,2022-01-18T14:12:45.4695296+01:00
False,16,1920,1080,U8,3,1920,1080,5760,806158416,0,0,0,1920,1080,False,2022-01-18T14:12:45.5034112+01:00
False,16,1920,1080,U8,3,1920,1080,5760,844439632,0,0,0,1920,1080,False,2022-01-18T14:12:45.5353856+01:00
False,16,1920,1080,U8,3,1920,1080,5760,850772048,0,0,0,1920,1080,False,2022-01-18T14:12:45.5703040+01:00
False,16,1920,1080,U8,3,1920,1080,5760,988037200,0,0,0,1920,1080,False,2022-01-18T14:12:45.6030720+01:00
False,16,1920,1080,U8,3,1920,1080,5760,994357328,0,0,0,1920,1080,False,2022-01-18T14:12:45.6363264+01:00
False,16,1920,1080,U8,3,1920,1080,5760,806187088,0,0,0,1920,1080,False,2022-01-18T14:12:45.6681088+01:00
False,16,1920,1080,U8,3,1920,1080,5760,844435536,0,0,0,1920,1080,False,2022-01-18T14:12:45.7015936+01:00
False,16,1920,1080,U8,3,1920,1080,5760,850743376,0,0,0,1920,1080,False,2022-01-18T14:12:45.7373056+01:00
False,16,1920,1080,U8,3,1920,1080,5760,806178896,0,0,0,1920,1080,False,2022-01-18T14:12:45.7702528+01:00
False,16,1920,1080,U8,3,1920,1080,5760,812470352,0,0,0,1920,1080,False,2022-01-18T14:12:45.8033792+01:00
False,16,1920,1080,U8,3,1920,1080,5760,818753616,0,0,0,1920,1080,False,2022-01-18T14:12:45.8370688+01:00
False,16,1920,1080,U8,3,1920,1080,5760,806166608,0,0,0,1920,1080,False,2022-01-18T14:12:45.8690560+01:00
False,16,1920,1080,U8,3,1920,1080,5760,825094224,0,0,0,1920,1080,False,2022-01-18T14:12:45.9039232+01:00
False,16,1920,1080,U8,3,1920,1080,5760,831381584,0,0,0,1920,1080,False,2022-01-18T14:12:45.9368832+01:00
False,16,1920,1080,U8,3,1920,1080,5760,806195280,0,0,0,1920,1080,False,2022-01-18T14:12:45.9712768+01:00
False,16,1920,1080,U8,3,1920,1080,5760,844447824,0,0,0,1920,1080,False,2022-01-18T14:12:46.0038528+01:00
False,16,1920,1080,U8,3,1920,1080,5760,850722896,0,0,0,1920,1080,False,2022-01-18T14:12:46.0362880+01:00
False,16,1920,1080,U8,3,1920,1080,5760,988061776,0,0,0,1920,1080,False,2022-01-18T14:12:46.0710016+01:00
False,16,1920,1080,U8,3,1920,1080,5760,994340944,0,0,0,1920,1080,False,2022-01-18T14:12:46.1042048+01:00
False,16,1920,1080,U8,3,1920,1080,5760,806199376,0,0,0,1920,1080,False,2022-01-18T14:12:46.1363840+01:00
False,16,1920,1080,U8,3,1920,1080,5760,844476496,0,0,0,1920,1080,False,2022-01-18T14:12:46.1694208+01:00
False,16,1920,1080,U8,3,1920,1080,5760,850743376,0,0,0,1920,1080,False,2022-01-18T14:12:46.2043136+01:00
False,16,1920,1080,U8,3,1920,1080,5760,806158416,0,0,0,1920,1080,False,2022-01-18T14:12:46.2377600+01:00
False,16,1920,1080,U8,3,1920,1080,5760,812384336,0,0,0,1920,1080,False,2022-01-18T14:12:46.2708224+01:00
False,16,1920,1080,U8,3,1920,1080,5760,818634832,0,0,0,1920,1080,False,2022-01-18T14:12:46.3042816+01:00
False,16,1920,1080,U8,3,1920,1080,5760,824918096,0,0,0,1920,1080,False,2022-01-18T14:12:46.3364608+01:00
False,16,1920,1080,U8,3,1920,1080,5760,831246416,0,0,0,1920,1080,False,2022-01-18T14:12:46.3698048+01:00
False,16,1920,1080,U8,3,1920,1080,5760,844447824,0,0,0,1920,1080,False,2022-01-18T14:12:46.4041344+01:00
False,16,1920,1080,U8,3,1920,1080,5760,824942672,0,0,0,1920,1080,False,2022-01-18T14:12:46.4370816+01:00
False,16,1920,1080,U8,3,1920,1080,5760,850747472,0,0,0,1920,1080,False,2022-01-18T14:12:46.4708864+01:00
False,16,1920,1080,U8,3,1920,1080,5760,988069968,0,0,0,1920,1080,False,2022-01-18T14:12:46.5023872+01:00
False,16,1920,1080,U8,3,1920,1080,5760,994324560,0,0,0,1920,1080,False,2022-01-18T14:12:46.5382400+01:00
False,16,1920,1080,U8,3,1920,1080,5760,1000652880,0,0,0,1920,1080,False,2022-01-18T14:12:46.5714816+01:00
False,16,1920,1080,U8,3,1920,1080,5760,824942672,0,0,0,1920,1080,False,2022-01-18T14:12:46.6024576+01:00
False,16,1920,1080,U8,3,1920,1080,5760,850747472,0,0,0,1920,1080,False,2022-01-18T14:12:46.6363776+01:00
False,16,1920,1080,U8,3,1920,1080,5760,988049488,0,0,0,1920,1080,False,2022-01-18T14:12:46.6702336+01:00
False,16,1920,1080,U8,3,1920,1080,5760,806166608,0,0,0,1920,1080,False,2022-01-18T14:12:46.7038976+01:00
False,16,1920,1080,U8,3,1920,1080,5760,812490832,0,0,0,1920,1080,False,2022-01-18T14:12:46.7364224+01:00
False,16,1920,1080,U8,3,1920,1080,5760,818774096,0,0,0,1920,1080,False,2022-01-18T14:12:46.7702400+01:00
False,16,1920,1080,U8,3,1920,1080,5760,806199376,0,0,0,1920,1080,False,2022-01-18T14:12:46.8034048+01:00
False,16,1920,1080,U8,3,1920,1080,5760,825061456,0,0,0,1920,1080,False,2022-01-18T14:12:46.8366464+01:00
False,16,1920,1080,U8,3,1920,1080,5760,831352912,0,0,0,1920,1080,False,2022-01-18T14:12:46.8702720+01:00
False,16,1920,1080,U8,3,1920,1080,5760,806219856,0,0,0,1920,1080,False,2022-01-18T14:12:46.9030272+01:00
False,16,1920,1080,U8,3,1920,1080,5760,844447824,0,0,0,1920,1080,False,2022-01-18T14:12:46.9387520+01:00
False,16,1920,1080,U8,3,1920,1080,5760,850776144,0,0,0,1920,1080,False,2022-01-18T14:12:46.9747584+01:00
False,16,1920,1080,U8,3,1920,1080,5760,988069968,0,0,0,1920,1080,False,2022-01-18T14:12:47.0096128+01:00
False,16,1920,1080,U8,3,1920,1080,5760,994336848,0,0,0,1920,1080,False,2022-01-18T14:12:47.0394752+01:00
False,16,1920,1080,U8,3,1920,1080,5760,806219856,0,0,0,1920,1080,False,2022-01-18T14:12:47.0700800+01:00
False,16,1920,1080,U8,3,1920,1080,5760,844443728,0,0,0,1920,1080,False,2022-01-18T14:12:47.1033600+01:00
False,16,1920,1080,U8,3,1920,1080,5760,850731088,0,0,0,1920,1080,False,2022-01-18T14:12:47.1375744+01:00
False,16,1920,1080,U8,3,1920,1080,5760,806166608,0,0,0,1920,1080,False,2022-01-18T14:12:47.1700992+01:00
False,16,1920,1080,U8,3,1920,1080,5760,812453968,0,0,0,1920,1080,False,2022-01-18T14:12:47.2040192+01:00
False,16,1920,1080,U8,3,1920,1080,5760,818770000,0,0,0,1920,1080,False,2022-01-18T14:12:47.2377984+01:00
False,16,1920,1080,U8,3,1920,1080,5760,806178896,0,0,0,1920,1080,False,2022-01-18T14:12:47.2698240+01:00
False,16,1920,1080,U8,3,1920,1080,5760,825090128,0,0,0,1920,1080,False,2022-01-18T14:12:47.3030912+01:00
False,16,1920,1080,U8,3,1920,1080,5760,831332432,0,0,0,1920,1080,False,2022-01-18T14:12:47.3360512+01:00
False,16,1920,1080,U8,3,1920,1080,5760,806215760,0,0,0,1920,1080,False,2022-01-18T14:12:47.3703040+01:00
False,16,1920,1080,U8,3,1920,1080,5760,844468304,0,0,0,1920,1080,False,2022-01-18T14:12:47.4028928+01:00
False,16,1920,1080,U8,3,1920,1080,5760,850767952,0,0,0,1920,1080,False,2022-01-18T14:12:47.4359424+01:00
False,16,1920,1080,U8,3,1920,1080,5760,988049488,0,0,0,1920,1080,False,2022-01-18T14:12:47.4704256+01:00
False,16,1920,1080,U8,3,1920,1080,5760,994373712,0,0,0,1920,1080,False,2022-01-18T14:12:47.5038592+01:00
False,16,1920,1080,U8,3,1920,1080,5760,806182992,0,0,0,1920,1080,False,2022-01-18T14:12:47.5369216+01:00
False,16,1920,1080,U8,3,1920,1080,5760,844484688,0,0,0,1920,1080,False,2022-01-18T14:12:47.5707136+01:00
False,16,1920,1080,U8,3,1920,1080,5760,850784336,0,0,0,1920,1080,False,2022-01-18T14:12:47.6037760+01:00
False,16,1920,1080,U8,3,1920,1080,5760,806162512,0,0,0,1920,1080,False,2022-01-18T14:12:47.6369536+01:00
False,16,1920,1080,U8,3,1920,1080,5760,812453968,0,0,0,1920,1080,False,2022-01-18T14:12:47.6701312+01:00
False,16,1920,1080,U8,3,1920,1080,5760,818798672,0,0,0,1920,1080,False,2022-01-18T14:12:47.7039744+01:00
False,16,1920,1080,U8,3,1920,1080,5760,806195280,0,0,0,1920,1080,False,2022-01-18T14:12:47.7370112+01:00
False,16,1920,1080,U8,3,1920,1080,5760,825094224,0,0,0,1920,1080,False,2022-01-18T14:12:47.7699584+01:00
False,16,1920,1080,U8,3,1920,1080,5760,831365200,0,0,0,1920,1080,False,2022-01-18T14:12:47.8031232+01:00
False,16,1920,1080,U8,3,1920,1080,5760,806207568,0,0,0,1920,1080,False,2022-01-18T14:12:47.8376192+01:00
False,16,1920,1080,U8,3,1920,1080,5760,844447824,0,0,0,1920,1080,False,2022-01-18T14:12:47.8702208+01:00
False,16,1920,1080,U8,3,1920,1080,5760,850772048,0,0,0,1920,1080,False,2022-01-18T14:12:47.9032960+01:00
False,16,1920,1080,U8,3,1920,1080,5760,988065872,0,0,0,1920,1080,False,2022-01-18T14:12:47.9375488+01:00
False,16,1920,1080,U8,3,1920,1080,5760,994345040,0,0,0,1920,1080,False,2022-01-18T14:12:47.9710336+01:00
False,16,1920,1080,U8,3,1920,1080,5760,806170704,0,0,0,1920,1080,False,2022-01-18T14:12:48.0034432+01:00
False,16,1920,1080,U8,3,1920,1080,5760,844484688,0,0,0,1920,1080,False,2022-01-18T14:12:48.0360832+01:00
False,16,1920,1080,U8,3,1920,1080,5760,850772048,0,0,0,1920,1080,False,2022-01-18T14:12:48.0711040+01:00
False,16,1920,1080,U8,3,1920,1080,5760,806195280,0,0,0,1920,1080,False,2022-01-18T14:12:48.1033216+01:00
False,16,1920,1080,U8,3,1920,1080,5760,812474448,0,0,0,1920,1080,False,2022-01-18T14:12:48.1370624+01:00
False,16,1920,1080,U8,3,1920,1080,5760,818782288,0,0,0,1920,1080,False,2022-01-18T14:12:48.1725312+01:00
False,16,1920,1080,U8,3,1920,1080,5760,806215760,0,0,0,1920,1080,False,2022-01-18T14:12:48.2031232+01:00
False,16,1920,1080,U8,3,1920,1080,5760,825094224,0,0,0,1920,1080,False,2022-01-18T14:12:48.2359808+01:00
False,16,1920,1080,U8,3,1920,1080,5760,831381584,0,0,0,1920,1080,False,2022-01-18T14:12:48.2705920+01:00
False,16,1920,1080,U8,3,1920,1080,5760,806203472,0,0,0,1920,1080,False,2022-01-18T14:12:48.3036928+01:00
False,16,1920,1080,U8,3,1920,1080,5760,844431440,0,0,0,1920,1080,False,2022-01-18T14:12:48.3369856+01:00
False,16,1920,1080,U8,3,1920,1080,5760,850657360,0,0,0,1920,1080,False,2022-01-18T14:12:48.3701760+01:00
False,16,1920,1080,U8,3,1920,1080,5760,988037200,0,0,0,1920,1080,False,2022-01-18T14:12:48.4035328+01:00
False,16,1920,1080,U8,3,1920,1080,5760,994353232,0,0,0,1920,1080,False,2022-01-18T14:12:48.4378496+01:00
False,16,1920,1080,U8,3,1920,1080,5760,806170704,0,0,0,1920,1080,False,2022-01-18T14:12:48.4702080+01:00
False,16,1920,1080,U8,3,1920,1080,5760,844431440,0,0,0,1920,1080,False,2022-01-18T14:12:48.5031040+01:00
False,16,1920,1080,U8,3,1920,1080,5760,850710608,0,0,0,1920,1080,False,2022-01-18T14:12:48.5382912+01:00
False,16,1920,1080,U8,3,1920,1080,5760,806162512,0,0,0,1920,1080,False,2022-01-18T14:12:48.5705600+01:00
False,16,1920,1080,U8,3,1920,1080,5760,812494928,0,0,0,1920,1080,False,2022-01-18T14:12:48.6043264+01:00
False,16,1920,1080,U8,3,1920,1080,5760,818770000,0,0,0,1920,1080,False,2022-01-18T14:12:48.6380544+01:00
False,16,1920,1080,U8,3,1920,1080,5760,806182992,0,0,0,1920,1080,False,2022-01-18T14:12:48.6703104+01:00
False,16,1920,1080,U8,3,1920,1080,5760,825049168,0,0,0,1920,1080,False,2022-01-18T14:12:48.7041152+01:00
False,16,1920,1080,U8,3,1920,1080,5760,831361104,0,0,0,1920,1080,False,2022-01-18T14:12:48.7375104+01:00
False,16,1920,1080,U8,3,1920,1080,5760,806187088,0,0,0,1920,1080,False,2022-01-18T14:12:48.7704832+01:00
False,16,1920,1080,U8,3,1920,1080,5760,844472400,0,0,0,1920,1080,False,2022-01-18T14:12:48.8041344+01:00
False,16,1920,1080,U8,3,1920,1080,5760,850722896,0,0,0,1920,1080,False,2022-01-18T14:12:48.8373376+01:00
False,16,1920,1080,U8,3,1920,1080,5760,988069968,0,0,0,1920,1080,False,2022-01-18T14:12:48.8706176+01:00
False,16,1920,1080,U8,3,1920,1080,5760,994373712,0,0,0,1920,1080,False,2022-01-18T14:12:48.9039232+01:00
False,16,1920,1080,U8,3,1920,1080,5760,806187088,0,0,0,1920,1080,False,2022-01-18T14:12:48.9374336+01:00
False,16,1920,1080,U8,3,1920,1080,5760,844492880,0,0,0,1920,1080,False,2022-01-18T14:12:48.9710976+01:00
False,16,1920,1080,U8,3,1920,1080,5760,850780240,0,0,0,1920,1080,False,2022-01-18T14:12:49.0043264+01:00
False,16,1920,1080,U8,3,1920,1080,5760,806195280,0,0,0,1920,1080,False,2022-01-18T14:12:49.0372864+01:00
False,16,1920,1080,U8,3,1920,1080,5760,812474448,0,0,0,1920,1080,False,2022-01-18T14:12:49.0701696+01:00
False,16,1920,1080,U8,3,1920,1080,5760,818741328,0,0,0,1920,1080,False,2022-01-18T14:12:49.1051264+01:00
False,16,1920,1080,U8,3,1920,1080,5760,806158416,0,0,0,1920,1080,False,2022-01-18T14:12:49.1375360+01:00
False,16,1920,1080,U8,3,1920,1080,5760,824983632,0,0,0,1920,1080,False,2022-01-18T14:12:49.1705984+01:00
False,16,1920,1080,U8,3,1920,1080,5760,831283280,0,0,0,1920,1080,False,2022-01-18T14:12:49.2042368+01:00
False,16,1920,1080,U8,3,1920,1080,5760,806207568,0,0,0,1920,1080,False,2022-01-18T14:12:49.2377472+01:00
False,16,1920,1080,U8,3,1920,1080,5760,844435536,0,0,0,1920,1080,False,2022-01-18T14:12:49.2706176+01:00
False,16,1920,1080,U8,3,1920,1080,5760,850767952,0,0,0,1920,1080,False,2022-01-18T14:12:49.3036032+01:00
False,16,1920,1080,U8,3,1920,1080,5760,988065872,0,0,0,1920,1080,False,2022-01-18T14:12:49.3379200+01:00
False,16,1920,1080,U8,3,1920,1080,5760,994369616,0,0,0,1920,1080,False,2022-01-18T14:12:49.3714944+01:00
False,16,1920,1080,U8,3,1920,1080,5760,806178896,0,0,0,1920,1080,False,2022-01-18T14:12:49.4037376+01:00
False,16,1920,1080,U8,3,1920,1080,5760,844451920,0,0,0,1920,1080,False,2022-01-18T14:12:49.4367616+01:00
False,16,1920,1080,U8,3,1920,1080,5760,850722896,0,0,0,1920,1080,False,2022-01-18T14:12:49.4715648+01:00
False,16,1920,1080,U8,3,1920,1080,5760,806195280,0,0,0,1920,1080,False,2022-01-18T14:12:49.5036800+01:00
False,16,1920,1080,U8,3,1920,1080,5760,812453968,0,0,0,1920,1080,False,2022-01-18T14:12:49.5376512+01:00
False,16,1920,1080,U8,3,1920,1080,5760,818749520,0,0,0,1920,1080,False,2022-01-18T14:12:49.5714816+01:00
False,16,1920,1080,U8,3,1920,1080,5760,806182992,0,0,0,1920,1080,False,2022-01-18T14:12:49.6038144+01:00
False,16,1920,1080,U8,3,1920,1080,5760,825090128,0,0,0,1920,1080,False,2022-01-18T14:12:49.6375424+01:00
False,16,1920,1080,U8,3,1920,1080,5760,831385680,0,0,0,1920,1080,False,2022-01-18T14:12:49.6711040+01:00
False,16,1920,1080,U8,3,1920,1080,5760,806211664,0,0,0,1920,1080,False,2022-01-18T14:12:49.7042048+01:00
False,16,1920,1080,U8,3,1920,1080,5760,844472400,0,0,0,1920,1080,False,2022-01-18T14:12:49.7378816+01:00
False,16,1920,1080,U8,3,1920,1080,5760,850751568,0,0,0,1920,1080,False,2022-01-18T14:12:49.7698304+01:00
False,16,1920,1080,U8,3,1920,1080,5760,988078160,0,0,0,1920,1080,False,2022-01-18T14:12:49.8041984+01:00
False,16,1920,1080,U8,3,1920,1080,5760,994349136,0,0,0,1920,1080,False,2022-01-18T14:12:49.8385408+01:00
False,16,1920,1080,U8,3,1920,1080,5760,806170704,0,0,0,1920,1080,False,2022-01-18T14:12:49.8710656+01:00
False,16,1920,1080,U8,3,1920,1080,5760,844447824,0,0,0,1920,1080,False,2022-01-18T14:12:49.9040640+01:00
False,16,1920,1080,U8,3,1920,1080,5760,850755664,0,0,0,1920,1080,False,2022-01-18T14:12:49.9385856+01:00
False,16,1920,1080,U8,3,1920,1080,5760,806158416,0,0,0,1920,1080,False,2022-01-18T14:12:49.9710464+01:00
False,16,1920,1080,U8,3,1920,1080,5760,812404816,0,0,0,1920,1080,False,2022-01-18T14:12:50.0037504+01:00
False,16,1920,1080,U8,3,1920,1080,5760,818696272,0,0,0,1920,1080,False,2022-01-18T14:12:50.0391808+01:00
False,16,1920,1080,U8,3,1920,1080,5760,824983632,0,0,0,1920,1080,False,2022-01-18T14:12:50.0710528+01:00
False,16,1920,1080,U8,3,1920,1080,5760,831275088,0,0,0,1920,1080,False,2022-01-18T14:12:50.1038848+01:00
False,16,1920,1080,U8,3,1920,1080,5760,844468304,0,0,0,1920,1080,False,2022-01-18T14:12:50.1383552+01:00
False,16,1920,1080,U8,3,1920,1080,5760,825008208,0,0,0,1920,1080,False,2022-01-18T14:12:50.1702656+01:00
False,16,1920,1080,U8,3,1920,1080,5760,850731088,0,0,0,1920,1080,False,2022-01-18T14:12:50.2036864+01:00
False,16,1920,1080,U8,3,1920,1080,5760,988065872,0,0,0,1920,1080,False,2022-01-18T14:12:50.2378496+01:00
False,16,1920,1080,U8,3,1920,1080,5760,994349136,0,0,0,1920,1080,False,2022-01-18T14:12:50.2714880+01:00
False,16,1920,1080,U8,3,1920,1080,5760,1000620112,0,0,0,1920,1080,False,2022-01-18T14:12:50.3045760+01:00
False,16,1920,1080,U8,3,1920,1080,5760,806158416,0,0,0,1920,1080,False,2022-01-18T14:12:50.3378944+01:00
False,16,1920,1080,U8,3,1920,1080,5760,825024592,0,0,0,1920,1080,False,2022-01-18T14:12:50.3709696+01:00
False,16,1920,1080,U8,3,1920,1080,5760,850780240,0,0,0,1920,1080,False,2022-01-18T14:12:50.4046336+01:00
False,16,1920,1080,U8,3,1920,1080,5760,806187088,0,0,0,1920,1080,False,2022-01-18T14:12:50.4366336+01:00
False,16,1920,1080,U8,3,1920,1080,5760,812458064,0,0,0,1920,1080,False,2022-01-18T14:12:50.4708608+01:00
False,16,1920,1080,U8,3,1920,1080,5760,831266896,0,0,0,1920,1080,False,2022-01-18T14:12:50.5045760+01:00
False,16,1920,1080,U8,3,1920,1080,5760,806158416,0,0,0,1920,1080,False,2022-01-18T14:12:50.5382144+01:00
False,16,1920,1080,U8,3,1920,1080,5760,818770000,0,0,0,1920,1080,False,2022-01-18T14:12:50.5709440+01:00
False,16,1920,1080,U8,3,1920,1080,5760,844476496,0,0,0,1920,1080,False,2022-01-18T14:12:50.6043264+01:00
False,16,1920,1080,U8,3,1920,1080,5760,806182992,0,0,0,1920,1080,False,2022-01-18T14:12:50.6384640+01:00
False,16,1920,1080,U8,3,1920,1080,5760,850726992,0,0,0,1920,1080,False,2022-01-18T14:12:50.6710400+01:00
False,16,1920,1080,U8,3,1920,1080,5760,988069968,0,0,0,1920,1080,False,2022-01-18T14:12:50.7041152+01:00
False,16,1920,1080,U8,3,1920,1080,5760,994365520,0,0,0,1920,1080,False,2022-01-18T14:12:50.7384192+01:00
False,16,1920,1080,U8,3,1920,1080,5760,1000611920,0,0,0,1920,1080,False,2022-01-18T14:12:50.7722624+01:00
False,16,1920,1080,U8,3,1920,1080,5760,806207568,0,0,0,1920,1080,False,2022-01-18T14:12:50.8041984+01:00
False,16,1920,1080,U8,3,1920,1080,5760,850755664,0,0,0,1920,1080,False,2022-01-18T14:12:50.8367872+01:00
False,16,1920,1080,U8,3,1920,1080,5760,988045392,0,0,0,1920,1080,False,2022-01-18T14:12:50.8720640+01:00
False,16,1920,1080,U8,3,1920,1080,5760,806203472,0,0,0,1920,1080,False,2022-01-18T14:12:50.9041024+01:00
False,16,1920,1080,U8,3,1920,1080,5760,812499024,0,0,0,1920,1080,False,2022-01-18T14:12:50.9380352+01:00
False,16,1920,1080,U8,3,1920,1080,5760,818798672,0,0,0,1920,1080,False,2022-01-18T14:12:50.9718784+01:00
False,16,1920,1080,U8,3,1920,1080,5760,806158416,0,0,0,1920,1080,False,2022-01-18T14:12:51.0040064+01:00
False,16,1920,1080,U8,3,1920,1080,5760,825065552,0,0,0,1920,1080,False,2022-01-18T14:12:51.0379264+01:00
False,16,1920,1080,U8,3,1920,1080,5760,831340624,0,0,0,1920,1080,False,2022-01-18T14:12:51.0715392+01:00
False,16,1920,1080,U8,3,1920,1080,5760,806191184,0,0,0,1920,1080,False,2022-01-18T14:12:51.1046016+01:00
False,16,1920,1080,U8,3,1920,1080,5760,844480592,0,0,0,1920,1080,False,2022-01-18T14:12:51.1379712+01:00
False,16,1920,1080,U8,3,1920,1080,5760,850780240,0,0,0,1920,1080,False,2022-01-18T14:12:51.1712256+01:00
False,16,1920,1080,U8,3,1920,1080,5760,988065872,0,0,0,1920,1080,False,2022-01-18T14:12:51.2051584+01:00
False,16,1920,1080,U8,3,1920,1080,5760,994324560,0,0,0,1920,1080,False,2022-01-18T14:12:51.2386560+01:00
False,16,1920,1080,U8,3,1920,1080,5760,806211664,0,0,0,1920,1080,False,2022-01-18T14:12:51.2713088+01:00
False,16,1920,1080,U8,3,1920,1080,5760,844439632,0,0,0,1920,1080,False,2022-01-18T14:12:51.3055104+01:00
False,16,1920,1080,U8,3,1920,1080,5760,850759760,0,0,0,1920,1080,False,2022-01-18T14:12:51.3389312+01:00
False,16,1920,1080,U8,3,1920,1080,5760,806174800,0,0,0,1920,1080,False,2022-01-18T14:12:51.3716480+01:00
False,16,1920,1080,U8,3,1920,1080,5760,812507216,0,0,0,1920,1080,False,2022-01-18T14:12:51.4055808+01:00
False,16,1920,1080,U8,3,1920,1080,5760,818774096,0,0,0,1920,1080,False,2022-01-18T14:12:51.4410240+01:00
False,16,1920,1080,U8,3,1920,1080,5760,806187088,0,0,0,1920,1080,False,2022-01-18T14:12:51.4720000+01:00
False,16,1920,1080,U8,3,1920,1080,5760,825053264,0,0,0,1920,1080,False,2022-01-18T14:12:51.5044480+01:00
False,16,1920,1080,U8,3,1920,1080,5760,831324240,0,0,0,1920,1080,False,2022-01-18T14:12:51.5392128+01:00
False,16,1920,1080,U8,3,1920,1080,5760,806191184,0,0,0,1920,1080,False,2022-01-18T14:12:51.5714560+01:00
False,16,1920,1080,U8,3,1920,1080,5760,844431440,0,0,0,1920,1080,False,2022-01-18T14:12:51.6051200+01:00
False,16,1920,1080,U8,3,1920,1080,5760,850669648,0,0,0,1920,1080,False,2022-01-18T14:12:51.6383104+01:00
False,16,1920,1080,U8,3,1920,1080,5760,988074064,0,0,0,1920,1080,False,2022-01-18T14:12:51.6714624+01:00
False,16,1920,1080,U8,3,1920,1080,5760,994336848,0,0,0,1920,1080,False,2022-01-18T14:12:51.7049344+01:00
False,16,1920,1080,U8,3,1920,1080,5760,806158416,0,0,0,1920,1080,False,2022-01-18T14:12:51.7381248+01:00
False,16,1920,1080,U8,3,1920,1080,5760,844447824,0,0,0,1920,1080,False,2022-01-18T14:12:51.7711616+01:00
False,16,1920,1080,U8,3,1920,1080,5760,850776144,0,0,0,1920,1080,False,2022-01-18T14:12:51.8049280+01:00
False,16,1920,1080,U8,3,1920,1080,5760,806170704,0,0,0,1920,1080,False,2022-01-18T14:12:51.8381824+01:00
False,16,1920,1080,U8,3,1920,1080,5760,812511312,0,0,0,1920,1080,False,2022-01-18T14:12:51.8715136+01:00
False,16,1920,1080,U8,3,1920,1080,5760,818774096,0,0,0,1920,1080,False,2022-01-18T14:12:51.9049344+01:00
False,16,1920,1080,U8,3,1920,1080,5760,806195280,0,0,0,1920,1080,False,2022-01-18T14:12:51.9380608+01:00
False,16,1920,1080,U8,3,1920,1080,5760,825065552,0,0,0,1920,1080,False,2022-01-18T14:12:51.9710848+01:00
False,16,1920,1080,U8,3,1920,1080,5760,831348816,0,0,0,1920,1080,False,2022-01-18T14:12:52.0046080+01:00
False,16,1920,1080,U8,3,1920,1080,5760,806170704,0,0,0,1920,1080,False,2022-01-18T14:12:52.0387584+01:00
False,16,1920,1080,U8,3,1920,1080,5760,844439632,0,0,0,1920,1080,False,2022-01-18T14:12:52.0710400+01:00
False,16,1920,1080,U8,3,1920,1080,5760,850722896,0,0,0,1920,1080,False,2022-01-18T14:12:52.1041792+01:00
False,16,1920,1080,U8,3,1920,1080,5760,988037200,0,0,0,1920,1080,False,2022-01-18T14:12:52.1388032+01:00
False,16,1920,1080,U8,3,1920,1080,5760,994365520,0,0,0,1920,1080,False,2022-01-18T14:12:52.1721728+01:00
False,16,1920,1080,U8,3,1920,1080,5760,806191184,0,0,0,1920,1080,False,2022-01-18T14:12:52.2046336+01:00
False,16,1920,1080,U8,3,1920,1080,5760,844476496,0,0,0,1920,1080,False,2022-01-18T14:12:52.2384256+01:00
False,16,1920,1080,U8,3,1920,1080,5760,850759760,0,0,0,1920,1080,False,2022-01-18T14:12:52.2721664+01:00
False,16,1920,1080,U8,3,1920,1080,5760,806170704,0,0,0,1920,1080,False,2022-01-18T14:12:52.3045248+01:00
False,16,1920,1080,U8,3,1920,1080,5760,812499024,0,0,0,1920,1080,False,2022-01-18T14:12:52.3375616+01:00
False,16,1920,1080,U8,3,1920,1080,5760,818753616,0,0,0,1920,1080,False,2022-01-18T14:12:52.3722496+01:00
False,16,1920,1080,U8,3,1920,1080,5760,806195280,0,0,0,1920,1080,False,2022-01-18T14:12:52.4048128+01:00
False,16,1920,1080,U8,3,1920,1080,5760,825049168,0,0,0,1920,1080,False,2022-01-18T14:12:52.4388096+01:00
False,16,1920,1080,U8,3,1920,1080,5760,831352912,0,0,0,1920,1080,False,2022-01-18T14:12:52.4723072+01:00
False,16,1920,1080,U8,3,1920,1080,5760,806162512,0,0,0,1920,1080,False,2022-01-18T14:12:52.5049984+01:00
False,16,1920,1080,U8,3,1920,1080,5760,844468304,0,0,0,1920,1080,False,2022-01-18T14:12:52.5372032+01:00
False,16,1920,1080,U8,3,1920,1080,5760,850767952,0,0,0,1920,1080,False,2022-01-18T14:12:52.5714560+01:00
False,16,1920,1080,U8,3,1920,1080,5760,988053584,0,0,0,1920,1080,False,2022-01-18T14:12:52.6051456+01:00
False,16,1920,1080,U8,3,1920,1080,5760,994316368,0,0,0,1920,1080,False,2022-01-18T14:12:52.6391680+01:00
False,16,1920,1080,U8,3,1920,1080,5760,806178896,0,0,0,1920,1080,False,2022-01-18T14:12:52.6718592+01:00
False,16,1920,1080,U8,3,1920,1080,5760,844447824,0,0,0,1920,1080,False,2022-01-18T14:12:52.7047936+01:00
False,16,1920,1080,U8,3,1920,1080,5760,850763856,0,0,0,1920,1080,False,2022-01-18T14:12:52.7391488+01:00
False,16,1920,1080,U8,3,1920,1080,5760,806162512,0,0,0,1920,1080,False,2022-01-18T14:12:52.7718272+01:00
False,16,1920,1080,U8,3,1920,1080,5760,812494928,0,0,0,1920,1080,False,2022-01-18T14:12:52.8043392+01:00
False,16,1920,1080,U8,3,1920,1080,5760,818757712,0,0,0,1920,1080,False,2022-01-18T14:12:52.8384000+01:00
False,16,1920,1080,U8,3,1920,1080,5760,806203472,0,0,0,1920,1080,False,2022-01-18T14:12:52.8703360+01:00
False,16,1920,1080,U8,3,1920,1080,5760,825032784,0,0,0,1920,1080,False,2022-01-18T14:12:52.9054720+01:00
False,16,1920,1080,U8,3,1920,1080,5760,831279184,0,0,0,1920,1080,False,2022-01-18T14:12:52.9388160+01:00
False,16,1920,1080,U8,3,1920,1080,5760,806158416,0,0,0,1920,1080,False,2022-01-18T14:12:52.9714816+01:00
False,16,1920,1080,U8,3,1920,1080,5760,844439632,0,0,0,1920,1080,False,2022-01-18T14:12:53.0037504+01:00
False,16,1920,1080,U8,3,1920,1080,5760,850763856,0,0,0,1920,1080,False,2022-01-18T14:12:53.0381312+01:00
False,16,1920,1080,U8,3,1920,1080,5760,988061776,0,0,0,1920,1080,False,2022-01-18T14:12:53.0717312+01:00
False,16,1920,1080,U8,3,1920,1080,5760,994353232,0,0,0,1920,1080,False,2022-01-18T14:12:53.1048576+01:00
False,16,1920,1080,U8,3,1920,1080,5760,806195280,0,0,0,1920,1080,False,2022-01-18T14:12:53.1382016+01:00
False,16,1920,1080,U8,3,1920,1080,5760,844484688,0,0,0,1920,1080,False,2022-01-18T14:12:53.1714176+01:00
False,16,1920,1080,U8,3,1920,1080,5760,850726992,0,0,0,1920,1080,False,2022-01-18T14:12:53.2050432+01:00
False,16,1920,1080,U8,3,1920,1080,5760,806158416,0,0,0,1920,1080,False,2022-01-18T14:12:53.2395776+01:00
False,16,1920,1080,U8,3,1920,1080,5760,812408912,0,0,0,1920,1080,False,2022-01-18T14:12:53.2709760+01:00
False,16,1920,1080,U8,3,1920,1080,5760,818683984,0,0,0,1920,1080,False,2022-01-18T14:12:53.3046912+01:00
False,16,1920,1080,U8,3,1920,1080,5760,825028688,0,0,0,1920,1080,False,2022-01-18T14:12:53.3378816+01:00
False,16,1920,1080,U8,3,1920,1080,5760,806158416,0,0,0,1920,1080,False,2022-01-18T14:12:53.3707648+01:00
False,16,1920,1080,U8,3,1920,1080,5760,831283280,0,0,0,1920,1080,False,2022-01-18T14:12:53.4048000+01:00
False,16,1920,1080,U8,3,1920,1080,5760,825000016,0,0,0,1920,1080,False,2022-01-18T14:12:53.4397568+01:00
False,16,1920,1080,U8,3,1920,1080,5760,844492880,0,0,0,1920,1080,False,2022-01-18T14:12:53.4716160+01:00
False,16,1920,1080,U8,3,1920,1080,5760,850763856,0,0,0,1920,1080,False,2022-01-18T14:12:53.5042560+01:00
False,16,1920,1080,U8,3,1920,1080,5760,988037200,0,0,0,1920,1080,False,2022-01-18T14:12:53.5385600+01:00
False,16,1920,1080,U8,3,1920,1080,5760,994316368,0,0,0,1920,1080,False,2022-01-18T14:12:53.5722240+01:00
False,16,1920,1080,U8,3,1920,1080,5760,825008208,0,0,0,1920,1080,False,2022-01-18T14:12:53.6042496+01:00
False,16,1920,1080,U8,3,1920,1080,5760,844451920,0,0,0,1920,1080,False,2022-01-18T14:12:53.6469632+01:00
False,16,1920,1080,U8,3,1920,1080,5760,850751568,0,0,0,1920,1080,False,2022-01-18T14:12:53.6862208+01:00
False,16,1920,1080,U8,3,1920,1080,5760,825020496,0,0,0,1920,1080,False,2022-01-18T14:12:53.7155328+01:00
False,16,1920,1080,U8,3,1920,1080,5760,1000648784,0,0,0,1920,1080,False,2022-01-18T14:12:53.7451008+01:00
False,16,1920,1080,U8,3,1920,1080,5760,1149956176,0,0,0,1920,1080,False,2022-01-18T14:12:53.7741440+01:00
False,16,1920,1080,U8,3,1920,1080,5760,1156223056,0,0,0,1920,1080,False,2022-01-18T14:12:53.8061696+01:00
False,16,1920,1080,U8,3,1920,1080,5760,1162481744,0,0,0,1920,1080,False,2022-01-18T14:12:53.8434176+01:00
False,16,1920,1080,U8,3,1920,1080,5760,825028688,0,0,0,1920,1080,False,2022-01-18T14:12:53.8711168+01:00
False,16,1920,1080,U8,3,1920,1080,5760,1000624208,0,0,0,1920,1080,False,2022-01-18T14:12:53.9037824+01:00
False,16,1920,1080,U8,3,1920,1080,5760,1149898832,0,0,0,1920,1080,False,2022-01-18T14:12:53.9370880+01:00
False,16,1920,1080,U8,3,1920,1080,5760,825000016,0,0,0,1920,1080,False,2022-01-18T14:12:53.9699456+01:00
False,16,1920,1080,U8,3,1920,1080,5760,1168773200,0,0,0,1920,1080,False,2022-01-18T14:12:54.0034944+01:00
False,16,1920,1080,U8,3,1920,1080,5760,1175064656,0,0,0,1920,1080,False,2022-01-18T14:12:54.0374144+01:00
False,16,1920,1080,U8,3,1920,1080,5760,1181388880,0,0,0,1920,1080,False,2022-01-18T14:12:54.0706432+01:00
False,16,1920,1080,U8,3,1920,1080,5760,1187647568,0,0,0,1920,1080,False,2022-01-18T14:12:54.1051520+01:00
False,16,1920,1080,U8,3,1920,1080,5760,824987728,0,0,0,1920,1080,False,2022-01-18T14:12:54.1369984+01:00
False,16,1920,1080,U8,3,1920,1080,5760,1168830544,0,0,0,1920,1080,False,2022-01-18T14:12:54.1703168+01:00
False,16,1920,1080,U8,3,1920,1080,5760,1175113808,0,0,0,1920,1080,False,2022-01-18T14:12:54.2040704+01:00
False,16,1920,1080,U8,3,1920,1080,5760,825008208,0,0,0,1920,1080,False,2022-01-18T14:12:54.2381696+01:00
False,16,1920,1080,U8,3,1920,1080,5760,1193975888,0,0,0,1920,1080,False,2022-01-18T14:12:54.2708096+01:00
False,16,1920,1080,U8,3,1920,1080,5760,1200250960,0,0,0,1920,1080,False,2022-01-18T14:12:54.3040768+01:00
False,16,1920,1080,U8,3,1920,1080,5760,1206558800,0,0,0,1920,1080,False,2022-01-18T14:12:54.3373312+01:00
False,16,1920,1080,U8,3,1920,1080,5760,1212817488,0,0,0,1920,1080,False,2022-01-18T14:12:54.3860736+01:00
False,16,1920,1080,U8,3,1920,1080,5760,825028688,0,0,0,1920,1080,False,2022-01-18T14:12:54.4039680+01:00
False,16,1920,1080,U8,3,1920,1080,5760,1193939024,0,0,0,1920,1080,False,2022-01-18T14:12:54.4367488+01:00
False,16,1920,1080,U8,3,1920,1080,5760,1200250960,0,0,0,1920,1080,False,2022-01-18T14:12:54.4701440+01:00
False,16,1920,1080,U8,3,1920,1080,5760,825016400,0,0,0,1920,1080,False,2022-01-18T14:12:54.5030784+01:00
False,16,1920,1080,U8,3,1920,1080,5760,1219104848,0,0,0,1920,1080,False,2022-01-18T14:12:54.5387264+01:00
False,16,1920,1080,U8,3,1920,1080,5760,1225429072,0,0,0,1920,1080,False,2022-01-18T14:12:54.5709696+01:00
False,16,1920,1080,U8,3,1920,1080,5760,1231720528,0,0,0,1920,1080,False,2022-01-18T14:12:54.6043392+01:00
False,16,1920,1080,U8,3,1920,1080,5760,1238016080,0,0,0,1920,1080,False,2022-01-18T14:12:54.6375296+01:00
False,16,1920,1080,U8,3,1920,1080,5760,824987728,0,0,0,1920,1080,False,2022-01-18T14:12:54.6699264+01:00
False,16,1920,1080,U8,3,1920,1080,5760,1219162192,0,0,0,1920,1080,False,2022-01-18T14:12:54.7035264+01:00
False,16,1920,1080,U8,3,1920,1080,5760,1225396304,0,0,0,1920,1080,False,2022-01-18T14:12:54.7368960+01:00
False,16,1920,1080,U8,3,1920,1080,5760,824983632,0,0,0,1920,1080,False,2022-01-18T14:12:54.7699840+01:00
False,16,1920,1080,U8,3,1920,1080,5760,1244323920,0,0,0,1920,1080,False,2022-01-18T14:12:54.8036352+01:00
False,16,1920,1080,U8,3,1920,1080,5760,1250615376,0,0,0,1920,1080,False,2022-01-18T14:12:54.8366848+01:00
False,16,1920,1080,U8,3,1920,1080,5760,1256849488,0,0,0,1920,1080,False,2022-01-18T14:12:54.8706944+01:00
False,16,1920,1080,U8,3,1920,1080,5760,1263099984,0,0,0,1920,1080,False,2022-01-18T14:12:54.9042944+01:00
False,16,1920,1080,U8,3,1920,1080,5760,825012304,0,0,0,1920,1080,False,2022-01-18T14:12:54.9368448+01:00
False,16,1920,1080,U8,3,1920,1080,5760,1244278864,0,0,0,1920,1080,False,2022-01-18T14:12:54.9699456+01:00
False,16,1920,1080,U8,3,1920,1080,5760,1250570320,0,0,0,1920,1080,False,2022-01-18T14:12:55.0044160+01:00
False,16,1920,1080,U8,3,1920,1080,5760,825016400,0,0,0,1920,1080,False,2022-01-18T14:12:55.0383232+01:00
False,16,1920,1080,U8,3,1920,1080,5760,1269403728,0,0,0,1920,1080,False,2022-01-18T14:12:55.0701056+01:00
False,16,1920,1080,U8,3,1920,1080,5760,1275703376,0,0,0,1920,1080,False,2022-01-18T14:12:55.1044736+01:00
False,16,1920,1080,U8,3,1920,1080,5760,1281998928,0,0,0,1920,1080,False,2022-01-18T14:12:55.1387264+01:00
False,16,1920,1080,U8,3,1920,1080,5760,1288249424,0,0,0,1920,1080,False,2022-01-18T14:12:55.1725440+01:00
False,16,1920,1080,U8,3,1920,1080,5760,825004112,0,0,0,1920,1080,False,2022-01-18T14:12:55.2038400+01:00
False,16,1920,1080,U8,3,1920,1080,5760,1269420112,0,0,0,1920,1080,False,2022-01-18T14:12:55.2376064+01:00
False,16,1920,1080,U8,3,1920,1080,5760,1275695184,0,0,0,1920,1080,False,2022-01-18T14:12:55.2717824+01:00
False,16,1920,1080,U8,3,1920,1080,5760,825000016,0,0,0,1920,1080,False,2022-01-18T14:12:55.3050496+01:00
False,16,1920,1080,U8,3,1920,1080,5760,1294557264,0,0,0,1920,1080,False,2022-01-18T14:12:55.3371392+01:00
False,16,1920,1080,U8,3,1920,1080,5760,1300885584,0,0,0,1920,1080,False,2022-01-18T14:12:55.3710208+01:00
False,16,1920,1080,U8,3,1920,1080,5760,1307127888,0,0,0,1920,1080,False,2022-01-18T14:12:55.4040448+01:00
False,16,1920,1080,U8,3,1920,1080,5760,1313443920,0,0,0,1920,1080,False,2022-01-18T14:12:55.4378112+01:00
False,16,1920,1080,U8,3,1920,1080,5760,825012304,0,0,0,1920,1080,False,2022-01-18T14:12:55.4708352+01:00
False,16,1920,1080,U8,3,1920,1080,5760,1294585936,0,0,0,1920,1080,False,2022-01-18T14:12:55.5038976+01:00
False,16,1920,1080,U8,3,1920,1080,5760,1300824144,0,0,0,1920,1080,False,2022-01-18T14:12:55.5372928+01:00
False,16,1920,1080,U8,3,1920,1080,5760,825016400,0,0,0,1920,1080,False,2022-01-18T14:12:55.5697792+01:00
False,16,1920,1080,U8,3,1920,1080,5760,1319735376,0,0,0,1920,1080,False,2022-01-18T14:12:55.6044672+01:00
False,16,1920,1080,U8,3,1920,1080,5760,1326002256,0,0,0,1920,1080,False,2022-01-18T14:12:55.6380672+01:00
False,16,1920,1080,U8,3,1920,1080,5760,1332301904,0,0,0,1920,1080,False,2022-01-18T14:12:55.6712192+01:00
False,16,1920,1080,U8,3,1920,1080,5760,1338605648,0,0,0,1920,1080,False,2022-01-18T14:12:55.7051520+01:00
False,16,1920,1080,U8,3,1920,1080,5760,824967248,0,0,0,1920,1080,False,2022-01-18T14:12:55.7369984+01:00
False,16,1920,1080,U8,3,1920,1080,5760,1319739472,0,0,0,1920,1080,False,2022-01-18T14:12:55.7699968+01:00
False,16,1920,1080,U8,3,1920,1080,5760,1325989968,0,0,0,1920,1080,False,2022-01-18T14:12:55.8049664+01:00
False,16,1920,1080,U8,3,1920,1080,5760,824979536,0,0,0,1920,1080,False,2022-01-18T14:12:55.8373888+01:00
False,16,1920,1080,U8,3,1920,1080,5760,1344893008,0,0,0,1920,1080,False,2022-01-18T14:12:55.8711040+01:00
False,16,1920,1080,U8,3,1920,1080,5760,1351155792,0,0,0,1920,1080,False,2022-01-18T14:12:55.9046144+01:00
False,16,1920,1080,U8,3,1920,1080,5760,1357439056,0,0,0,1920,1080,False,2022-01-18T14:12:55.9389056+01:00
False,16,1920,1080,U8,3,1920,1080,5760,1363718224,0,0,0,1920,1080,False,2022-01-18T14:12:55.9716480+01:00
False,16,1920,1080,U8,3,1920,1080,5760,825028688,0,0,0,1920,1080,False,2022-01-18T14:12:56.0042240+01:00
False,16,1920,1080,U8,3,1920,1080,5760,1344917584,0,0,0,1920,1080,False,2022-01-18T14:12:56.0372096+01:00
False,16,1920,1080,U8,3,1920,1080,5760,1370021968,0,0,0,1920,1080,False,2022-01-18T14:12:56.0707584+01:00
False,16,1920,1080,U8,3,1920,1080,5760,825004112,0,0,0,1920,1080,False,2022-01-18T14:12:56.1035904+01:00
False,16,1920,1080,U8,3,1920,1080,5760,1376284752,0,0,0,1920,1080,False,2022-01-18T14:12:56.1373568+01:00
False,16,1920,1080,U8,3,1920,1080,5760,1382584400,0,0,0,1920,1080,False,2022-01-18T14:12:56.1700096+01:00
False,16,1920,1080,U8,3,1920,1080,5760,1388863568,0,0,0,1920,1080,False,2022-01-18T14:12:56.2048128+01:00
False,16,1920,1080,U8,3,1920,1080,5760,1395146832,0,0,0,1920,1080,False,2022-01-18T14:12:56.2377984+01:00
False,16,1920,1080,U8,3,1920,1080,5760,824991824,0,0,0,1920,1080,False,2022-01-18T14:12:56.2707328+01:00
False,16,1920,1080,U8,3,1920,1080,5760,1376305232,0,0,0,1920,1080,False,2022-01-18T14:12:56.3031552+01:00
False,16,1920,1080,U8,3,1920,1080,5760,1382551632,0,0,0,1920,1080,False,2022-01-18T14:12:56.3376384+01:00
False,16,1920,1080,U8,3,1920,1080,5760,824967248,0,0,0,1920,1080,False,2022-01-18T14:12:56.3718272+01:00
False,16,1920,1080,U8,3,1920,1080,5760,1401471056,0,0,0,1920,1080,False,2022-01-18T14:12:56.4040576+01:00
False,16,1920,1080,U8,3,1920,1080,5760,1407717456,0,0,0,1920,1080,False,2022-01-18T14:12:56.4375680+01:00
False,16,1920,1080,U8,3,1920,1080,5760,1414049872,0,0,0,1920,1080,False,2022-01-18T14:12:56.4707072+01:00
False,16,1920,1080,U8,3,1920,1080,5760,1420333136,0,0,0,1920,1080,False,2022-01-18T14:12:56.5039616+01:00
False,16,1920,1080,U8,3,1920,1080,5760,825024592,0,0,0,1920,1080,False,2022-01-18T14:12:56.5380096+01:00
False,16,1920,1080,U8,3,1920,1080,5760,1401462864,0,0,0,1920,1080,False,2022-01-18T14:12:56.5716992+01:00
False,16,1920,1080,U8,3,1920,1080,5760,1407737936,0,0,0,1920,1080,False,2022-01-18T14:12:56.6034688+01:00
False,16,1920,1080,U8,3,1920,1080,5760,824983632,0,0,0,1920,1080,False,2022-01-18T14:12:56.6368768+01:00
False,16,1920,1080,U8,3,1920,1080,5760,1426604112,0,0,0,1920,1080,False,2022-01-18T14:12:56.6712576+01:00
False,16,1920,1080,U8,3,1920,1080,5760,1432940624,0,0,0,1920,1080,False,2022-01-18T14:12:56.7051136+01:00
False,16,1920,1080,U8,3,1920,1080,5760,1439178832,0,0,0,1920,1080,False,2022-01-18T14:12:56.7369600+01:00
False,16,1920,1080,U8,3,1920,1080,5760,1445474384,0,0,0,1920,1080,False,2022-01-18T14:12:56.7717760+01:00
False,16,1920,1080,U8,3,1920,1080,5760,824979536,0,0,0,1920,1080,False,2022-01-18T14:12:56.8039936+01:00
False,16,1920,1080,U8,3,1920,1080,5760,1426640976,0,0,0,1920,1080,False,2022-01-18T14:12:56.8393472+01:00
False,16,1920,1080,U8,3,1920,1080,5760,1432940624,0,0,0,1920,1080,False,2022-01-18T14:12:56.8711168+01:00
False,16,1920,1080,U8,3,1920,1080,5760,825020496,0,0,0,1920,1080,False,2022-01-18T14:12:56.9032192+01:00
False,16,1920,1080,U8,3,1920,1080,5760,1451790416,0,0,0,1920,1080,False,2022-01-18T14:12:56.9365504+01:00
False,16,1920,1080,U8,3,1920,1080,5760,1458049104,0,0,0,1920,1080,False,2022-01-18T14:12:56.9707648+01:00
False,16,1920,1080,U8,3,1920,1080,5760,1464356944,0,0,0,1920,1080,False,2022-01-18T14:12:57.0040960+01:00
False,16,1920,1080,U8,3,1920,1080,5760,1470664784,0,0,0,1920,1080,False,2022-01-18T14:12:57.0390912+01:00
False,16,1920,1080,U8,3,1920,1080,5760,825028688,0,0,0,1920,1080,False,2022-01-18T14:12:57.0703104+01:00
False,16,1920,1080,U8,3,1920,1080,5760,1451810896,0,0,0,1920,1080,False,2022-01-18T14:12:57.1037696+01:00
False,16,1920,1080,U8,3,1920,1080,5760,1458077776,0,0,0,1920,1080,False,2022-01-18T14:12:57.1382016+01:00
False,16,1920,1080,U8,3,1920,1080,5760,824991824,0,0,0,1920,1080,False,2022-01-18T14:12:57.1710208+01:00
False,16,1920,1080,U8,3,1920,1080,5760,1476960336,0,0,0,1920,1080,False,2022-01-18T14:12:57.2039552+01:00
False,16,1920,1080,U8,3,1920,1080,5760,1483231312,0,0,0,1920,1080,False,2022-01-18T14:12:57.2374656+01:00
False,16,1920,1080,U8,3,1920,1080,5760,1489526864,0,0,0,1920,1080,False,2022-01-18T14:12:57.2709248+01:00
False,16,1920,1080,U8,3,1920,1080,5760,1495838800,0,0,0,1920,1080,False,2022-01-18T14:12:57.3058048+01:00
False,16,1920,1080,U8,3,1920,1080,5760,824983632,0,0,0,1920,1080,False,2022-01-18T14:12:57.3383680+01:00
False,16,1920,1080,U8,3,1920,1080,5760,1476943952,0,0,0,1920,1080,False,2022-01-18T14:12:57.3723136+01:00
False,16,1920,1080,U8,3,1920,1080,5760,1483214928,0,0,0,1920,1080,False,2022-01-18T14:12:57.4043776+01:00
False,16,1920,1080,U8,3,1920,1080,5760,825000016,0,0,0,1920,1080,False,2022-01-18T14:12:57.4364672+01:00
False,16,1920,1080,U8,3,1920,1080,5760,1502113872,0,0,0,1920,1080,False,2022-01-18T14:12:57.4708224+01:00
False,16,1920,1080,U8,3,1920,1080,5760,1508434000,0,0,0,1920,1080,False,2022-01-18T14:12:57.5045248+01:00
False,16,1920,1080,U8,3,1920,1080,5760,1514729552,0,0,0,1920,1080,False,2022-01-18T14:12:57.5374720+01:00
False,16,1920,1080,U8,3,1920,1080,5760,1520971856,0,0,0,1920,1080,False,2022-01-18T14:12:57.5719040+01:00
False,16,1920,1080,U8,3,1920,1080,5760,825024592,0,0,0,1920,1080,False,2022-01-18T14:12:57.6035200+01:00
False,16,1920,1080,U8,3,1920,1080,5760,1502126160,0,0,0,1920,1080,False,2022-01-18T14:12:57.6372992+01:00
False,16,1920,1080,U8,3,1920,1080,5760,1508388944,0,0,0,1920,1080,False,2022-01-18T14:12:57.6709760+01:00
False,16,1920,1080,U8,3,1920,1080,5760,825020496,0,0,0,1920,1080,False,2022-01-18T14:12:57.7046912+01:00
False,16,1920,1080,U8,3,1920,1080,5760,1527304272,0,0,0,1920,1080,False,2022-01-18T14:12:57.7370880+01:00
False,16,1920,1080,U8,3,1920,1080,5760,1533571152,0,0,0,1920,1080,False,2022-01-18T14:12:57.7698688+01:00
False,16,1920,1080,U8,3,1920,1080,5760,1351155792,0,0,0,1920,1080,False,2022-01-18T14:12:57.8048896+01:00
False,16,1920,1080,U8,3,1920,1080,5760,1539854416,0,0,0,1920,1080,False,2022-01-18T14:12:57.8390400+01:00
False,16,1920,1080,U8,3,1920,1080,5760,824967248,0,0,0,1920,1080,False,2022-01-18T14:12:57.8701824+01:00
False,16,1920,1080,U8,3,1920,1080,5760,1527296080,0,0,0,1920,1080,False,2022-01-18T14:12:57.9043456+01:00
False,16,1920,1080,U8,3,1920,1080,5760,1533554768,0,0,0,1920,1080,False,2022-01-18T14:12:57.9366784+01:00
False,16,1920,1080,U8,3,1920,1080,5760,825008208,0,0,0,1920,1080,False,2022-01-18T14:12:57.9716352+01:00
False,16,1920,1080,U8,3,1920,1080,5760,1546154064,0,0,0,1920,1080,False,2022-01-18T14:12:58.0044928+01:00
False,16,1920,1080,U8,3,1920,1080,5760,1552478288,0,0,0,1920,1080,False,2022-01-18T14:12:58.0375936+01:00
False,16,1920,1080,U8,3,1920,1080,5760,1558724688,0,0,0,1920,1080,False,2022-01-18T14:12:58.0698368+01:00
False,16,1920,1080,U8,3,1920,1080,5760,1565048912,0,0,0,1920,1080,False,2022-01-18T14:12:58.1042432+01:00
False,16,1920,1080,U8,3,1920,1080,5760,825004112,0,0,0,1920,1080,False,2022-01-18T14:12:58.1359616+01:00
False,16,1920,1080,U8,3,1920,1080,5760,1546178640,0,0,0,1920,1080,False,2022-01-18T14:12:58.1715328+01:00
False,16,1920,1080,U8,3,1920,1080,5760,1552429136,0,0,0,1920,1080,False,2022-01-18T14:12:58.2036736+01:00
False,16,1920,1080,U8,3,1920,1080,5760,824987728,0,0,0,1920,1080,False,2022-01-18T14:12:58.2371840+01:00
False,16,1920,1080,U8,3,1920,1080,5760,1571303504,0,0,0,1920,1080,False,2022-01-18T14:12:58.2705792+01:00
False,16,1920,1080,U8,3,1920,1080,5760,1577603152,0,0,0,1920,1080,False,2022-01-18T14:12:58.3045504+01:00
False,16,1920,1080,U8,3,1920,1080,5760,1583882320,0,0,0,1920,1080,False,2022-01-18T14:12:58.3372032+01:00
False,16,1920,1080,U8,3,1920,1080,5760,1590186064,0,0,0,1920,1080,False,2022-01-18T14:12:58.3716480+01:00
False,16,1920,1080,U8,3,1920,1080,5760,824975440,0,0,0,1920,1080,False,2022-01-18T14:12:58.4055296+01:00
False,16,1920,1080,U8,3,1920,1080,5760,1571291216,0,0,0,1920,1080,False,2022-01-18T14:12:58.4364032+01:00
False,16,1920,1080,U8,3,1920,1080,5760,1577554000,0,0,0,1920,1080,False,2022-01-18T14:12:58.4706688+01:00
False,16,1920,1080,U8,3,1920,1080,5760,824995920,0,0,0,1920,1080,False,2022-01-18T14:12:58.5070208+01:00
False,16,1920,1080,U8,3,1920,1080,5760,1596485712,0,0,0,1920,1080,False,2022-01-18T14:12:58.5379712+01:00
False,16,1920,1080,U8,3,1920,1080,5760,1602785360,0,0,0,1920,1080,False,2022-01-18T14:12:58.5719424+01:00
False,16,1920,1080,U8,3,1920,1080,5760,1609060432,0,0,0,1920,1080,False,2022-01-18T14:12:58.6043264+01:00
False,16,1920,1080,U8,3,1920,1080,5760,1615380560,0,0,0,1920,1080,False,2022-01-18T14:12:58.6392192+01:00
False,16,1920,1080,U8,3,1920,1080,5760,825000016,0,0,0,1920,1080,False,2022-01-18T14:12:58.6704256+01:00
False,16,1920,1080,U8,3,1920,1080,5760,1596469328,0,0,0,1920,1080,False,2022-01-18T14:12:58.7033216+01:00
False,16,1920,1080,U8,3,1920,1080,5760,1602809936,0,0,0,1920,1080,False,2022-01-18T14:12:58.7381504+01:00
False,16,1920,1080,U8,3,1920,1080,5760,824987728,0,0,0,1920,1080,False,2022-01-18T14:12:58.7705344+01:00
False,16,1920,1080,U8,3,1920,1080,5760,1621626960,0,0,0,1920,1080,False,2022-01-18T14:12:58.8041984+01:00
False,16,1920,1080,U8,3,1920,1080,5760,1627947088,0,0,0,1920,1080,False,2022-01-18T14:12:58.8360832+01:00
False,16,1920,1080,U8,3,1920,1080,5760,1634267216,0,0,0,1920,1080,False,2022-01-18T14:12:58.8720128+01:00
False,16,1920,1080,U8,3,1920,1080,5760,1640497232,0,0,0,1920,1080,False,2022-01-18T14:12:58.9060224+01:00
False,16,1920,1080,U8,3,1920,1080,5760,824967248,0,0,0,1920,1080,False,2022-01-18T14:12:58.9363712+01:00
False,16,1920,1080,U8,3,1920,1080,5760,1621651536,0,0,0,1920,1080,False,2022-01-18T14:12:58.9704960+01:00
False,16,1920,1080,U8,3,1920,1080,5760,1627942992,0,0,0,1920,1080,False,2022-01-18T14:12:59.0033536+01:00
False,16,1920,1080,U8,3,1920,1080,5760,824987728,0,0,0,1920,1080,False,2022-01-18T14:12:59.0374144+01:00
False,16,1920,1080,U8,3,1920,1080,5760,1646772304,0,0,0,1920,1080,False,2022-01-18T14:12:59.0713088+01:00
False,16,1920,1080,U8,3,1920,1080,5760,1653067856,0,0,0,1920,1080,False,2022-01-18T14:12:59.1033600+01:00
False,16,1920,1080,U8,3,1920,1080,5760,1659347024,0,0,0,1920,1080,False,2022-01-18T14:12:59.1371904+01:00
False,16,1920,1080,U8,3,1920,1080,5760,1665634384,0,0,0,1920,1080,False,2022-01-18T14:12:59.1713920+01:00
False,16,1920,1080,U8,3,1920,1080,5760,1671893072,0,0,0,1920,1080,False,2022-01-18T14:12:59.2055296+01:00
False,16,1920,1080,U8,3,1920,1080,5760,824995920,0,0,0,1920,1080,False,2022-01-18T14:12:59.2362112+01:00
False,16,1920,1080,U8,3,1920,1080,5760,1646760016,0,0,0,1920,1080,False,2022-01-18T14:12:59.2699648+01:00
False,16,1920,1080,U8,3,1920,1080,5760,1653039184,0,0,0,1920,1080,False,2022-01-18T14:12:59.3031424+01:00
False,16,1920,1080,U8,3,1920,1080,5760,1659314256,0,0,0,1920,1080,False,2022-01-18T14:12:59.3378176+01:00
False,16,1920,1080,U8,3,1920,1080,5760,824971344,0,0,0,1920,1080,False,2022-01-18T14:12:59.3702784+01:00
False,16,1920,1080,U8,3,1920,1080,5760,1646739536,0,0,0,1920,1080,False,2022-01-18T14:12:59.4035712+01:00
False,16,1920,1080,U8,3,1920,1080,5760,1678209104,0,0,0,1920,1080,False,2022-01-18T14:12:59.4374528+01:00
False,16,1920,1080,U8,3,1920,1080,5760,1684525136,0,0,0,1920,1080,False,2022-01-18T14:12:59.4704128+01:00
False,16,1920,1080,U8,3,1920,1080,5760,1690763344,0,0,0,1920,1080,False,2022-01-18T14:12:59.5034880+01:00
False,16,1920,1080,U8,3,1920,1080,5760,1697001552,0,0,0,1920,1080,False,2022-01-18T14:12:59.5363968+01:00
False,16,1920,1080,U8,3,1920,1080,5760,1703305296,0,0,0,1920,1080,False,2022-01-18T14:12:59.5716096+01:00
False,16,1920,1080,U8,3,1920,1080,5760,1709576272,0,0,0,1920,1080,False,2022-01-18T14:12:59.6045440+01:00
False,16,1920,1080,U8,3,1920,1080,5760,1734168656,0,0,0,1920,1080,False,2022-01-18T14:12:59.6377088+01:00
False,16,1920,1080,U8,3,1920,1080,5760,1740484688,0,0,0,1920,1080,False,2022-01-18T14:12:59.6705408+01:00
False,16,1920,1080,U8,3,1920,1080,5760,1746739280,0,0,0,1920,1080,False,2022-01-18T14:12:59.7046400+01:00
False,16,1920,1080,U8,3,1920,1080,5760,1753055312,0,0,0,1920,1080,False,2022-01-18T14:12:59.7397248+01:00
False,16,1920,1080,U8,3,1920,1080,5760,1678225488,0,0,0,1920,1080,False,2022-01-18T14:12:59.7713792+01:00
False,16,1920,1080,U8,3,1920,1080,5760,1684480080,0,0,0,1920,1080,False,2022-01-18T14:12:59.8044160+01:00
False,16,1920,1080,U8,3,1920,1080,5760,1690796112,0,0,0,1920,1080,False,2022-01-18T14:12:59.8376320+01:00
False,16,1920,1080,U8,3,1920,1080,5760,1678192720,0,0,0,1920,1080,False,2022-01-18T14:12:59.8718208+01:00
False,16,1920,1080,U8,3,1920,1080,5760,1697103952,0,0,0,1920,1080,False,2022-01-18T14:12:59.9046272+01:00
False,16,1920,1080,U8,3,1920,1080,5760,1703370832,0,0,0,1920,1080,False,2022-01-18T14:12:59.9363328+01:00
False,16,1920,1080,U8,3,1920,1080,5760,1709695056,0,0,0,1920,1080,False,2022-01-18T14:12:59.9714176+01:00
False,16,1920,1080,U8,3,1920,1080,5760,1734189136,0,0,0,1920,1080,False,2022-01-18T14:13:00.0040448+01:00
False,16,1920,1080,U8,3,1920,1080,5760,1740460112,0,0,0,1920,1080,False,2022-01-18T14:13:00.0377216+01:00
False,16,1920,1080,U8,3,1920,1080,5760,1678184528,0,0,0,1920,1080,False,2022-01-18T14:13:00.0703488+01:00
False,16,1920,1080,U8,3,1920,1080,5760,1697083472,0,0,0,1920,1080,False,2022-01-18T14:13:00.1032704+01:00
False,16,1920,1080,U8,3,1920,1080,5760,1703395408,0,0,0,1920,1080,False,2022-01-18T14:13:00.1374976+01:00
False,16,1920,1080,U8,3,1920,1080,5760,1709678672,0,0,0,1920,1080,False,2022-01-18T14:13:00.1715456+01:00
False,16,1920,1080,U8,3,1920,1080,5760,1678196816,0,0,0,1920,1080,False,2022-01-18T14:13:00.2037504+01:00
False,16,1920,1080,U8,3,1920,1080,5760,1697083472,0,0,0,1920,1080,False,2022-01-18T14:13:00.2379520+01:00
False,16,1920,1080,U8,3,1920,1080,5760,1759346768,0,0,0,1920,1080,False,2022-01-18T14:13:00.2707072+01:00
False,16,1920,1080,U8,3,1920,1080,5760,1765662800,0,0,0,1920,1080,False,2022-01-18T14:13:00.3035008+01:00
False,16,1920,1080,U8,3,1920,1080,5760,1771958352,0,0,0,1920,1080,False,2022-01-18T14:13:00.3376512+01:00
False,16,1920,1080,U8,3,1920,1080,5760,1778204752,0,0,0,1920,1080,False,2022-01-18T14:13:00.3716736+01:00
False,16,1920,1080,U8,3,1920,1080,5760,1784492112,0,0,0,1920,1080,False,2022-01-18T14:13:00.4039168+01:00
False,16,1920,1080,U8,3,1920,1080,5760,1790832720,0,0,0,1920,1080,False,2022-01-18T14:13:00.4377088+01:00
False,16,1920,1080,U8,3,1920,1080,5760,1799692368,0,0,0,1920,1080,False,2022-01-18T14:13:00.4712448+01:00
False,16,1920,1080,U8,3,1920,1080,5760,1806016592,0,0,0,1920,1080,False,2022-01-18T14:13:00.5043072+01:00
False,16,1920,1080,U8,3,1920,1080,5760,1812324432,0,0,0,1920,1080,False,2022-01-18T14:13:00.5375488+01:00
False,16,1920,1080,U8,3,1920,1080,5760,1818599504,0,0,0,1920,1080,False,2022-01-18T14:13:00.5715328+01:00
False,16,1920,1080,U8,3,1920,1080,5760,1824866384,0,0,0,1920,1080,False,2022-01-18T14:13:00.6067328+01:00
False,16,1920,1080,U8,3,1920,1080,5760,1759334480,0,0,0,1920,1080,False,2022-01-18T14:13:00.6395008+01:00
False,16,1920,1080,U8,3,1920,1080,5760,1765613648,0,0,0,1920,1080,False,2022-01-18T14:13:00.6717824+01:00
False,16,1920,1080,U8,3,1920,1080,5760,1771937872,0,0,0,1920,1080,False,2022-01-18T14:13:00.7045120+01:00
False,16,1920,1080,U8,3,1920,1080,5760,1759375440,0,0,0,1920,1080,False,2022-01-18T14:13:00.7379328+01:00
False,16,1920,1080,U8,3,1920,1080,5760,1778225232,0,0,0,1920,1080,False,2022-01-18T14:13:00.7707136+01:00
False,16,1920,1080,U8,3,1920,1080,5760,1784488016,0,0,0,1920,1080,False,2022-01-18T14:13:00.8037632+01:00
False,16,1920,1080,U8,3,1920,1080,5760,1790808144,0,0,0,1920,1080,False,2022-01-18T14:13:00.8371712+01:00
False,16,1920,1080,U8,3,1920,1080,5760,1799708752,0,0,0,1920,1080,False,2022-01-18T14:13:00.8705792+01:00
False,16,1920,1080,U8,3,1920,1080,5760,1806028880,0,0,0,1920,1080,False,2022-01-18T14:13:00.9057408+01:00
False,16,1920,1080,U8,3,1920,1080,5760,1759346768,0,0,0,1920,1080,False,2022-01-18T14:13:00.9377920+01:00
False,16,1920,1080,U8,3,1920,1080,5760,1778221136,0,0,0,1920,1080,False,2022-01-18T14:13:00.9701760+01:00
False,16,1920,1080,U8,3,1920,1080,5760,1784508496,0,0,0,1920,1080,False,2022-01-18T14:13:01.0046208+01:00
False,16,1920,1080,U8,3,1920,1080,5760,1790820432,0,0,0,1920,1080,False,2022-01-18T14:13:01.0392448+01:00
False,16,1920,1080,U8,3,1920,1080,5760,1759326288,0,0,0,1920,1080,False,2022-01-18T14:13:01.0712576+01:00
False,16,1920,1080,U8,3,1920,1080,5760,1778225232,0,0,0,1920,1080,False,2022-01-18T14:13:01.1044864+01:00
False,16,1920,1080,U8,3,1920,1080,5760,1812320336,0,0,0,1920,1080,False,2022-01-18T14:13:01.1381504+01:00
False,16,1920,1080,U8,3,1920,1080,5760,1831149648,0,0,0,1920,1080,False,2022-01-18T14:13:01.1722880+01:00
False,16,1920,1080,U8,3,1920,1080,5760,1837486160,0,0,0,1920,1080,False,2022-01-18T14:13:01.2048512+01:00
False,16,1920,1080,U8,3,1920,1080,5760,1843761232,0,0,0,1920,1080,False,2022-01-18T14:13:01.2375808+01:00
False,16,1920,1080,U8,3,1920,1080,5760,1850077264,0,0,0,1920,1080,False,2022-01-18T14:13:01.2712576+01:00
False,16,1920,1080,U8,3,1920,1080,5760,1856368720,0,0,0,1920,1080,False,2022-01-18T14:13:01.3043712+01:00
False,16,1920,1080,U8,3,1920,1080,5760,1862647888,0,0,0,1920,1080,False,2022-01-18T14:13:01.3374976+01:00
False,16,1920,1080,U8,3,1920,1080,5760,1868922960,0,0,0,1920,1080,False,2022-01-18T14:13:01.3715072+01:00
False,16,1920,1080,U8,3,1920,1080,5760,1875189840,0,0,0,1920,1080,False,2022-01-18T14:13:01.4047360+01:00
False,16,1920,1080,U8,3,1920,1080,5760,1881518160,0,0,0,1920,1080,False,2022-01-18T14:13:01.4375936+01:00
False,16,1920,1080,U8,3,1920,1080,5760,1887801424,0,0,0,1920,1080,False,2022-01-18T14:13:01.4716672+01:00
False,16,1920,1080,U8,3,1920,1080,5760,1894056016,0,0,0,1920,1080,False,2022-01-18T14:13:01.5063936+01:00
False,16,1920,1080,U8,3,1920,1080,5760,1812271184,0,0,0,1920,1080,False,2022-01-18T14:13:01.5384960+01:00
False,16,1920,1080,U8,3,1920,1080,5760,1831198800,0,0,0,1920,1080,False,2022-01-18T14:13:01.5716096+01:00
False,16,1920,1080,U8,3,1920,1080,5760,1837441104,0,0,0,1920,1080,False,2022-01-18T14:13:01.6047616+01:00
False,16,1920,1080,U8,3,1920,1080,5760,1812271184,0,0,0,1920,1080,False,2022-01-18T14:13:01.6376960+01:00
False,16,1920,1080,U8,3,1920,1080,5760,1843732560,0,0,0,1920,1080,False,2022-01-18T14:13:01.6712832+01:00
False,16,1920,1080,U8,3,1920,1080,5760,1850052688,0,0,0,1920,1080,False,2022-01-18T14:13:01.7046144+01:00
False,16,1920,1080,U8,3,1920,1080,5760,1856348240,0,0,0,1920,1080,False,2022-01-18T14:13:01.7373312+01:00
False,16,1920,1080,U8,3,1920,1080,5760,1862619216,0,0,0,1920,1080,False,2022-01-18T14:13:01.7712896+01:00
False,16,1920,1080,U8,3,1920,1080,5760,1868898384,0,0,0,1920,1080,False,2022-01-18T14:13:01.8043648+01:00
False,16,1920,1080,U8,3,1920,1080,5760,1875210320,0,0,0,1920,1080,False,2022-01-18T14:13:01.8397184+01:00
False,16,1920,1080,U8,3,1920,1080,5760,1812328528,0,0,0,1920,1080,False,2022-01-18T14:13:01.8716672+01:00
False,16,1920,1080,U8,3,1920,1080,5760,1843748944,0,0,0,1920,1080,False,2022-01-18T14:13:01.9046528+01:00
False,16,1920,1080,U8,3,1920,1080,5760,1850019920,0,0,0,1920,1080,False,2022-01-18T14:13:01.9375232+01:00
False,16,1920,1080,U8,3,1920,1080,5760,1856340048,0,0,0,1920,1080,False,2022-01-18T14:13:01.9716736+01:00
False,16,1920,1080,U8,3,1920,1080,5760,1862660176,0,0,0,1920,1080,False,2022-01-18T14:13:02.0057600+01:00
False,16,1920,1080,U8,3,1920,1080,5760,1812320336,0,0,0,1920,1080,False,2022-01-18T14:13:02.0380032+01:00
False,16,1920,1080,U8,3,1920,1080,5760,1843761232,0,0,0,1920,1080,False,2022-01-18T14:13:02.0715904+01:00
False,16,1920,1080,U8,3,1920,1080,5760,1850073168,0,0,0,1920,1080,False,2022-01-18T14:13:02.1049600+01:00
False,16,1920,1080,U8,3,1920,1080,5760,1812328528,0,0,0,1920,1080,False,2022-01-18T14:13:02.1376384+01:00
False,16,1920,1080,U8,3,1920,1080,5760,1881501776,0,0,0,1920,1080,False,2022-01-18T14:13:02.1704448+01:00
False,16,1920,1080,U8,3,1920,1080,5760,1900318800,0,0,0,1920,1080,False,2022-01-18T14:13:02.2066816+01:00
False,16,1920,1080,U8,3,1920,1080,5760,1906606160,0,0,0,1920,1080,False,2022-01-18T14:13:02.2392192+01:00
False,16,1920,1080,U8,3,1920,1080,5760,1912877136,0,0,0,1920,1080,False,2022-01-18T14:13:02.2705280+01:00
False,16,1920,1080,U8,3,1920,1080,5760,1919160400,0,0,0,1920,1080,False,2022-01-18T14:13:02.3047424+01:00
False,16,1920,1080,U8,3,1920,1080,5760,1925447760,0,0,0,1920,1080,False,2022-01-18T14:13:02.3399168+01:00
False,16,1920,1080,U8,3,1920,1080,5760,1812267088,0,0,0,1920,1080,False,2022-01-18T14:13:02.3725696+01:00
False,16,1920,1080,U8,3,1920,1080,5760,1881530448,0,0,0,1920,1080,False,2022-01-18T14:13:02.4071680+01:00
False,16,1920,1080,U8,3,1920,1080,5760,1900294224,0,0,0,1920,1080,False,2022-01-18T14:13:02.4379264+01:00
False,16,1920,1080,U8,3,1920,1080,5760,1906581584,0,0,0,1920,1080,False,2022-01-18T14:13:02.4703104+01:00
False,16,1920,1080,U8,3,1920,1080,5760,1912864848,0,0,0,1920,1080,False,2022-01-18T14:13:02.5064960+01:00
False,16,1920,1080,U8,3,1920,1080,5760,1812328528,0,0,0,1920,1080,False,2022-01-18T14:13:02.5378176+01:00
False,16,1920,1080,U8,3,1920,1080,5760,1881501776,0,0,0,1920,1080,False,2022-01-18T14:13:02.5716224+01:00
False,16,1920,1080,U8,3,1920,1080,5760,1900281936,0,0,0,1920,1080,False,2022-01-18T14:13:02.6059136+01:00
False,16,1920,1080,U8,3,1920,1080,5760,1812303952,0,0,0,1920,1080,False,2022-01-18T14:13:02.6387840+01:00
False,16,1920,1080,U8,3,1920,1080,5760,1931714640,0,0,0,1920,1080,False,2022-01-18T14:13:02.6717824+01:00
False,16,1920,1080,U8,3,1920,1080,5760,1938026576,0,0,0,1920,1080,False,2022-01-18T14:13:02.7059584+01:00
False,16,1920,1080,U8,3,1920,1080,5760,1944256592,0,0,0,1920,1080,False,2022-01-18T14:13:02.7392640+01:00
False,16,1920,1080,U8,3,1920,1080,5760,1950531664,0,0,0,1920,1080,False,2022-01-18T14:13:02.7720320+01:00
False,16,1920,1080,U8,3,1920,1080,5760,1956798544,0,0,0,1920,1080,False,2022-01-18T14:13:02.8045824+01:00
False,16,1920,1080,U8,3,1920,1080,5760,1963069520,0,0,0,1920,1080,False,2022-01-18T14:13:02.8392960+01:00
False,16,1920,1080,U8,3,1920,1080,5760,1812328528,0,0,0,1920,1080,False,2022-01-18T14:13:02.8720000+01:00
False,16,1920,1080,U8,3,1920,1080,5760,1931706448,0,0,0,1920,1080,False,2022-01-18T14:13:02.9045888+01:00
False,16,1920,1080,U8,3,1920,1080,5760,1938018384,0,0,0,1920,1080,False,2022-01-18T14:13:02.9385088+01:00
False,16,1920,1080,U8,3,1920,1080,5760,1944301648,0,0,0,1920,1080,False,2022-01-18T14:13:02.9718528+01:00
False,16,1920,1080,U8,3,1920,1080,5760,1969377360,0,0,0,1920,1080,False,2022-01-18T14:13:03.0053248+01:00
False,16,1920,1080,U8,3,1920,1080,5760,1812299856,0,0,0,1920,1080,False,2022-01-18T14:13:03.0375680+01:00
False,16,1920,1080,U8,3,1920,1080,5760,1931673680,0,0,0,1920,1080,False,2022-01-18T14:13:03.0710912+01:00
False,16,1920,1080,U8,3,1920,1080,5760,1937936464,0,0,0,1920,1080,False,2022-01-18T14:13:03.1054976+01:00
False,16,1920,1080,U8,3,1920,1080,5760,1812312144,0,0,0,1920,1080,False,2022-01-18T14:13:03.1379840+01:00
False,16,1920,1080,U8,3,1920,1080,5760,1975705680,0,0,0,1920,1080,False,2022-01-18T14:13:03.1719040+01:00
False,16,1920,1080,U8,3,1920,1080,5760,1981972560,0,0,0,1920,1080,False,2022-01-18T14:13:03.2046464+01:00
False,16,1920,1080,U8,3,1920,1080,5760,1988255824,0,0,0,1920,1080,False,2022-01-18T14:13:03.2376064+01:00
False,16,1920,1080,U8,3,1920,1080,5760,1994526800,0,0,0,1920,1080,False,2022-01-18T14:13:03.2712320+01:00
False,16,1920,1080,U8,3,1920,1080,5760,2000826448,0,0,0,1920,1080,False,2022-01-18T14:13:03.3043072+01:00
False,16,1920,1080,U8,3,1920,1080,5760,2007146576,0,0,0,1920,1080,False,2022-01-18T14:13:03.3384960+01:00
False,16,1920,1080,U8,3,1920,1080,5760,2013450320,0,0,0,1920,1080,False,2022-01-18T14:13:03.3733632+01:00
False,16,1920,1080,U8,3,1920,1080,5760,1300877392,0,0,0,1920,1080,False,2022-01-18T14:13:03.4165248+01:00
False,16,1920,1080,U8,3,1920,1080,5760,825000016,0,0,0,1920,1080,False,2022-01-18T14:13:03.4435200+01:00
False,16,1920,1080,U8,3,1920,1080,5760,806211664,0,0,0,1920,1080,False,2022-01-18T14:13:03.4754688+01:00
False,16,1920,1080,U8,3,1920,1080,5760,812482640,0,0,0,1920,1080,False,2022-01-18T14:13:03.5124480+01:00
False,16,1920,1080,U8,3,1920,1080,5760,818770000,0,0,0,1920,1080,False,2022-01-18T14:13:03.5419136+01:00
False,16,1920,1080,U8,3,1920,1080,5760,825081936,0,0,0,1920,1080,False,2022-01-18T14:13:03.5724928+01:00
False,16,1920,1080,U8,3,1920,1080,5760,831324240,0,0,0,1920,1080,False,2022-01-18T14:13:03.6061696+01:00
False,16,1920,1080,U8,3,1920,1080,5760,844431440,0,0,0,1920,1080,False,2022-01-18T14:13:03.6394624+01:00
False,16,1920,1080,U8,3,1920,1080,5760,818753616,0,0,0,1920,1080,False,2022-01-18T14:13:03.6725760+01:00
False,16,1920,1080,U8,3,1920,1080,5760,825036880,0,0,0,1920,1080,False,2022-01-18T14:13:03.7064960+01:00
False,16,1920,1080,U8,3,1920,1080,5760,850661456,0,0,0,1920,1080,False,2022-01-18T14:13:03.7395200+01:00
False,16,1920,1080,U8,3,1920,1080,5760,988074064,0,0,0,1920,1080,False,2022-01-18T14:13:03.7719424+01:00
False,16,1920,1080,U8,3,1920,1080,5760,994312272,0,0,0,1920,1080,False,2022-01-18T14:13:03.8053248+01:00
False,16,1920,1080,U8,3,1920,1080,5760,1000595536,0,0,0,1920,1080,False,2022-01-18T14:13:03.8388736+01:00
False,16,1920,1080,U8,3,1920,1080,5760,1149939792,0,0,0,1920,1080,False,2022-01-18T14:13:03.8719744+01:00
False,16,1920,1080,U8,3,1920,1080,5760,1156206672,0,0,0,1920,1080,False,2022-01-18T14:13:03.9050112+01:00
False,16,1920,1080,U8,3,1920,1080,5760,1162539088,0,0,0,1920,1080,False,2022-01-18T14:13:03.9384064+01:00
False,16,1920,1080,U8,3,1920,1080,5760,1168773200,0,0,0,1920,1080,False,2022-01-18T14:13:03.9724800+01:00
False,16,1920,1080,U8,3,1920,1080,5760,806203472,0,0,0,1920,1080,False,2022-01-18T14:13:04.0053120+01:00
False,16,1920,1080,U8,3,1920,1080,5760,812470352,0,0,0,1920,1080,False,2022-01-18T14:13:04.0380416+01:00
False,16,1920,1080,U8,3,1920,1080,5760,818761808,0,0,0,1920,1080,False,2022-01-18T14:13:04.0742656+01:00
False,16,1920,1080,U8,3,1920,1080,5760,825053264,0,0,0,1920,1080,False,2022-01-18T14:13:04.1060224+01:00
False,16,1920,1080,U8,3,1920,1080,5760,806174800,0,0,0,1920,1080,False,2022-01-18T14:13:04.1382400+01:00
False,16,1920,1080,U8,3,1920,1080,5760,812462160,0,0,0,1920,1080,False,2022-01-18T14:13:04.1719168+01:00
False,16,1920,1080,U8,3,1920,1080,5760,831385680,0,0,0,1920,1080,False,2022-01-18T14:13:04.2060544+01:00
False,16,1920,1080,U8,3,1920,1080,5760,844435536,0,0,0,1920,1080,False,2022-01-18T14:13:04.2386048+01:00
False,16,1920,1080,U8,3,1920,1080,5760,806187088,0,0,0,1920,1080,False,2022-01-18T14:13:04.2718592+01:00
False,16,1920,1080,U8,3,1920,1080,5760,812490832,0,0,0,1920,1080,False,2022-01-18T14:13:04.3050624+01:00
False,16,1920,1080,U8,3,1920,1080,5760,850784336,0,0,0,1920,1080,False,2022-01-18T14:13:04.3391232+01:00
False,16,1920,1080,U8,3,1920,1080,5760,988065872,0,0,0,1920,1080,False,2022-01-18T14:13:04.3707264+01:00
False,16,1920,1080,U8,3,1920,1080,5760,994340944,0,0,0,1920,1080,False,2022-01-18T14:13:04.4047872+01:00
False,16,1920,1080,U8,3,1920,1080,5760,1000661072,0,0,0,1920,1080,False,2022-01-18T14:13:04.4393216+01:00
False,16,1920,1080,U8,3,1920,1080,5760,1149956176,0,0,0,1920,1080,False,2022-01-18T14:13:04.4720768+01:00
False,16,1920,1080,U8,3,1920,1080,5760,1156214864,0,0,0,1920,1080,False,2022-01-18T14:13:04.5060480+01:00
False,16,1920,1080,U8,3,1920,1080,5760,1162494032,0,0,0,1920,1080,False,2022-01-18T14:13:04.5396480+01:00
False,16,1920,1080,U8,3,1920,1080,5760,1168805968,0,0,0,1920,1080,False,2022-01-18T14:13:04.5723392+01:00
False,16,1920,1080,U8,3,1920,1080,5760,806191184,0,0,0,1920,1080,False,2022-01-18T14:13:04.6055168+01:00
False,16,1920,1080,U8,3,1920,1080,5760,812453968,0,0,0,1920,1080,False,2022-01-18T14:13:04.6394368+01:00
False,16,1920,1080,U8,3,1920,1080,5760,818782288,0,0,0,1920,1080,False,2022-01-18T14:13:04.6735744+01:00
False,16,1920,1080,U8,3,1920,1080,5760,825090128,0,0,0,1920,1080,False,2022-01-18T14:13:04.7101824+01:00
False,16,1920,1080,U8,3,1920,1080,5760,806182992,0,0,0,1920,1080,False,2022-01-18T14:13:04.7391360+01:00
False,16,1920,1080,U8,3,1920,1080,5760,812458064,0,0,0,1920,1080,False,2022-01-18T14:13:04.7726464+01:00
False,16,1920,1080,U8,3,1920,1080,5760,831352912,0,0,0,1920,1080,False,2022-01-18T14:13:04.8063488+01:00
False,16,1920,1080,U8,3,1920,1080,5760,844431440,0,0,0,1920,1080,False,2022-01-18T14:13:04.8404608+01:00
False,16,1920,1080,U8,3,1920,1080,5760,806162512,0,0,0,1920,1080,False,2022-01-18T14:13:04.8718848+01:00
False,16,1920,1080,U8,3,1920,1080,5760,812470352,0,0,0,1920,1080,False,2022-01-18T14:13:04.9065088+01:00
False,16,1920,1080,U8,3,1920,1080,5760,850702416,0,0,0,1920,1080,False,2022-01-18T14:13:04.9399296+01:00
False,16,1920,1080,U8,3,1920,1080,5760,988033104,0,0,0,1920,1080,False,2022-01-18T14:13:04.9724032+01:00
False,16,1920,1080,U8,3,1920,1080,5760,994345040,0,0,0,1920,1080,False,2022-01-18T14:13:05.0060544+01:00
False,16,1920,1080,U8,3,1920,1080,5760,1000656976,0,0,0,1920,1080,False,2022-01-18T14:13:05.0386944+01:00
False,16,1920,1080,U8,3,1920,1080,5760,1149911120,0,0,0,1920,1080,False,2022-01-18T14:13:05.0715008+01:00
False,16,1920,1080,U8,3,1920,1080,5760,1156194384,0,0,0,1920,1080,False,2022-01-18T14:13:05.1054720+01:00
False,16,1920,1080,U8,3,1920,1080,5760,1162506320,0,0,0,1920,1080,False,2022-01-18T14:13:05.1387648+01:00
False,16,1920,1080,U8,3,1920,1080,5760,1168793680,0,0,0,1920,1080,False,2022-01-18T14:13:05.1722496+01:00
False,16,1920,1080,U8,3,1920,1080,5760,806215760,0,0,0,1920,1080,False,2022-01-18T14:13:05.2051584+01:00
False,16,1920,1080,U8,3,1920,1080,5760,812482640,0,0,0,1920,1080,False,2022-01-18T14:13:05.2381952+01:00
False,16,1920,1080,U8,3,1920,1080,5760,818765904,0,0,0,1920,1080,False,2022-01-18T14:13:05.2723456+01:00
False,16,1920,1080,U8,3,1920,1080,5760,825073744,0,0,0,1920,1080,False,2022-01-18T14:13:05.3057024+01:00
False,16,1920,1080,U8,3,1920,1080,5760,806203472,0,0,0,1920,1080,False,2022-01-18T14:13:05.3392768+01:00
False,16,1920,1080,U8,3,1920,1080,5760,812466256,0,0,0,1920,1080,False,2022-01-18T14:13:05.3725824+01:00
False,16,1920,1080,U8,3,1920,1080,5760,831328336,0,0,0,1920,1080,False,2022-01-18T14:13:05.4066304+01:00
False,16,1920,1080,U8,3,1920,1080,5760,844484688,0,0,0,1920,1080,False,2022-01-18T14:13:05.4396800+01:00
False,16,1920,1080,U8,3,1920,1080,5760,806170704,0,0,0,1920,1080,False,2022-01-18T14:13:05.4752384+01:00
False,16,1920,1080,U8,3,1920,1080,5760,812478544,0,0,0,1920,1080,False,2022-01-18T14:13:05.5060480+01:00
False,16,1920,1080,U8,3,1920,1080,5760,850726992,0,0,0,1920,1080,False,2022-01-18T14:13:05.5400832+01:00
False,16,1920,1080,U8,3,1920,1080,5760,988061776,0,0,0,1920,1080,False,2022-01-18T14:13:05.5744512+01:00
False,16,1920,1080,U8,3,1920,1080,5760,994361424,0,0,0,1920,1080,False,2022-01-18T14:13:05.6057984+01:00
False,16,1920,1080,U8,3,1920,1080,5760,1000620112,0,0,0,1920,1080,False,2022-01-18T14:13:05.6390528+01:00
False,16,1920,1080,U8,3,1920,1080,5760,1149939792,0,0,0,1920,1080,False,2022-01-18T14:13:05.6732160+01:00
False,16,1920,1080,U8,3,1920,1080,5760,1156194384,0,0,0,1920,1080,False,2022-01-18T14:13:05.7064448+01:00
False,16,1920,1080,U8,3,1920,1080,5760,1162514512,0,0,0,1920,1080,False,2022-01-18T14:13:05.7392384+01:00
False,16,1920,1080,U8,3,1920,1080,5760,1168777296,0,0,0,1920,1080,False,2022-01-18T14:13:05.7733376+01:00
False,16,1920,1080,U8,3,1920,1080,5760,806182992,0,0,0,1920,1080,False,2022-01-18T14:13:05.8054400+01:00
False,16,1920,1080,U8,3,1920,1080,5760,812453968,0,0,0,1920,1080,False,2022-01-18T14:13:05.8394624+01:00
False,16,1920,1080,U8,3,1920,1080,5760,818782288,0,0,0,1920,1080,False,2022-01-18T14:13:05.8723584+01:00
False,16,1920,1080,U8,3,1920,1080,5760,825081936,0,0,0,1920,1080,False,2022-01-18T14:13:05.9064064+01:00
False,16,1920,1080,U8,3,1920,1080,5760,806174800,0,0,0,1920,1080,False,2022-01-18T14:13:05.9385088+01:00
False,16,1920,1080,U8,3,1920,1080,5760,812511312,0,0,0,1920,1080,False,2022-01-18T14:13:05.9722880+01:00
False,16,1920,1080,U8,3,1920,1080,5760,831352912,0,0,0,1920,1080,False,2022-01-18T14:13:06.0054912+01:00
False,16,1920,1080,U8,3,1920,1080,5760,844488784,0,0,0,1920,1080,False,2022-01-18T14:13:06.0395776+01:00
False,16,1920,1080,U8,3,1920,1080,5760,806162512,0,0,0,1920,1080,False,2022-01-18T14:13:06.0720128+01:00
False,16,1920,1080,U8,3,1920,1080,5760,812449872,0,0,0,1920,1080,False,2022-01-18T14:13:06.1054848+01:00
False,16,1920,1080,U8,3,1920,1080,5760,850780240,0,0,0,1920,1080,False,2022-01-18T14:13:06.1396736+01:00
False,16,1920,1080,U8,3,1920,1080,5760,988020816,0,0,0,1920,1080,False,2022-01-18T14:13:06.1729408+01:00
False,16,1920,1080,U8,3,1920,1080,5760,994275408,0,0,0,1920,1080,False,2022-01-18T14:13:06.2061824+01:00
False,16,1920,1080,U8,3,1920,1080,5760,1000554576,0,0,0,1920,1080,False,2022-01-18T14:13:06.2402304+01:00
False,16,1920,1080,U8,3,1920,1080,5760,1149956176,0,0,0,1920,1080,False,2022-01-18T14:13:06.2729856+01:00
False,16,1920,1080,U8,3,1920,1080,5760,1156247632,0,0,0,1920,1080,False,2022-01-18T14:13:06.3058944+01:00
False,16,1920,1080,U8,3,1920,1080,5760,1162506320,0,0,0,1920,1080,False,2022-01-18T14:13:06.3390976+01:00
False,16,1920,1080,U8,3,1920,1080,5760,1168814160,0,0,0,1920,1080,False,2022-01-18T14:13:06.3738240+01:00
False,16,1920,1080,U8,3,1920,1080,5760,806203472,0,0,0,1920,1080,False,2022-01-18T14:13:06.4056832+01:00
False,16,1920,1080,U8,3,1920,1080,5760,812490832,0,0,0,1920,1080,False,2022-01-18T14:13:06.4388224+01:00
False,16,1920,1080,U8,3,1920,1080,5760,818774096,0,0,0,1920,1080,False,2022-01-18T14:13:06.4728320+01:00
False,16,1920,1080,U8,3,1920,1080,5760,825069648,0,0,0,1920,1080,False,2022-01-18T14:13:06.5064192+01:00
False,16,1920,1080,U8,3,1920,1080,5760,806203472,0,0,0,1920,1080,False,2022-01-18T14:13:06.5384576+01:00
False,16,1920,1080,U8,3,1920,1080,5760,812499024,0,0,0,1920,1080,False,2022-01-18T14:13:06.5724160+01:00
False,16,1920,1080,U8,3,1920,1080,5760,831348816,0,0,0,1920,1080,False,2022-01-18T14:13:06.6059008+01:00
False,16,1920,1080,U8,3,1920,1080,5760,844472400,0,0,0,1920,1080,False,2022-01-18T14:13:06.6392960+01:00
False,16,1920,1080,U8,3,1920,1080,5760,806203472,0,0,0,1920,1080,False,2022-01-18T14:13:06.6725760+01:00
False,16,1920,1080,U8,3,1920,1080,5760,812453968,0,0,0,1920,1080,False,2022-01-18T14:13:06.7056896+01:00
False,16,1920,1080,U8,3,1920,1080,5760,850726992,0,0,0,1920,1080,False,2022-01-18T14:13:06.7393536+01:00
False,16,1920,1080,U8,3,1920,1080,5760,988037200,0,0,0,1920,1080,False,2022-01-18T14:13:06.7721472+01:00
False,16,1920,1080,U8,3,1920,1080,5760,994369616,0,0,0,1920,1080,False,2022-01-18T14:13:06.8046208+01:00
False,16,1920,1080,U8,3,1920,1080,5760,1000624208,0,0,0,1920,1080,False,2022-01-18T14:13:06.8389248+01:00
False,16,1920,1080,U8,3,1920,1080,5760,1149898832,0,0,0,1920,1080,False,2022-01-18T14:13:06.8725632+01:00
False,16,1920,1080,U8,3,1920,1080,5760,1156247632,0,0,0,1920,1080,False,2022-01-18T14:13:06.9054848+01:00
False,16,1920,1080,U8,3,1920,1080,5760,1162530896,0,0,0,1920,1080,False,2022-01-18T14:13:06.9391616+01:00
False,16,1920,1080,U8,3,1920,1080,5760,1168805968,0,0,0,1920,1080,False,2022-01-18T14:13:06.9735296+01:00
False,16,1920,1080,U8,3,1920,1080,5760,806182992,0,0,0,1920,1080,False,2022-01-18T14:13:07.0059520+01:00
False,16,1920,1080,U8,3,1920,1080,5760,812499024,0,0,0,1920,1080,False,2022-01-18T14:13:07.0399488+01:00
False,16,1920,1080,U8,3,1920,1080,5760,818786384,0,0,0,1920,1080,False,2022-01-18T14:13:07.0721280+01:00
False,16,1920,1080,U8,3,1920,1080,5760,825073744,0,0,0,1920,1080,False,2022-01-18T14:13:07.1060352+01:00
False,16,1920,1080,U8,3,1920,1080,5760,806215760,0,0,0,1920,1080,False,2022-01-18T14:13:07.1387648+01:00
False,16,1920,1080,U8,3,1920,1080,5760,812462160,0,0,0,1920,1080,False,2022-01-18T14:13:07.1727744+01:00
False,16,1920,1080,U8,3,1920,1080,5760,831373392,0,0,0,1920,1080,False,2022-01-18T14:13:07.2057344+01:00
False,16,1920,1080,U8,3,1920,1080,5760,844476496,0,0,0,1920,1080,False,2022-01-18T14:13:07.2391296+01:00
False,16,1920,1080,U8,3,1920,1080,5760,806187088,0,0,0,1920,1080,False,2022-01-18T14:13:07.2718720+01:00
False,16,1920,1080,U8,3,1920,1080,5760,812478544,0,0,0,1920,1080,False,2022-01-18T14:13:07.3047552+01:00
False,16,1920,1080,U8,3,1920,1080,5760,850751568,0,0,0,1920,1080,False,2022-01-18T14:13:07.3398400+01:00
False,16,1920,1080,U8,3,1920,1080,5760,988049488,0,0,0,1920,1080,False,2022-01-18T14:13:07.3721344+01:00
False,16,1920,1080,U8,3,1920,1080,5760,994332752,0,0,0,1920,1080,False,2022-01-18T14:13:07.4047488+01:00
False,16,1920,1080,U8,3,1920,1080,5760,1000648784,0,0,0,1920,1080,False,2022-01-18T14:13:07.4389504+01:00
False,16,1920,1080,U8,3,1920,1080,5760,1149915216,0,0,0,1920,1080,False,2022-01-18T14:13:07.4720256+01:00
False,16,1920,1080,U8,3,1920,1080,5760,1156231248,0,0,0,1920,1080,False,2022-01-18T14:13:07.5052800+01:00
False,16,1920,1080,U8,3,1920,1080,5760,1162506320,0,0,0,1920,1080,False,2022-01-18T14:13:07.5389184+01:00
False,16,1920,1080,U8,3,1920,1080,5760,1168793680,0,0,0,1920,1080,False,2022-01-18T14:13:07.5724032+01:00
False,16,1920,1080,U8,3,1920,1080,5760,806178896,0,0,0,1920,1080,False,2022-01-18T14:13:07.6048256+01:00
False,16,1920,1080,U8,3,1920,1080,5760,812511312,0,0,0,1920,1080,False,2022-01-18T14:13:07.6384768+01:00
False,16,1920,1080,U8,3,1920,1080,5760,818753616,0,0,0,1920,1080,False,2022-01-18T14:13:07.6721792+01:00
False,16,1920,1080,U8,3,1920,1080,5760,825057360,0,0,0,1920,1080,False,2022-01-18T14:13:07.7075200+01:00
False,16,1920,1080,U8,3,1920,1080,5760,806207568,0,0,0,1920,1080,False,2022-01-18T14:13:07.7411968+01:00
False,16,1920,1080,U8,3,1920,1080,5760,812449872,0,0,0,1920,1080,False,2022-01-18T14:13:07.7725056+01:00
False,16,1920,1080,U8,3,1920,1080,5760,831332432,0,0,0,1920,1080,False,2022-01-18T14:13:07.8062976+01:00
False,16,1920,1080,U8,3,1920,1080,5760,844480592,0,0,0,1920,1080,False,2022-01-18T14:13:07.8395264+01:00
False,16,1920,1080,U8,3,1920,1080,5760,806219856,0,0,0,1920,1080,False,2022-01-18T14:13:07.8731520+01:00
False,16,1920,1080,U8,3,1920,1080,5760,812499024,0,0,0,1920,1080,False,2022-01-18T14:13:07.9058560+01:00
False,16,1920,1080,U8,3,1920,1080,5760,850759760,0,0,0,1920,1080,False,2022-01-18T14:13:07.9390720+01:00
False,16,1920,1080,U8,3,1920,1080,5760,988074064,0,0,0,1920,1080,False,2022-01-18T14:13:07.9721600+01:00
False,16,1920,1080,U8,3,1920,1080,5760,994349136,0,0,0,1920,1080,False,2022-01-18T14:13:08.0054912+01:00
False,16,1920,1080,U8,3,1920,1080,5760,1000616016,0,0,0,1920,1080,False,2022-01-18T14:13:08.0389632+01:00
False,16,1920,1080,U8,3,1920,1080,5760,1149952080,0,0,0,1920,1080,False,2022-01-18T14:13:08.0717312+01:00
False,16,1920,1080,U8,3,1920,1080,5760,1156210768,0,0,0,1920,1080,False,2022-01-18T14:13:08.1055104+01:00
False,16,1920,1080,U8,3,1920,1080,5760,1162530896,0,0,0,1920,1080,False,2022-01-18T14:13:08.1391744+01:00
False,16,1920,1080,U8,3,1920,1080,5760,1168789584,0,0,0,1920,1080,False,2022-01-18T14:13:08.1725824+01:00
False,16,1920,1080,U8,3,1920,1080,5760,806199376,0,0,0,1920,1080,False,2022-01-18T14:13:08.2052224+01:00
False,16,1920,1080,U8,3,1920,1080,5760,812478544,0,0,0,1920,1080,False,2022-01-18T14:13:08.2393472+01:00
False,16,1920,1080,U8,3,1920,1080,5760,818757712,0,0,0,1920,1080,False,2022-01-18T14:13:08.2720384+01:00
False,16,1920,1080,U8,3,1920,1080,5760,825090128,0,0,0,1920,1080,False,2022-01-18T14:13:08.3052672+01:00
False,16,1920,1080,U8,3,1920,1080,5760,806174800,0,0,0,1920,1080,False,2022-01-18T14:13:08.3396352+01:00
False,16,1920,1080,U8,3,1920,1080,5760,812462160,0,0,0,1920,1080,False,2022-01-18T14:13:08.3725568+01:00
False,16,1920,1080,U8,3,1920,1080,5760,831324240,0,0,0,1920,1080,False,2022-01-18T14:13:08.4049792+01:00
False,16,1920,1080,U8,3,1920,1080,5760,844447824,0,0,0,1920,1080,False,2022-01-18T14:13:08.4392960+01:00
False,16,1920,1080,U8,3,1920,1080,5760,806207568,0,0,0,1920,1080,False,2022-01-18T14:13:08.4713856+01:00
False,16,1920,1080,U8,3,1920,1080,5760,812494928,0,0,0,1920,1080,False,2022-01-18T14:13:08.5060736+01:00
False,16,1920,1080,U8,3,1920,1080,5760,850755664,0,0,0,1920,1080,False,2022-01-18T14:13:08.5389568+01:00
False,16,1920,1080,U8,3,1920,1080,5760,988020816,0,0,0,1920,1080,False,2022-01-18T14:13:08.5730304+01:00
False,16,1920,1080,U8,3,1920,1080,5760,994263120,0,0,0,1920,1080,False,2022-01-18T14:13:08.6054272+01:00
False,16,1920,1080,U8,3,1920,1080,5760,1000550480,0,0,0,1920,1080,False,2022-01-18T14:13:08.6390016+01:00
False,16,1920,1080,U8,3,1920,1080,5760,1149898832,0,0,0,1920,1080,False,2022-01-18T14:13:08.6713088+01:00
False,16,1920,1080,U8,3,1920,1080,5760,1156206672,0,0,0,1920,1080,False,2022-01-18T14:13:08.7059200+01:00
False,16,1920,1080,U8,3,1920,1080,5760,1162498128,0,0,0,1920,1080,False,2022-01-18T14:13:08.7393536+01:00
False,16,1920,1080,U8,3,1920,1080,5760,1168793680,0,0,0,1920,1080,False,2022-01-18T14:13:08.7732992+01:00
False,16,1920,1080,U8,3,1920,1080,5760,806199376,0,0,0,1920,1080,False,2022-01-18T14:13:08.8069376+01:00
False,16,1920,1080,U8,3,1920,1080,5760,812486736,0,0,0,1920,1080,False,2022-01-18T14:13:08.8381184+01:00
False,16,1920,1080,U8,3,1920,1080,5760,818741328,0,0,0,1920,1080,False,2022-01-18T14:13:08.8732544+01:00
False,16,1920,1080,U8,3,1920,1080,5760,825004112,0,0,0,1920,1080,False,2022-01-18T14:13:08.9083648+01:00
False,16,1920,1080,U8,3,1920,1080,5760,806174800,0,0,0,1920,1080,False,2022-01-18T14:13:08.9391104+01:00
False,16,1920,1080,U8,3,1920,1080,5760,812466256,0,0,0,1920,1080,False,2022-01-18T14:13:08.9730432+01:00
False,16,1920,1080,U8,3,1920,1080,5760,831270992,0,0,0,1920,1080,False,2022-01-18T14:13:09.0066048+01:00
False,16,1920,1080,U8,3,1920,1080,5760,844451920,0,0,0,1920,1080,False,2022-01-18T14:13:09.0396544+01:00
False,16,1920,1080,U8,3,1920,1080,5760,806158416,0,0,0,1920,1080,False,2022-01-18T14:13:09.0727552+01:00
False,16,1920,1080,U8,3,1920,1080,5760,812388432,0,0,0,1920,1080,False,2022-01-18T14:13:09.1046784+01:00
False,16,1920,1080,U8,3,1920,1080,5760,850722896,0,0,0,1920,1080,False,2022-01-18T14:13:09.1389184+01:00
False,16,1920,1080,U8,3,1920,1080,5760,988061776,0,0,0,1920,1080,False,2022-01-18T14:13:09.1730176+01:00
False,16,1920,1080,U8,3,1920,1080,5760,994336848,0,0,0,1920,1080,False,2022-01-18T14:13:09.2048000+01:00
False,16,1920,1080,U8,3,1920,1080,5760,1000640592,0,0,0,1920,1080,False,2022-01-18T14:13:09.2392192+01:00
False,16,1920,1080,U8,3,1920,1080,5760,1149939792,0,0,0,1920,1080,False,2022-01-18T14:13:09.2728960+01:00
False,16,1920,1080,U8,3,1920,1080,5760,1156190288,0,0,0,1920,1080,False,2022-01-18T14:13:09.3051264+01:00
False,16,1920,1080,U8,3,1920,1080,5760,1162530896,0,0,0,1920,1080,False,2022-01-18T14:13:09.3384448+01:00
False,16,1920,1080,U8,3,1920,1080,5760,1168785488,0,0,0,1920,1080,False,2022-01-18T14:13:09.3721984+01:00
False,16,1920,1080,U8,3,1920,1080,5760,806158416,0,0,0,1920,1080,False,2022-01-18T14:13:09.4051072+01:00
False,16,1920,1080,U8,3,1920,1080,5760,812396624,0,0,0,1920,1080,False,2022-01-18T14:13:09.4384128+01:00
False,16,1920,1080,U8,3,1920,1080,5760,818688080,0,0,0,1920,1080,False,2022-01-18T14:13:09.4722048+01:00
False,16,1920,1080,U8,3,1920,1080,5760,824987728,0,0,0,1920,1080,False,2022-01-18T14:13:09.5052416+01:00
False,16,1920,1080,U8,3,1920,1080,5760,806182992,0,0,0,1920,1080,False,2022-01-18T14:13:09.5398912+01:00
False,16,1920,1080,U8,3,1920,1080,5760,831311952,0,0,0,1920,1080,False,2022-01-18T14:13:09.5716864+01:00
False,16,1920,1080,U8,3,1920,1080,5760,844447824,0,0,0,1920,1080,False,2022-01-18T14:13:09.6051840+01:00
False,16,1920,1080,U8,3,1920,1080,5760,850772048,0,0,0,1920,1080,False,2022-01-18T14:13:09.6391040+01:00
False,16,1920,1080,U8,3,1920,1080,5760,806187088,0,0,0,1920,1080,False,2022-01-18T14:13:09.6715264+01:00
False,16,1920,1080,U8,3,1920,1080,5760,831291472,0,0,0,1920,1080,False,2022-01-18T14:13:09.7046272+01:00
False,16,1920,1080,U8,3,1920,1080,5760,988082256,0,0,0,1920,1080,False,2022-01-18T14:13:09.7388032+01:00
False,16,1920,1080,U8,3,1920,1080,5760,994365520,0,0,0,1920,1080,False,2022-01-18T14:13:09.7713792+01:00
False,16,1920,1080,U8,3,1920,1080,5760,1000607824,0,0,0,1920,1080,False,2022-01-18T14:13:09.8042240+01:00
False,16,1920,1080,U8,3,1920,1080,5760,1149943888,0,0,0,1920,1080,False,2022-01-18T14:13:09.8387328+01:00
False,16,1920,1080,U8,3,1920,1080,5760,1156214864,0,0,0,1920,1080,False,2022-01-18T14:13:09.8714624+01:00
False,16,1920,1080,U8,3,1920,1080,5760,1162534992,0,0,0,1920,1080,False,2022-01-18T14:13:09.9054208+01:00
False,16,1920,1080,U8,3,1920,1080,5760,1168793680,0,0,0,1920,1080,False,2022-01-18T14:13:09.9382784+01:00
False,16,1920,1080,U8,3,1920,1080,5760,1175109712,0,0,0,1920,1080,False,2022-01-18T14:13:09.9733888+01:00
False,16,1920,1080,U8,3,1920,1080,5760,806170704,0,0,0,1920,1080,False,2022-01-18T14:13:10.0069632+01:00
False,16,1920,1080,U8,3,1920,1080,5760,812482640,0,0,0,1920,1080,False,2022-01-18T14:13:10.0382464+01:00
False,16,1920,1080,U8,3,1920,1080,5760,818741328,0,0,0,1920,1080,False,2022-01-18T14:13:10.0727808+01:00
False,16,1920,1080,U8,3,1920,1080,5760,824995920,0,0,0,1920,1080,False,2022-01-18T14:13:10.1058688+01:00
False,16,1920,1080,U8,3,1920,1080,5760,806195280,0,0,0,1920,1080,False,2022-01-18T14:13:10.1392256+01:00
False,16,1920,1080,U8,3,1920,1080,5760,812503120,0,0,0,1920,1080,False,2022-01-18T14:13:10.1714176+01:00
False,16,1920,1080,U8,3,1920,1080,5760,831295568,0,0,0,1920,1080,False,2022-01-18T14:13:10.2057600+01:00
False,16,1920,1080,U8,3,1920,1080,5760,844456016,0,0,0,1920,1080,False,2022-01-18T14:13:10.2389760+01:00
False,16,1920,1080,U8,3,1920,1080,5760,806166608,0,0,0,1920,1080,False,2022-01-18T14:13:10.2725120+01:00
False,16,1920,1080,U8,3,1920,1080,5760,812449872,0,0,0,1920,1080,False,2022-01-18T14:13:10.3056000+01:00
False,16,1920,1080,U8,3,1920,1080,5760,850726992,0,0,0,1920,1080,False,2022-01-18T14:13:10.3387136+01:00
False,16,1920,1080,U8,3,1920,1080,5760,988033104,0,0,0,1920,1080,False,2022-01-18T14:13:10.3714560+01:00
False,16,1920,1080,U8,3,1920,1080,5760,994369616,0,0,0,1920,1080,False,2022-01-18T14:13:10.4058368+01:00
False,16,1920,1080,U8,3,1920,1080,5760,1000607824,0,0,0,1920,1080,False,2022-01-18T14:13:10.4391936+01:00
False,16,1920,1080,U8,3,1920,1080,5760,1149947984,0,0,0,1920,1080,False,2022-01-18T14:13:10.4717952+01:00
False,16,1920,1080,U8,3,1920,1080,5760,1156235344,0,0,0,1920,1080,False,2022-01-18T14:13:10.5047424+01:00
False,16,1920,1080,U8,3,1920,1080,5760,1162510416,0,0,0,1920,1080,False,2022-01-18T14:13:10.5422464+01:00
False,16,1920,1080,U8,3,1920,1080,5760,1168801872,0,0,0,1920,1080,False,2022-01-18T14:13:10.5737344+01:00
False,16,1920,1080,U8,3,1920,1080,5760,806215760,0,0,0,1920,1080,False,2022-01-18T14:13:10.6056576+01:00
False,16,1920,1080,U8,3,1920,1080,5760,812507216,0,0,0,1920,1080,False,2022-01-18T14:13:10.6388992+01:00
False,16,1920,1080,U8,3,1920,1080,5760,818761808,0,0,0,1920,1080,False,2022-01-18T14:13:10.6721280+01:00
False,16,1920,1080,U8,3,1920,1080,5760,825081936,0,0,0,1920,1080,False,2022-01-18T14:13:10.7054464+01:00
False,16,1920,1080,U8,3,1920,1080,5760,806166608,0,0,0,1920,1080,False,2022-01-18T14:13:10.7387520+01:00
False,16,1920,1080,U8,3,1920,1080,5760,812449872,0,0,0,1920,1080,False,2022-01-18T14:13:10.7726720+01:00
False,16,1920,1080,U8,3,1920,1080,5760,831348816,0,0,0,1920,1080,False,2022-01-18T14:13:10.8051840+01:00
False,16,1920,1080,U8,3,1920,1080,5760,844460112,0,0,0,1920,1080,False,2022-01-18T14:13:10.8395904+01:00
False,16,1920,1080,U8,3,1920,1080,5760,806203472,0,0,0,1920,1080,False,2022-01-18T14:13:10.8719616+01:00
False,16,1920,1080,U8,3,1920,1080,5760,812503120,0,0,0,1920,1080,False,2022-01-18T14:13:10.9050368+01:00
False,16,1920,1080,U8,3,1920,1080,5760,850747472,0,0,0,1920,1080,False,2022-01-18T14:13:10.9388800+01:00
False,16,1920,1080,U8,3,1920,1080,5760,988053584,0,0,0,1920,1080,False,2022-01-18T14:13:10.9724800+01:00
False,16,1920,1080,U8,3,1920,1080,5760,994373712,0,0,0,1920,1080,False,2022-01-18T14:13:11.0045440+01:00
False,16,1920,1080,U8,3,1920,1080,5760,1000616016,0,0,0,1920,1080,False,2022-01-18T14:13:11.0390016+01:00
False,16,1920,1080,U8,3,1920,1080,5760,1149894736,0,0,0,1920,1080,False,2022-01-18T14:13:11.0721792+01:00
False,16,1920,1080,U8,3,1920,1080,5760,1156157520,0,0,0,1920,1080,False,2022-01-18T14:13:11.1055744+01:00
False,16,1920,1080,U8,3,1920,1080,5760,1162416208,0,0,0,1920,1080,False,2022-01-18T14:13:11.1388032+01:00
False,16,1920,1080,U8,3,1920,1080,5760,1168740432,0,0,0,1920,1080,False,2022-01-18T14:13:11.1732480+01:00
False,16,1920,1080,U8,3,1920,1080,5760,806178896,0,0,0,1920,1080,False,2022-01-18T14:13:11.2070016+01:00
False,16,1920,1080,U8,3,1920,1080,5760,812494928,0,0,0,1920,1080,False,2022-01-18T14:13:11.2400640+01:00
False,16,1920,1080,U8,3,1920,1080,5760,818774096,0,0,0,1920,1080,False,2022-01-18T14:13:11.2719232+01:00
False,16,1920,1080,U8,3,1920,1080,5760,825036880,0,0,0,1920,1080,False,2022-01-18T14:13:11.3060736+01:00
False,16,1920,1080,U8,3,1920,1080,5760,806166608,0,0,0,1920,1080,False,2022-01-18T14:13:11.3385728+01:00
False,16,1920,1080,U8,3,1920,1080,5760,812474448,0,0,0,1920,1080,False,2022-01-18T14:13:11.3726336+01:00
False,16,1920,1080,U8,3,1920,1080,5760,831328336,0,0,0,1920,1080,False,2022-01-18T14:13:11.4061312+01:00
False,16,1920,1080,U8,3,1920,1080,5760,844435536,0,0,0,1920,1080,False,2022-01-18T14:13:11.4392960+01:00
False,16,1920,1080,U8,3,1920,1080,5760,806182992,0,0,0,1920,1080,False,2022-01-18T14:13:11.4731264+01:00
False,16,1920,1080,U8,3,1920,1080,5760,812470352,0,0,0,1920,1080,False,2022-01-18T14:13:11.5062144+01:00
False,16,1920,1080,U8,3,1920,1080,5760,850726992,0,0,0,1920,1080,False,2022-01-18T14:13:11.5393152+01:00
False,16,1920,1080,U8,3,1920,1080,5760,988020816,0,0,0,1920,1080,False,2022-01-18T14:13:11.5715456+01:00
False,16,1920,1080,U8,3,1920,1080,5760,994291792,0,0,0,1920,1080,False,2022-01-18T14:13:11.6069632+01:00
False,16,1920,1080,U8,3,1920,1080,5760,1000587344,0,0,0,1920,1080,False,2022-01-18T14:13:11.6393472+01:00
False,16,1920,1080,U8,3,1920,1080,5760,1149939792,0,0,0,1920,1080,False,2022-01-18T14:13:11.6720768+01:00
False,16,1920,1080,U8,3,1920,1080,5760,1156202576,0,0,0,1920,1080,False,2022-01-18T14:13:11.7060224+01:00
False,16,1920,1080,U8,3,1920,1080,5760,1162514512,0,0,0,1920,1080,False,2022-01-18T14:13:11.7394688+01:00
False,16,1920,1080,U8,3,1920,1080,5760,1168814160,0,0,0,1920,1080,False,2022-01-18T14:13:11.7725312+01:00
False,16,1920,1080,U8,3,1920,1080,5760,806187088,0,0,0,1920,1080,False,2022-01-18T14:13:11.8086272+01:00
False,16,1920,1080,U8,3,1920,1080,5760,812470352,0,0,0,1920,1080,False,2022-01-18T14:13:11.8392576+01:00
False,16,1920,1080,U8,3,1920,1080,5760,818765904,0,0,0,1920,1080,False,2022-01-18T14:13:11.8725632+01:00
False,16,1920,1080,U8,3,1920,1080,5760,825069648,0,0,0,1920,1080,False,2022-01-18T14:13:11.9066368+01:00
False,16,1920,1080,U8,3,1920,1080,5760,806158416,0,0,0,1920,1080,False,2022-01-18T14:13:11.9387776+01:00
False,16,1920,1080,U8,3,1920,1080,5760,812445776,0,0,0,1920,1080,False,2022-01-18T14:13:11.9715200+01:00
False,16,1920,1080,U8,3,1920,1080,5760,831352912,0,0,0,1920,1080,False,2022-01-18T14:13:12.0060288+01:00
False,16,1920,1080,U8,3,1920,1080,5760,844435536,0,0,0,1920,1080,False,2022-01-18T14:13:12.0393984+01:00
False,16,1920,1080,U8,3,1920,1080,5760,806219856,0,0,0,1920,1080,False,2022-01-18T14:13:12.0726528+01:00
False,16,1920,1080,U8,3,1920,1080,5760,812449872,0,0,0,1920,1080,False,2022-01-18T14:13:12.1057792+01:00
False,16,1920,1080,U8,3,1920,1080,5760,850731088,0,0,0,1920,1080,False,2022-01-18T14:13:12.1392000+01:00
False,16,1920,1080,U8,3,1920,1080,5760,988037200,0,0,0,1920,1080,False,2022-01-18T14:13:12.1712128+01:00
False,16,1920,1080,U8,3,1920,1080,5760,994320464,0,0,0,1920,1080,False,2022-01-18T14:13:12.2056192+01:00
False,16,1920,1080,U8,3,1920,1080,5760,1000652880,0,0,0,1920,1080,False,2022-01-18T14:13:12.2389632+01:00
False,16,1920,1080,U8,3,1920,1080,5760,1149923408,0,0,0,1920,1080,False,2022-01-18T14:13:12.2716288+01:00
False,16,1920,1080,U8,3,1920,1080,5760,1156243536,0,0,0,1920,1080,False,2022-01-18T14:13:12.3044224+01:00
False,16,1920,1080,U8,3,1920,1080,5760,1162506320,0,0,0,1920,1080,False,2022-01-18T14:13:12.3379072+01:00
False,16,1920,1080,U8,3,1920,1080,5760,1168793680,0,0,0,1920,1080,False,2022-01-18T14:13:12.3723776+01:00
False,16,1920,1080,U8,3,1920,1080,5760,806174800,0,0,0,1920,1080,False,2022-01-18T14:13:12.4055680+01:00
False,16,1920,1080,U8,3,1920,1080,5760,812466256,0,0,0,1920,1080,False,2022-01-18T14:13:12.4387968+01:00
False,16,1920,1080,U8,3,1920,1080,5760,818757712,0,0,0,1920,1080,False,2022-01-18T14:13:12.4718208+01:00
False,16,1920,1080,U8,3,1920,1080,5760,825073744,0,0,0,1920,1080,False,2022-01-18T14:13:12.5052288+01:00
False,16,1920,1080,U8,3,1920,1080,5760,806207568,0,0,0,1920,1080,False,2022-01-18T14:13:12.5386752+01:00
False,16,1920,1080,U8,3,1920,1080,5760,812470352,0,0,0,1920,1080,False,2022-01-18T14:13:12.5716096+01:00
False,16,1920,1080,U8,3,1920,1080,5760,831369296,0,0,0,1920,1080,False,2022-01-18T14:13:12.6050048+01:00
False,16,1920,1080,U8,3,1920,1080,5760,844435536,0,0,0,1920,1080,False,2022-01-18T14:13:12.6380928+01:00
False,16,1920,1080,U8,3,1920,1080,5760,806178896,0,0,0,1920,1080,False,2022-01-18T14:13:12.6719232+01:00
False,16,1920,1080,U8,3,1920,1080,5760,812507216,0,0,0,1920,1080,False,2022-01-18T14:13:12.7052160+01:00
False,16,1920,1080,U8,3,1920,1080,5760,850722896,0,0,0,1920,1080,False,2022-01-18T14:13:12.7382144+01:00
False,16,1920,1080,U8,3,1920,1080,5760,988029008,0,0,0,1920,1080,False,2022-01-18T14:13:12.7728128+01:00
False,16,1920,1080,U8,3,1920,1080,5760,994361424,0,0,0,1920,1080,False,2022-01-18T14:13:12.8058752+01:00
False,16,1920,1080,U8,3,1920,1080,5760,1000632400,0,0,0,1920,1080,False,2022-01-18T14:13:12.8377600+01:00
False,16,1920,1080,U8,3,1920,1080,5760,1149927504,0,0,0,1920,1080,False,2022-01-18T14:13:12.8732160+01:00
False,16,1920,1080,U8,3,1920,1080,5760,1156210768,0,0,0,1920,1080,False,2022-01-18T14:13:12.9050240+01:00
False,16,1920,1080,U8,3,1920,1080,5760,1162485840,0,0,0,1920,1080,False,2022-01-18T14:13:12.9389568+01:00
False,16,1920,1080,U8,3,1920,1080,5760,1168797776,0,0,0,1920,1080,False,2022-01-18T14:13:12.9727104+01:00
False,16,1920,1080,U8,3,1920,1080,5760,806195280,0,0,0,1920,1080,False,2022-01-18T14:13:13.0044544+01:00
False,16,1920,1080,U8,3,1920,1080,5760,812503120,0,0,0,1920,1080,False,2022-01-18T14:13:13.0381440+01:00
False,16,1920,1080,U8,3,1920,1080,5760,818778192,0,0,0,1920,1080,False,2022-01-18T14:13:13.0720640+01:00
False,16,1920,1080,U8,3,1920,1080,5760,825065552,0,0,0,1920,1080,False,2022-01-18T14:13:13.1075072+01:00
False,16,1920,1080,U8,3,1920,1080,5760,806182992,0,0,0,1920,1080,False,2022-01-18T14:13:13.1392768+01:00
False,16,1920,1080,U8,3,1920,1080,5760,812449872,0,0,0,1920,1080,False,2022-01-18T14:13:13.1730304+01:00
False,16,1920,1080,U8,3,1920,1080,5760,831373392,0,0,0,1920,1080,False,2022-01-18T14:13:13.2054016+01:00
False,16,1920,1080,U8,3,1920,1080,5760,844468304,0,0,0,1920,1080,False,2022-01-18T14:13:13.2381952+01:00
False,16,1920,1080,U8,3,1920,1080,5760,806211664,0,0,0,1920,1080,False,2022-01-18T14:13:13.2716800+01:00
False,16,1920,1080,U8,3,1920,1080,5760,812458064,0,0,0,1920,1080,False,2022-01-18T14:13:13.3046272+01:00
False,16,1920,1080,U8,3,1920,1080,5760,850726992,0,0,0,1920,1080,False,2022-01-18T14:13:13.3385600+01:00
False,16,1920,1080,U8,3,1920,1080,5760,988033104,0,0,0,1920,1080,False,2022-01-18T14:13:13.3731712+01:00
False,16,1920,1080,U8,3,1920,1080,5760,994365520,0,0,0,1920,1080,False,2022-01-18T14:13:13.4048000+01:00
False,16,1920,1080,U8,3,1920,1080,5760,1000603728,0,0,0,1920,1080,False,2022-01-18T14:13:13.4391936+01:00
False,16,1920,1080,U8,3,1920,1080,5760,1149943888,0,0,0,1920,1080,False,2022-01-18T14:13:13.4728704+01:00
False,16,1920,1080,U8,3,1920,1080,5760,1156231248,0,0,0,1920,1080,False,2022-01-18T14:13:13.5058048+01:00
False,16,1920,1080,U8,3,1920,1080,5760,1162502224,0,0,0,1920,1080,False,2022-01-18T14:13:13.5380096+01:00
False,16,1920,1080,U8,3,1920,1080,5760,1168805968,0,0,0,1920,1080,False,2022-01-18T14:13:13.5726592+01:00
False,16,1920,1080,U8,3,1920,1080,5760,806162512,0,0,0,1920,1080,False,2022-01-18T14:13:13.6059392+01:00
False,16,1920,1080,U8,3,1920,1080,5760,812470352,0,0,0,1920,1080,False,2022-01-18T14:13:13.6376448+01:00
False,16,1920,1080,U8,3,1920,1080,5760,818782288,0,0,0,1920,1080,False,2022-01-18T14:13:13.6710784+01:00
False,16,1920,1080,U8,3,1920,1080,5760,825081936,0,0,0,1920,1080,False,2022-01-18T14:13:13.7058688+01:00
False,16,1920,1080,U8,3,1920,1080,5760,806219856,0,0,0,1920,1080,False,2022-01-18T14:13:13.7398400+01:00
False,16,1920,1080,U8,3,1920,1080,5760,812478544,0,0,0,1920,1080,False,2022-01-18T14:13:13.7724160+01:00
False,16,1920,1080,U8,3,1920,1080,5760,831385680,0,0,0,1920,1080,False,2022-01-18T14:13:13.8059264+01:00
False,16,1920,1080,U8,3,1920,1080,5760,844488784,0,0,0,1920,1080,False,2022-01-18T14:13:13.8404480+01:00
False,16,1920,1080,U8,3,1920,1080,5760,806219856,0,0,0,1920,1080,False,2022-01-18T14:13:13.8729728+01:00
False,16,1920,1080,U8,3,1920,1080,5760,812470352,0,0,0,1920,1080,False,2022-01-18T14:13:13.9058944+01:00
False,16,1920,1080,U8,3,1920,1080,5760,850726992,0,0,0,1920,1080,False,2022-01-18T14:13:13.9388288+01:00
False,16,1920,1080,U8,3,1920,1080,5760,988037200,0,0,0,1920,1080,False,2022-01-18T14:13:13.9712512+01:00
False,16,1920,1080,U8,3,1920,1080,5760,994332752,0,0,0,1920,1080,False,2022-01-18T14:13:14.0052096+01:00
False,16,1920,1080,U8,3,1920,1080,5760,1000665168,0,0,0,1920,1080,False,2022-01-18T14:13:14.0389760+01:00
False,16,1920,1080,U8,3,1920,1080,5760,1149943888,0,0,0,1920,1080,False,2022-01-18T14:13:14.0727040+01:00
False,16,1920,1080,U8,3,1920,1080,5760,1156214864,0,0,0,1920,1080,False,2022-01-18T14:13:14.1055488+01:00
False,16,1920,1080,U8,3,1920,1080,5760,1162522704,0,0,0,1920,1080,False,2022-01-18T14:13:14.1389824+01:00
False,16,1920,1080,U8,3,1920,1080,5760,1168789584,0,0,0,1920,1080,False,2022-01-18T14:13:14.1732224+01:00
False,16,1920,1080,U8,3,1920,1080,5760,806182992,0,0,0,1920,1080,False,2022-01-18T14:13:14.2055168+01:00
False,16,1920,1080,U8,3,1920,1080,5760,812499024,0,0,0,1920,1080,False,2022-01-18T14:13:14.2383104+01:00
False,16,1920,1080,U8,3,1920,1080,5760,818741328,0,0,0,1920,1080,False,2022-01-18T14:13:14.2718464+01:00
False,16,1920,1080,U8,3,1920,1080,5760,824995920,0,0,0,1920,1080,False,2022-01-18T14:13:14.3051904+01:00
False,16,1920,1080,U8,3,1920,1080,5760,806187088,0,0,0,1920,1080,False,2022-01-18T14:13:14.3385984+01:00
False,16,1920,1080,U8,3,1920,1080,5760,812482640,0,0,0,1920,1080,False,2022-01-18T14:13:14.3718528+01:00
False,16,1920,1080,U8,3,1920,1080,5760,831270992,0,0,0,1920,1080,False,2022-01-18T14:13:14.4049664+01:00
False,16,1920,1080,U8,3,1920,1080,5760,844451920,0,0,0,1920,1080,False,2022-01-18T14:13:14.4390784+01:00
False,16,1920,1080,U8,3,1920,1080,5760,806199376,0,0,0,1920,1080,False,2022-01-18T14:13:14.4718080+01:00
False,16,1920,1080,U8,3,1920,1080,5760,812449872,0,0,0,1920,1080,False,2022-01-18T14:13:14.5050880+01:00
False,16,1920,1080,U8,3,1920,1080,5760,850759760,0,0,0,1920,1080,False,2022-01-18T14:13:14.5403904+01:00
False,16,1920,1080,U8,3,1920,1080,5760,988037200,0,0,0,1920,1080,False,2022-01-18T14:13:14.5716864+01:00
False,16,1920,1080,U8,3,1920,1080,5760,994332752,0,0,0,1920,1080,False,2022-01-18T14:13:14.6063872+01:00
False,16,1920,1080,U8,3,1920,1080,5760,1000611920,0,0,0,1920,1080,False,2022-01-18T14:13:14.6381952+01:00
False,16,1920,1080,U8,3,1920,1080,5760,1149943888,0,0,0,1920,1080,False,2022-01-18T14:13:14.6735872+01:00
False,16,1920,1080,U8,3,1920,1080,5760,1156206672,0,0,0,1920,1080,False,2022-01-18T14:13:14.7059712+01:00
False,16,1920,1080,U8,3,1920,1080,5760,1162539088,0,0,0,1920,1080,False,2022-01-18T14:13:14.7406976+01:00
False,16,1920,1080,U8,3,1920,1080,5760,1168801872,0,0,0,1920,1080,False,2022-01-18T14:13:14.7727488+01:00
False,16,1920,1080,U8,3,1920,1080,5760,806187088,0,0,0,1920,1080,False,2022-01-18T14:13:14.8060416+01:00
False,16,1920,1080,U8,3,1920,1080,5760,812458064,0,0,0,1920,1080,False,2022-01-18T14:13:14.8386560+01:00
False,16,1920,1080,U8,3,1920,1080,5760,818757712,0,0,0,1920,1080,False,2022-01-18T14:13:14.8720000+01:00
False,16,1920,1080,U8,3,1920,1080,5760,825094224,0,0,0,1920,1080,False,2022-01-18T14:13:14.9056896+01:00
False,16,1920,1080,U8,3,1920,1080,5760,806187088,0,0,0,1920,1080,False,2022-01-18T14:13:14.9400320+01:00
False,16,1920,1080,U8,3,1920,1080,5760,812478544,0,0,0,1920,1080,False,2022-01-18T14:13:14.9715072+01:00
False,16,1920,1080,U8,3,1920,1080,5760,831352912,0,0,0,1920,1080,False,2022-01-18T14:13:15.0050048+01:00
False,16,1920,1080,U8,3,1920,1080,5760,844435536,0,0,0,1920,1080,False,2022-01-18T14:13:15.0396032+01:00
False,16,1920,1080,U8,3,1920,1080,5760,806203472,0,0,0,1920,1080,False,2022-01-18T14:13:15.0717696+01:00
False,16,1920,1080,U8,3,1920,1080,5760,812449872,0,0,0,1920,1080,False,2022-01-18T14:13:15.1067392+01:00
False,16,1920,1080,U8,3,1920,1080,5760,850739280,0,0,0,1920,1080,False,2022-01-18T14:13:15.1404672+01:00
False,16,1920,1080,U8,3,1920,1080,5760,988037200,0,0,0,1920,1080,False,2022-01-18T14:13:15.1719552+01:00
False,16,1920,1080,U8,3,1920,1080,5760,994365520,0,0,0,1920,1080,False,2022-01-18T14:13:15.2050688+01:00
False,16,1920,1080,U8,3,1920,1080,5760,1000616016,0,0,0,1920,1080,False,2022-01-18T14:13:15.2393472+01:00
False,16,1920,1080,U8,3,1920,1080,5760,1149927504,0,0,0,1920,1080,False,2022-01-18T14:13:15.2720256+01:00
False,16,1920,1080,U8,3,1920,1080,5760,1156202576,0,0,0,1920,1080,False,2022-01-18T14:13:15.3059072+01:00
False,16,1920,1080,U8,3,1920,1080,5760,1162510416,0,0,0,1920,1080,False,2022-01-18T14:13:15.3393664+01:00
False,16,1920,1080,U8,3,1920,1080,5760,1168769104,0,0,0,1920,1080,False,2022-01-18T14:13:15.3741056+01:00
False,16,1920,1080,U8,3,1920,1080,5760,806211664,0,0,0,1920,1080,False,2022-01-18T14:13:15.4059520+01:00
False,16,1920,1080,U8,3,1920,1080,5760,812507216,0,0,0,1920,1080,False,2022-01-18T14:13:15.4388608+01:00
False,16,1920,1080,U8,3,1920,1080,5760,818786384,0,0,0,1920,1080,False,2022-01-18T14:13:15.4733824+01:00
False,16,1920,1080,U8,3,1920,1080,5760,825077840,0,0,0,1920,1080,False,2022-01-18T14:13:15.5069056+01:00
False,16,1920,1080,U8,3,1920,1080,5760,806195280,0,0,0,1920,1080,False,2022-01-18T14:13:15.5383552+01:00
False,16,1920,1080,U8,3,1920,1080,5760,812490832,0,0,0,1920,1080,False,2022-01-18T14:13:15.5724288+01:00
False,16,1920,1080,U8,3,1920,1080,5760,831340624,0,0,0,1920,1080,False,2022-01-18T14:13:15.6055552+01:00
False,16,1920,1080,U8,3,1920,1080,5760,844476496,0,0,0,1920,1080,False,2022-01-18T14:13:15.6399872+01:00
False,16,1920,1080,U8,3,1920,1080,5760,806203472,0,0,0,1920,1080,False,2022-01-18T14:13:15.6712064+01:00
False,16,1920,1080,U8,3,1920,1080,5760,812466256,0,0,0,1920,1080,False,2022-01-18T14:13:15.7056000+01:00
False,16,1920,1080,U8,3,1920,1080,5760,850763856,0,0,0,1920,1080,False,2022-01-18T14:13:15.7387776+01:00
False,16,1920,1080,U8,3,1920,1080,5760,988037200,0,0,0,1920,1080,False,2022-01-18T14:13:15.7718784+01:00
False,16,1920,1080,U8,3,1920,1080,5760,994345040,0,0,0,1920,1080,False,2022-01-18T14:13:15.8051072+01:00
False,16,1920,1080,U8,3,1920,1080,5760,1000603728,0,0,0,1920,1080,False,2022-01-18T14:13:15.8398976+01:00
False,16,1920,1080,U8,3,1920,1080,5760,1149947984,0,0,0,1920,1080,False,2022-01-18T14:13:15.8734848+01:00
False,16,1920,1080,U8,3,1920,1080,5760,1156198480,0,0,0,1920,1080,False,2022-01-18T14:13:15.9053824+01:00
False,16,1920,1080,U8,3,1920,1080,5760,1162485840,0,0,0,1920,1080,False,2022-01-18T14:13:15.9398784+01:00
False,16,1920,1080,U8,3,1920,1080,5760,1168810064,0,0,0,1920,1080,False,2022-01-18T14:13:15.9726720+01:00
False,16,1920,1080,U8,3,1920,1080,5760,806174800,0,0,0,1920,1080,False,2022-01-18T14:13:16.0060160+01:00
False,16,1920,1080,U8,3,1920,1080,5760,812499024,0,0,0,1920,1080,False,2022-01-18T14:13:16.0394112+01:00
False,16,1920,1080,U8,3,1920,1080,5760,818753616,0,0,0,1920,1080,False,2022-01-18T14:13:16.0723072+01:00
False,16,1920,1080,U8,3,1920,1080,5760,825077840,0,0,0,1920,1080,False,2022-01-18T14:13:16.1071360+01:00
False,16,1920,1080,U8,3,1920,1080,5760,806219856,0,0,0,1920,1080,False,2022-01-18T14:13:16.1396608+01:00
False,16,1920,1080,U8,3,1920,1080,5760,812490832,0,0,0,1920,1080,False,2022-01-18T14:13:16.1721216+01:00
False,16,1920,1080,U8,3,1920,1080,5760,831377488,0,0,0,1920,1080,False,2022-01-18T14:13:16.2057344+01:00
False,16,1920,1080,U8,3,1920,1080,5760,844480592,0,0,0,1920,1080,False,2022-01-18T14:13:16.2397184+01:00
False,16,1920,1080,U8,3,1920,1080,5760,806207568,0,0,0,1920,1080,False,2022-01-18T14:13:16.2718592+01:00
False,16,1920,1080,U8,3,1920,1080,5760,812511312,0,0,0,1920,1080,False,2022-01-18T14:13:16.3066752+01:00
False,16,1920,1080,U8,3,1920,1080,5760,850784336,0,0,0,1920,1080,False,2022-01-18T14:13:16.3390464+01:00
False,16,1920,1080,U8,3,1920,1080,5760,988049488,0,0,0,1920,1080,False,2022-01-18T14:13:16.3723776+01:00
False,16,1920,1080,U8,3,1920,1080,5760,994340944,0,0,0,1920,1080,False,2022-01-18T14:13:16.4063488+01:00
False,16,1920,1080,U8,3,1920,1080,5760,1000632400,0,0,0,1920,1080,False,2022-01-18T14:13:16.4385024+01:00
False,16,1920,1080,U8,3,1920,1080,5760,1149939792,0,0,0,1920,1080,False,2022-01-18T14:13:16.4722304+01:00
False,16,1920,1080,U8,3,1920,1080,5760,1156214864,0,0,0,1920,1080,False,2022-01-18T14:13:16.5059840+01:00
False,16,1920,1080,U8,3,1920,1080,5760,1162534992,0,0,0,1920,1080,False,2022-01-18T14:13:16.5402752+01:00
False,16,1920,1080,U8,3,1920,1080,5760,1168810064,0,0,0,1920,1080,False,2022-01-18T14:13:16.5737472+01:00
False,16,1920,1080,U8,3,1920,1080,5760,806211664,0,0,0,1920,1080,False,2022-01-18T14:13:16.6058112+01:00
False,16,1920,1080,U8,3,1920,1080,5760,812507216,0,0,0,1920,1080,False,2022-01-18T14:13:16.6405248+01:00
False,16,1920,1080,U8,3,1920,1080,5760,818765904,0,0,0,1920,1080,False,2022-01-18T14:13:16.6734592+01:00
False,16,1920,1080,U8,3,1920,1080,5760,825090128,0,0,0,1920,1080,False,2022-01-18T14:13:16.7076224+01:00
False,16,1920,1080,U8,3,1920,1080,5760,806207568,0,0,0,1920,1080,False,2022-01-18T14:13:16.7401088+01:00
False,16,1920,1080,U8,3,1920,1080,5760,812511312,0,0,0,1920,1080,False,2022-01-18T14:13:16.7732992+01:00
False,16,1920,1080,U8,3,1920,1080,5760,831324240,0,0,0,1920,1080,False,2022-01-18T14:13:16.8069248+01:00
False,16,1920,1080,U8,3,1920,1080,5760,844488784,0,0,0,1920,1080,False,2022-01-18T14:13:16.8410240+01:00
False,16,1920,1080,U8,3,1920,1080,5760,806191184,0,0,0,1920,1080,False,2022-01-18T14:13:16.8731264+01:00
False,16,1920,1080,U8,3,1920,1080,5760,812511312,0,0,0,1920,1080,False,2022-01-18T14:13:16.9059712+01:00
False,16,1920,1080,U8,3,1920,1080,5760,850747472,0,0,0,1920,1080,False,2022-01-18T14:13:16.9406336+01:00
False,16,1920,1080,U8,3,1920,1080,5760,988024912,0,0,0,1920,1080,False,2022-01-18T14:13:16.9732864+01:00
False,16,1920,1080,U8,3,1920,1080,5760,994365520,0,0,0,1920,1080,False,2022-01-18T14:13:17.0056192+01:00
False,16,1920,1080,U8,3,1920,1080,5760,1000656976,0,0,0,1920,1080,False,2022-01-18T14:13:17.0393984+01:00
False,16,1920,1080,U8,3,1920,1080,5760,1149902928,0,0,0,1920,1080,False,2022-01-18T14:13:17.0726656+01:00
False,16,1920,1080,U8,3,1920,1080,5760,1156223056,0,0,0,1920,1080,False,2022-01-18T14:13:17.1055744+01:00
False,16,1920,1080,U8,3,1920,1080,5760,1162522704,0,0,0,1920,1080,False,2022-01-18T14:13:17.1402496+01:00
False,16,1920,1080,U8,3,1920,1080,5760,1168797776,0,0,0,1920,1080,False,2022-01-18T14:13:17.1737344+01:00
False,16,1920,1080,U8,3,1920,1080,5760,806199376,0,0,0,1920,1080,False,2022-01-18T14:13:17.2059904+01:00
False,16,1920,1080,U8,3,1920,1080,5760,812449872,0,0,0,1920,1080,False,2022-01-18T14:13:17.2403456+01:00
False,16,1920,1080,U8,3,1920,1080,5760,818679888,0,0,0,1920,1080,False,2022-01-18T14:13:17.2739328+01:00
False,16,1920,1080,U8,3,1920,1080,5760,825028688,0,0,0,1920,1080,False,2022-01-18T14:13:17.3091200+01:00
False,16,1920,1080,U8,3,1920,1080,5760,806174800,0,0,0,1920,1080,False,2022-01-18T14:13:17.3387264+01:00
False,16,1920,1080,U8,3,1920,1080,5760,831262800,0,0,0,1920,1080,False,2022-01-18T14:13:17.3735936+01:00
False,16,1920,1080,U8,3,1920,1080,5760,844439632,0,0,0,1920,1080,False,2022-01-18T14:13:17.4071168+01:00
False,16,1920,1080,U8,3,1920,1080,5760,812449872,0,0,0,1920,1080,False,2022-01-18T14:13:17.4409728+01:00
False,16,1920,1080,U8,3,1920,1080,5760,806203472,0,0,0,1920,1080,False,2022-01-18T14:13:17.4733824+01:00
False,16,1920,1080,U8,3,1920,1080,5760,831307856,0,0,0,1920,1080,False,2022-01-18T14:13:17.5060480+01:00
False,16,1920,1080,U8,3,1920,1080,5760,850722896,0,0,0,1920,1080,False,2022-01-18T14:13:17.5400704+01:00
False,16,1920,1080,U8,3,1920,1080,5760,988020816,0,0,0,1920,1080,False,2022-01-18T14:13:17.5731200+01:00
False,16,1920,1080,U8,3,1920,1080,5760,994263120,0,0,0,1920,1080,False,2022-01-18T14:13:17.6060672+01:00
False,16,1920,1080,U8,3,1920,1080,5760,1000550480,0,0,0,1920,1080,False,2022-01-18T14:13:17.6401792+01:00
False,16,1920,1080,U8,3,1920,1080,5760,1149902928,0,0,0,1920,1080,False,2022-01-18T14:13:17.6728320+01:00
False,16,1920,1080,U8,3,1920,1080,5760,1156214864,0,0,0,1920,1080,False,2022-01-18T14:13:17.7059712+01:00
False,16,1920,1080,U8,3,1920,1080,5760,1162477648,0,0,0,1920,1080,False,2022-01-18T14:13:17.7397632+01:00
False,16,1920,1080,U8,3,1920,1080,5760,1168719952,0,0,0,1920,1080,False,2022-01-18T14:13:17.7735552+01:00
False,16,1920,1080,U8,3,1920,1080,5760,806162512,0,0,0,1920,1080,False,2022-01-18T14:13:17.8057856+01:00
False,16,1920,1080,U8,3,1920,1080,5760,812458064,0,0,0,1920,1080,False,2022-01-18T14:13:17.8391552+01:00
False,16,1920,1080,U8,3,1920,1080,5760,818761808,0,0,0,1920,1080,False,2022-01-18T14:13:17.8735360+01:00
False,16,1920,1080,U8,3,1920,1080,5760,825090128,0,0,0,1920,1080,False,2022-01-18T14:13:17.9079552+01:00
False,16,1920,1080,U8,3,1920,1080,5760,806211664,0,0,0,1920,1080,False,2022-01-18T14:13:17.9399936+01:00
False,16,1920,1080,U8,3,1920,1080,5760,812466256,0,0,0,1920,1080,False,2022-01-18T14:13:17.9734656+01:00
False,16,1920,1080,U8,3,1920,1080,5760,831352912,0,0,0,1920,1080,False,2022-01-18T14:13:18.0075008+01:00
False,16,1920,1080,U8,3,1920,1080,5760,844447824,0,0,0,1920,1080,False,2022-01-18T14:13:18.0404992+01:00
False,16,1920,1080,U8,3,1920,1080,5760,806158416,0,0,0,1920,1080,False,2022-01-18T14:13:18.0737920+01:00
False,16,1920,1080,U8,3,1920,1080,5760,812400720,0,0,0,1920,1080,False,2022-01-18T14:13:18.1063040+01:00
False,16,1920,1080,U8,3,1920,1080,5760,850743376,0,0,0,1920,1080,False,2022-01-18T14:13:18.1398144+01:00
False,16,1920,1080,U8,3,1920,1080,5760,988049488,0,0,0,1920,1080,False,2022-01-18T14:13:18.1732480+01:00
False,16,1920,1080,U8,3,1920,1080,5760,994373712,0,0,0,1920,1080,False,2022-01-18T14:13:18.2076672+01:00
False,16,1920,1080,U8,3,1920,1080,5760,1000644688,0,0,0,1920,1080,False,2022-01-18T14:13:18.2399616+01:00
False,16,1920,1080,U8,3,1920,1080,5760,1149915216,0,0,0,1920,1080,False,2022-01-18T14:13:18.2734592+01:00
False,16,1920,1080,U8,3,1920,1080,5760,1156247632,0,0,0,1920,1080,False,2022-01-18T14:13:18.3061248+01:00
False,16,1920,1080,U8,3,1920,1080,5760,1162477648,0,0,0,1920,1080,False,2022-01-18T14:13:18.3407232+01:00
False,16,1920,1080,U8,3,1920,1080,5760,1168748624,0,0,0,1920,1080,False,2022-01-18T14:13:18.3749120+01:00
False,16,1920,1080,U8,3,1920,1080,5760,806166608,0,0,0,1920,1080,False,2022-01-18T14:13:18.4061952+01:00
False,16,1920,1080,U8,3,1920,1080,5760,812462160,0,0,0,1920,1080,False,2022-01-18T14:13:18.4396800+01:00
False,16,1920,1080,U8,3,1920,1080,5760,818770000,0,0,0,1920,1080,False,2022-01-18T14:13:18.4740864+01:00
False,16,1920,1080,U8,3,1920,1080,5760,825077840,0,0,0,1920,1080,False,2022-01-18T14:13:18.5070848+01:00
False,16,1920,1080,U8,3,1920,1080,5760,806174800,0,0,0,1920,1080,False,2022-01-18T14:13:18.5401344+01:00
False,16,1920,1080,U8,3,1920,1080,5760,812474448,0,0,0,1920,1080,False,2022-01-18T14:13:18.5734272+01:00
False,16,1920,1080,U8,3,1920,1080,5760,831385680,0,0,0,1920,1080,False,2022-01-18T14:13:18.6072960+01:00
False,16,1920,1080,U8,3,1920,1080,5760,844456016,0,0,0,1920,1080,False,2022-01-18T14:13:18.6419968+01:00
False,16,1920,1080,U8,3,1920,1080,5760,806170704,0,0,0,1920,1080,False,2022-01-18T14:13:18.6738304+01:00
False,16,1920,1080,U8,3,1920,1080,5760,812503120,0,0,0,1920,1080,False,2022-01-18T14:13:18.7085952+01:00
False,16,1920,1080,U8,3,1920,1080,5760,850784336,0,0,0,1920,1080,False,2022-01-18T14:13:18.7403520+01:00
False,16,1920,1080,U8,3,1920,1080,5760,988029008,0,0,0,1920,1080,False,2022-01-18T14:13:18.7735936+01:00
False,16,1920,1080,U8,3,1920,1080,5760,994349136,0,0,0,1920,1080,False,2022-01-18T14:13:18.8063104+01:00
False,16,1920,1080,U8,3,1920,1080,5760,1000611920,0,0,0,1920,1080,False,2022-01-18T14:13:18.8411648+01:00
False,16,1920,1080,U8,3,1920,1080,5760,1149935696,0,0,0,1920,1080,False,2022-01-18T14:13:18.8737536+01:00
False,16,1920,1080,U8,3,1920,1080,5760,1156214864,0,0,0,1920,1080,False,2022-01-18T14:13:18.9078272+01:00
False,16,1920,1080,U8,3,1920,1080,5760,1162477648,0,0,0,1920,1080,False,2022-01-18T14:13:18.9407232+01:00
False,16,1920,1080,U8,3,1920,1080,5760,1168719952,0,0,0,1920,1080,False,2022-01-18T14:13:18.9738752+01:00
False,16,1920,1080,U8,3,1920,1080,5760,806170704,0,0,0,1920,1080,False,2022-01-18T14:13:19.0078848+01:00
False,16,1920,1080,U8,3,1920,1080,5760,812470352,0,0,0,1920,1080,False,2022-01-18T14:13:19.0417536+01:00
False,16,1920,1080,U8,3,1920,1080,5760,818798672,0,0,0,1920,1080,False,2022-01-18T14:13:19.0748672+01:00
False,16,1920,1080,U8,3,1920,1080,5760,825061456,0,0,0,1920,1080,False,2022-01-18T14:13:19.1083264+01:00
False,16,1920,1080,U8,3,1920,1080,5760,806182992,0,0,0,1920,1080,False,2022-01-18T14:13:19.1410944+01:00
False,16,1920,1080,U8,3,1920,1080,5760,812490832,0,0,0,1920,1080,False,2022-01-18T14:13:19.1728640+01:00
False,16,1920,1080,U8,3,1920,1080,5760,831324240,0,0,0,1920,1080,False,2022-01-18T14:13:19.2083712+01:00
False,16,1920,1080,U8,3,1920,1080,5760,844451920,0,0,0,1920,1080,False,2022-01-18T14:13:19.2411264+01:00
False,16,1920,1080,U8,3,1920,1080,5760,806191184,0,0,0,1920,1080,False,2022-01-18T14:13:19.2743808+01:00
False,16,1920,1080,U8,3,1920,1080,5760,812482640,0,0,0,1920,1080,False,2022-01-18T14:13:19.3065984+01:00
False,16,1920,1080,U8,3,1920,1080,5760,850747472,0,0,0,1920,1080,False,2022-01-18T14:13:19.3406592+01:00
False,16,1920,1080,U8,3,1920,1080,5760,988061776,0,0,0,1920,1080,False,2022-01-18T14:13:19.3732224+01:00
False,16,1920,1080,U8,3,1920,1080,5760,994353232,0,0,0,1920,1080,False,2022-01-18T14:13:19.4064512+01:00
False,16,1920,1080,U8,3,1920,1080,5760,1000640592,0,0,0,1920,1080,False,2022-01-18T14:13:19.4411776+01:00
False,16,1920,1080,U8,3,1920,1080,5760,1149943888,0,0,0,1920,1080,False,2022-01-18T14:13:19.4735872+01:00
False,16,1920,1080,U8,3,1920,1080,5760,1156243536,0,0,0,1920,1080,False,2022-01-18T14:13:19.5079040+01:00
False,16,1920,1080,U8,3,1920,1080,5760,1162481744,0,0,0,1920,1080,False,2022-01-18T14:13:19.5411968+01:00
False,16,1920,1080,U8,3,1920,1080,5760,1168814160,0,0,0,1920,1080,False,2022-01-18T14:13:19.5752448+01:00
False,16,1920,1080,U8,3,1920,1080,5760,806182992,0,0,0,1920,1080,False,2022-01-18T14:13:19.6072064+01:00
False,16,1920,1080,U8,3,1920,1080,5760,812499024,0,0,0,1920,1080,False,2022-01-18T14:13:19.6418176+01:00
False,16,1920,1080,U8,3,1920,1080,5760,818782288,0,0,0,1920,1080,False,2022-01-18T14:13:19.6741888+01:00
False,16,1920,1080,U8,3,1920,1080,5760,825073744,0,0,0,1920,1080,False,2022-01-18T14:13:19.7083648+01:00
False,16,1920,1080,U8,3,1920,1080,5760,806166608,0,0,0,1920,1080,False,2022-01-18T14:13:19.7404288+01:00
False,16,1920,1080,U8,3,1920,1080,5760,812494928,0,0,0,1920,1080,False,2022-01-18T14:13:19.7747584+01:00
False,16,1920,1080,U8,3,1920,1080,5760,831344720,0,0,0,1920,1080,False,2022-01-18T14:13:19.8078976+01:00
False,16,1920,1080,U8,3,1920,1080,5760,844472400,0,0,0,1920,1080,False,2022-01-18T14:13:19.8411776+01:00
False,16,1920,1080,U8,3,1920,1080,5760,806195280,0,0,0,1920,1080,False,2022-01-18T14:13:19.8748160+01:00
False,16,1920,1080,U8,3,1920,1080,5760,812458064,0,0,0,1920,1080,False,2022-01-18T14:13:19.9077504+01:00
False,16,1920,1080,U8,3,1920,1080,5760,850776144,0,0,0,1920,1080,False,2022-01-18T14:13:19.9410688+01:00
False,16,1920,1080,U8,3,1920,1080,5760,988065872,0,0,0,1920,1080,False,2022-01-18T14:13:19.9746176+01:00
False,16,1920,1080,U8,3,1920,1080,5760,994312272,0,0,0,1920,1080,False,2022-01-18T14:13:20.0074496+01:00
False,16,1920,1080,U8,3,1920,1080,5760,1000575056,0,0,0,1920,1080,False,2022-01-18T14:13:20.0409856+01:00
False,16,1920,1080,U8,3,1920,1080,5760,1149939792,0,0,0,1920,1080,False,2022-01-18T14:13:20.0746880+01:00
False,16,1920,1080,U8,3,1920,1080,5760,1156210768,0,0,0,1920,1080,False,2022-01-18T14:13:20.1077376+01:00
False,16,1920,1080,U8,3,1920,1080,5760,1162514512,0,0,0,1920,1080,False,2022-01-18T14:13:20.1411200+01:00
False,16,1920,1080,U8,3,1920,1080,5760,1168777296,0,0,0,1920,1080,False,2022-01-18T14:13:20.1751936+01:00
False,16,1920,1080,U8,3,1920,1080,5760,806191184,0,0,0,1920,1080,False,2022-01-18T14:13:20.2077696+01:00
False,16,1920,1080,U8,3,1920,1080,5760,812486736,0,0,0,1920,1080,False,2022-01-18T14:13:20.2408192+01:00
False,16,1920,1080,U8,3,1920,1080,5760,818757712,0,0,0,1920,1080,False,2022-01-18T14:13:20.2748288+01:00
False,16,1920,1080,U8,3,1920,1080,5760,825073744,0,0,0,1920,1080,False,2022-01-18T14:13:20.3074432+01:00
False,16,1920,1080,U8,3,1920,1080,5760,806211664,0,0,0,1920,1080,False,2022-01-18T14:13:20.3409280+01:00
False,16,1920,1080,U8,3,1920,1080,5760,812449872,0,0,0,1920,1080,False,2022-01-18T14:13:20.3741696+01:00
False,16,1920,1080,U8,3,1920,1080,5760,831365200,0,0,0,1920,1080,False,2022-01-18T14:13:20.4084352+01:00
False,16,1920,1080,U8,3,1920,1080,5760,844480592,0,0,0,1920,1080,False,2022-01-18T14:13:20.4411520+01:00
False,16,1920,1080,U8,3,1920,1080,5760,806162512,0,0,0,1920,1080,False,2022-01-18T14:13:20.4742528+01:00
False,16,1920,1080,U8,3,1920,1080,5760,812466256,0,0,0,1920,1080,False,2022-01-18T14:13:20.5076608+01:00
False,16,1920,1080,U8,3,1920,1080,5760,850759760,0,0,0,1920,1080,False,2022-01-18T14:13:20.5409920+01:00
False,16,1920,1080,U8,3,1920,1080,5760,988065872,0,0,0,1920,1080,False,2022-01-18T14:13:20.5743232+01:00
False,16,1920,1080,U8,3,1920,1080,5760,994328656,0,0,0,1920,1080,False,2022-01-18T14:13:20.6080256+01:00
False,16,1920,1080,U8,3,1920,1080,5760,1000611920,0,0,0,1920,1080,False,2022-01-18T14:13:20.6410624+01:00
False,16,1920,1080,U8,3,1920,1080,5760,1149943888,0,0,0,1920,1080,False,2022-01-18T14:13:20.6738816+01:00
False,16,1920,1080,U8,3,1920,1080,5760,1156210768,0,0,0,1920,1080,False,2022-01-18T14:13:20.7076864+01:00
False,16,1920,1080,U8,3,1920,1080,5760,1162514512,0,0,0,1920,1080,False,2022-01-18T14:13:20.7408384+01:00
False,16,1920,1080,U8,3,1920,1080,5760,1168801872,0,0,0,1920,1080,False,2022-01-18T14:13:20.7744256+01:00
False,16,1920,1080,U8,3,1920,1080,5760,806203472,0,0,0,1920,1080,False,2022-01-18T14:13:20.8074752+01:00
False,16,1920,1080,U8,3,1920,1080,5760,812478544,0,0,0,1920,1080,False,2022-01-18T14:13:20.8407040+01:00
False,16,1920,1080,U8,3,1920,1080,5760,818741328,0,0,0,1920,1080,False,2022-01-18T14:13:20.8738176+01:00
False,16,1920,1080,U8,3,1920,1080,5760,824967248,0,0,0,1920,1080,False,2022-01-18T14:13:20.9084544+01:00
False,16,1920,1080,U8,3,1920,1080,5760,806158416,0,0,0,1920,1080,False,2022-01-18T14:13:20.9406080+01:00
False,16,1920,1080,U8,3,1920,1080,5760,812400720,0,0,0,1920,1080,False,2022-01-18T14:13:20.9740544+01:00
False,16,1920,1080,U8,3,1920,1080,5760,831230032,0,0,0,1920,1080,False,2022-01-18T14:13:21.0083328+01:00
False,16,1920,1080,U8,3,1920,1080,5760,844492880,0,0,0,1920,1080,False,2022-01-18T14:13:21.0412032+01:00
False,16,1920,1080,U8,3,1920,1080,5760,806170704,0,0,0,1920,1080,False,2022-01-18T14:13:21.0750080+01:00
False,16,1920,1080,U8,3,1920,1080,5760,812490832,0,0,0,1920,1080,False,2022-01-18T14:13:21.1077760+01:00
False,16,1920,1080,U8,3,1920,1080,5760,850784336,0,0,0,1920,1080,False,2022-01-18T14:13:21.1415680+01:00
False,16,1920,1080,U8,3,1920,1080,5760,988078160,0,0,0,1920,1080,False,2022-01-18T14:13:21.1738880+01:00
False,16,1920,1080,U8,3,1920,1080,5760,994324560,0,0,0,1920,1080,False,2022-01-18T14:13:21.2086400+01:00
False,16,1920,1080,U8,3,1920,1080,5760,1000620112,0,0,0,1920,1080,False,2022-01-18T14:13:21.2412288+01:00
False,16,1920,1080,U8,3,1920,1080,5760,1149927504,0,0,0,1920,1080,False,2022-01-18T14:13:21.2746752+01:00
False,16,1920,1080,U8,3,1920,1080,5760,1156206672,0,0,0,1920,1080,False,2022-01-18T14:13:21.3080576+01:00
False,16,1920,1080,U8,3,1920,1080,5760,1162489936,0,0,0,1920,1080,False,2022-01-18T14:13:21.3409408+01:00
False,16,1920,1080,U8,3,1920,1080,5760,1168769104,0,0,0,1920,1080,False,2022-01-18T14:13:21.3754368+01:00
False,16,1920,1080,U8,3,1920,1080,5760,806191184,0,0,0,1920,1080,False,2022-01-18T14:13:21.4080768+01:00
False,16,1920,1080,U8,3,1920,1080,5760,812466256,0,0,0,1920,1080,False,2022-01-18T14:13:21.4413184+01:00
False,16,1920,1080,U8,3,1920,1080,5760,818761808,0,0,0,1920,1080,False,2022-01-18T14:13:21.4759936+01:00
False,16,1920,1080,U8,3,1920,1080,5760,825045072,0,0,0,1920,1080,False,2022-01-18T14:13:21.5104640+01:00
False,16,1920,1080,U8,3,1920,1080,5760,806158416,0,0,0,1920,1080,False,2022-01-18T14:13:21.5410176+01:00
False,16,1920,1080,U8,3,1920,1080,5760,812388432,0,0,0,1920,1080,False,2022-01-18T14:13:21.5749248+01:00
False,16,1920,1080,U8,3,1920,1080,5760,831369296,0,0,0,1920,1080,False,2022-01-18T14:13:21.6081024+01:00
False,16,1920,1080,U8,3,1920,1080,5760,844468304,0,0,0,1920,1080,False,2022-01-18T14:13:21.6417792+01:00
False,16,1920,1080,U8,3,1920,1080,5760,806191184,0,0,0,1920,1080,False,2022-01-18T14:13:21.6748416+01:00
False,16,1920,1080,U8,3,1920,1080,5760,812511312,0,0,0,1920,1080,False,2022-01-18T14:13:21.7082368+01:00
False,16,1920,1080,U8,3,1920,1080,5760,850722896,0,0,0,1920,1080,False,2022-01-18T14:13:21.7412992+01:00
False,16,1920,1080,U8,3,1920,1080,5760,988057680,0,0,0,1920,1080,False,2022-01-18T14:13:21.7749376+01:00
False,16,1920,1080,U8,3,1920,1080,5760,994324560,0,0,0,1920,1080,False,2022-01-18T14:13:21.8078208+01:00
False,16,1920,1080,U8,3,1920,1080,5760,1000624208,0,0,0,1920,1080,False,2022-01-18T14:13:21.8412032+01:00
False,16,1920,1080,U8,3,1920,1080,5760,1149902928,0,0,0,1920,1080,False,2022-01-18T14:13:21.8749440+01:00
False,16,1920,1080,U8,3,1920,1080,5760,1156210768,0,0,0,1920,1080,False,2022-01-18T14:13:21.9081728+01:00
False,16,1920,1080,U8,3,1920,1080,5760,1162518608,0,0,0,1920,1080,False,2022-01-18T14:13:21.9413632+01:00
False,16,1920,1080,U8,3,1920,1080,5760,1168814160,0,0,0,1920,1080,False,2022-01-18T14:13:21.9762816+01:00
False,16,1920,1080,U8,3,1920,1080,5760,806215760,0,0,0,1920,1080,False,2022-01-18T14:13:22.0078336+01:00
False,16,1920,1080,U8,3,1920,1080,5760,812449872,0,0,0,1920,1080,False,2022-01-18T14:13:22.0410880+01:00
False,16,1920,1080,U8,3,1920,1080,5760,818720848,0,0,0,1920,1080,False,2022-01-18T14:13:22.0754304+01:00
False,16,1920,1080,U8,3,1920,1080,5760,825004112,0,0,0,1920,1080,False,2022-01-18T14:13:22.1086720+01:00
False,16,1920,1080,U8,3,1920,1080,5760,806166608,0,0,0,1920,1080,False,2022-01-18T14:13:22.1410048+01:00
False,16,1920,1080,U8,3,1920,1080,5760,831266896,0,0,0,1920,1080,False,2022-01-18T14:13:22.1738752+01:00
False,16,1920,1080,U8,3,1920,1080,5760,844443728,0,0,0,1920,1080,False,2022-01-18T14:13:22.2077184+01:00
False,16,1920,1080,U8,3,1920,1080,5760,850780240,0,0,0,1920,1080,False,2022-01-18T14:13:22.2413568+01:00
False,16,1920,1080,U8,3,1920,1080,5760,806187088,0,0,0,1920,1080,False,2022-01-18T14:13:22.2749184+01:00
False,16,1920,1080,U8,3,1920,1080,5760,831262800,0,0,0,1920,1080,False,2022-01-18T14:13:22.3083136+01:00
False,16,1920,1080,U8,3,1920,1080,5760,988069968,0,0,0,1920,1080,False,2022-01-18T14:13:22.3414400+01:00
False,16,1920,1080,U8,3,1920,1080,5760,994365520,0,0,0,1920,1080,False,2022-01-18T14:13:22.3740160+01:00
False,16,1920,1080,U8,3,1920,1080,5760,1000661072,0,0,0,1920,1080,False,2022-01-18T14:13:22.4077440+01:00
False,16,1920,1080,U8,3,1920,1080,5760,1149927504,0,0,0,1920,1080,False,2022-01-18T14:13:22.4412288+01:00
False,16,1920,1080,U8,3,1920,1080,5760,1156198480,0,0,0,1920,1080,False,2022-01-18T14:13:22.4744960+01:00
False,16,1920,1080,U8,3,1920,1080,5760,1162502224,0,0,0,1920,1080,False,2022-01-18T14:13:22.5075456+01:00
False,16,1920,1080,U8,3,1920,1080,5760,812449872,0,0,0,1920,1080,False,2022-01-18T14:13:22.5417728+01:00
False,16,1920,1080,U8,3,1920,1080,5760,1168814160,0,0,0,1920,1080,False,2022-01-18T14:13:22.5740416+01:00
False,16,1920,1080,U8,3,1920,1080,5760,806174800,0,0,0,1920,1080,False,2022-01-18T14:13:22.6074752+01:00
False,16,1920,1080,U8,3,1920,1080,5760,818720848,0,0,0,1920,1080,False,2022-01-18T14:13:22.6404480+01:00
False,16,1920,1080,U8,3,1920,1080,5760,825024592,0,0,0,1920,1080,False,2022-01-18T14:13:22.6737408+01:00
False,16,1920,1080,U8,3,1920,1080,5760,831295568,0,0,0,1920,1080,False,2022-01-18T14:13:22.7082880+01:00
False,16,1920,1080,U8,3,1920,1080,5760,806162512,0,0,0,1920,1080,False,2022-01-18T14:13:22.7403904+01:00
False,16,1920,1080,U8,3,1920,1080,5760,812478544,0,0,0,1920,1080,False,2022-01-18T14:13:22.7731840+01:00
False,16,1920,1080,U8,3,1920,1080,5760,844492880,0,0,0,1920,1080,False,2022-01-18T14:13:22.8065920+01:00
False,16,1920,1080,U8,3,1920,1080,5760,850763856,0,0,0,1920,1080,False,2022-01-18T14:13:22.8409088+01:00
False,16,1920,1080,U8,3,1920,1080,5760,806195280,0,0,0,1920,1080,False,2022-01-18T14:13:22.8747136+01:00
False,16,1920,1080,U8,3,1920,1080,5760,812462160,0,0,0,1920,1080,False,2022-01-18T14:13:22.9079296+01:00
False,16,1920,1080,U8,3,1920,1080,5760,988033104,0,0,0,1920,1080,False,2022-01-18T14:13:22.9408384+01:00
False,16,1920,1080,U8,3,1920,1080,5760,994349136,0,0,0,1920,1080,False,2022-01-18T14:13:22.9745664+01:00
False,16,1920,1080,U8,3,1920,1080,5760,1000665168,0,0,0,1920,1080,False,2022-01-18T14:13:23.0067968+01:00
False,16,1920,1080,U8,3,1920,1080,5760,1149907024,0,0,0,1920,1080,False,2022-01-18T14:13:23.0410496+01:00
False,16,1920,1080,U8,3,1920,1080,5760,1156239440,0,0,0,1920,1080,False,2022-01-18T14:13:23.0734720+01:00
False,16,1920,1080,U8,3,1920,1080,5760,1162514512,0,0,0,1920,1080,False,2022-01-18T14:13:23.1077888+01:00
False,16,1920,1080,U8,3,1920,1080,5760,1168781392,0,0,0,1920,1080,False,2022-01-18T14:13:23.1408512+01:00
False,16,1920,1080,U8,3,1920,1080,5760,1175081040,0,0,0,1920,1080,False,2022-01-18T14:13:23.1741312+01:00
False,16,1920,1080,U8,3,1920,1080,5760,806203472,0,0,0,1920,1080,False,2022-01-18T14:13:23.2072576+01:00
False,16,1920,1080,U8,3,1920,1080,5760,812478544,0,0,0,1920,1080,False,2022-01-18T14:13:23.2400640+01:00
False,16,1920,1080,U8,3,1920,1080,5760,818790480,0,0,0,1920,1080,False,2022-01-18T14:13:23.2735488+01:00
False,16,1920,1080,U8,3,1920,1080,5760,825032784,0,0,0,1920,1080,False,2022-01-18T14:13:23.3070848+01:00
False,16,1920,1080,U8,3,1920,1080,5760,806158416,0,0,0,1920,1080,False,2022-01-18T14:13:23.3402368+01:00
False,16,1920,1080,U8,3,1920,1080,5760,812400720,0,0,0,1920,1080,False,2022-01-18T14:13:23.3732224+01:00
False,16,1920,1080,U8,3,1920,1080,5760,831311952,0,0,0,1920,1080,False,2022-01-18T14:13:23.4066688+01:00
False,16,1920,1080,U8,3,1920,1080,5760,844447824,0,0,0,1920,1080,False,2022-01-18T14:13:23.4411392+01:00
False,16,1920,1080,U8,3,1920,1080,5760,806199376,0,0,0,1920,1080,False,2022-01-18T14:13:23.4747136+01:00
False,16,1920,1080,U8,3,1920,1080,5760,812490832,0,0,0,1920,1080,False,2022-01-18T14:13:23.5079296+01:00
False,16,1920,1080,U8,3,1920,1080,5760,850735184,0,0,0,1920,1080,False,2022-01-18T14:13:23.5405568+01:00
False,16,1920,1080,U8,3,1920,1080,5760,988045392,0,0,0,1920,1080,False,2022-01-18T14:13:23.5733120+01:00
False,16,1920,1080,U8,3,1920,1080,5760,994365520,0,0,0,1920,1080,False,2022-01-18T14:13:23.6062976+01:00
False,16,1920,1080,U8,3,1920,1080,5760,1000636496,0,0,0,1920,1080,False,2022-01-18T14:13:23.6408448+01:00
False,16,1920,1080,U8,3,1920,1080,5760,1149894736,0,0,0,1920,1080,False,2022-01-18T14:13:23.6731904+01:00
False,16,1920,1080,U8,3,1920,1080,5760,1156137040,0,0,0,1920,1080,False,2022-01-18T14:13:23.7078016+01:00
False,16,1920,1080,U8,3,1920,1080,5760,1162432592,0,0,0,1920,1080,False,2022-01-18T14:13:23.7405952+01:00
False,16,1920,1080,U8,3,1920,1080,5760,1168703568,0,0,0,1920,1080,False,2022-01-18T14:13:23.7741056+01:00
False,16,1920,1080,U8,3,1920,1080,5760,806199376,0,0,0,1920,1080,False,2022-01-18T14:13:23.8073600+01:00
False,16,1920,1080,U8,3,1920,1080,5760,812499024,0,0,0,1920,1080,False,2022-01-18T14:13:23.8405376+01:00
False,16,1920,1080,U8,3,1920,1080,5760,818745424,0,0,0,1920,1080,False,2022-01-18T14:13:23.8754176+01:00
False,16,1920,1080,U8,3,1920,1080,5760,825053264,0,0,0,1920,1080,False,2022-01-18T14:13:23.9074304+01:00
False,16,1920,1080,U8,3,1920,1080,5760,806215760,0,0,0,1920,1080,False,2022-01-18T14:13:23.9407232+01:00
False,16,1920,1080,U8,3,1920,1080,5760,812462160,0,0,0,1920,1080,False,2022-01-18T14:13:23.9753216+01:00
False,16,1920,1080,U8,3,1920,1080,5760,831344720,0,0,0,1920,1080,False,2022-01-18T14:13:24.0085504+01:00
False,16,1920,1080,U8,3,1920,1080,5760,844456016,0,0,0,1920,1080,False,2022-01-18T14:13:24.0411008+01:00
False,16,1920,1080,U8,3,1920,1080,5760,806174800,0,0,0,1920,1080,False,2022-01-18T14:13:24.0743168+01:00
False,16,1920,1080,U8,3,1920,1080,5760,812449872,0,0,0,1920,1080,False,2022-01-18T14:13:24.1078272+01:00
False,16,1920,1080,U8,3,1920,1080,5760,850776144,0,0,0,1920,1080,False,2022-01-18T14:13:24.1408128+01:00
False,16,1920,1080,U8,3,1920,1080,5760,988045392,0,0,0,1920,1080,False,2022-01-18T14:13:24.1748224+01:00
False,16,1920,1080,U8,3,1920,1080,5760,994345040,0,0,0,1920,1080,False,2022-01-18T14:13:24.2075904+01:00
False,16,1920,1080,U8,3,1920,1080,5760,1000628304,0,0,0,1920,1080,False,2022-01-18T14:13:24.2415232+01:00
False,16,1920,1080,U8,3,1920,1080,5760,1149931600,0,0,0,1920,1080,False,2022-01-18T14:13:24.2737792+01:00
False,16,1920,1080,U8,3,1920,1080,5760,1156186192,0,0,0,1920,1080,False,2022-01-18T14:13:24.3067520+01:00
False,16,1920,1080,U8,3,1920,1080,5760,1162428496,0,0,0,1920,1080,False,2022-01-18T14:13:24.3400704+01:00
False,16,1920,1080,U8,3,1920,1080,5760,1168703568,0,0,0,1920,1080,False,2022-01-18T14:13:24.3744640+01:00
False,16,1920,1080,U8,3,1920,1080,5760,806158416,0,0,0,1920,1080,False,2022-01-18T14:13:24.4073472+01:00
False,16,1920,1080,U8,3,1920,1080,5760,812408912,0,0,0,1920,1080,False,2022-01-18T14:13:24.4408320+01:00
False,16,1920,1080,U8,3,1920,1080,5760,818683984,0,0,0,1920,1080,False,2022-01-18T14:13:24.4742784+01:00
False,16,1920,1080,U8,3,1920,1080,5760,825016400,0,0,0,1920,1080,False,2022-01-18T14:13:24.5074176+01:00
False,16,1920,1080,U8,3,1920,1080,5760,806191184,0,0,0,1920,1080,False,2022-01-18T14:13:24.5392512+01:00
False,16,1920,1080,U8,3,1920,1080,5760,831279184,0,0,0,1920,1080,False,2022-01-18T14:13:24.5736064+01:00
False,16,1920,1080,U8,3,1920,1080,5760,844492880,0,0,0,1920,1080,False,2022-01-18T14:13:24.6075008+01:00
False,16,1920,1080,U8,3,1920,1080,5760,850735184,0,0,0,1920,1080,False,2022-01-18T14:13:24.6414848+01:00
False,16,1920,1080,U8,3,1920,1080,5760,806174800,0,0,0,1920,1080,False,2022-01-18T14:13:24.6738944+01:00
False,16,1920,1080,U8,3,1920,1080,5760,831316048,0,0,0,1920,1080,False,2022-01-18T14:13:24.7067264+01:00
False,16,1920,1080,U8,3,1920,1080,5760,988029008,0,0,0,1920,1080,False,2022-01-18T14:13:24.7409920+01:00
False,16,1920,1080,U8,3,1920,1080,5760,994361424,0,0,0,1920,1080,False,2022-01-18T14:13:24.7735552+01:00
False,16,1920,1080,U8,3,1920,1080,5760,1000652880,0,0,0,1920,1080,False,2022-01-18T14:13:24.8062336+01:00
False,16,1920,1080,U8,3,1920,1080,5760,812449872,0,0,0,1920,1080,False,2022-01-18T14:13:24.8415744+01:00
False,16,1920,1080,U8,3,1920,1080,5760,1149898832,0,0,0,1920,1080,False,2022-01-18T14:13:24.8742656+01:00
False,16,1920,1080,U8,3,1920,1080,5760,1156223056,0,0,0,1920,1080,False,2022-01-18T14:13:24.9068416+01:00
False,16,1920,1080,U8,3,1920,1080,5760,1162506320,0,0,0,1920,1080,False,2022-01-18T14:13:24.9401984+01:00
False,16,1920,1080,U8,3,1920,1080,5760,1168822352,0,0,0,1920,1080,False,2022-01-18T14:13:24.9753344+01:00
False,16,1920,1080,U8,3,1920,1080,5760,806162512,0,0,0,1920,1080,False,2022-01-18T14:13:25.0061696+01:00
False,16,1920,1080,U8,3,1920,1080,5760,812486736,0,0,0,1920,1080,False,2022-01-18T14:13:25.0408576+01:00
False,16,1920,1080,U8,3,1920,1080,5760,818761808,0,0,0,1920,1080,False,2022-01-18T14:13:25.0740864+01:00
False,16,1920,1080,U8,3,1920,1080,5760,825090128,0,0,0,1920,1080,False,2022-01-18T14:13:25.1073152+01:00
False,16,1920,1080,U8,3,1920,1080,5760,806182992,0,0,0,1920,1080,False,2022-01-18T14:13:25.1406080+01:00
False,16,1920,1080,U8,3,1920,1080,5760,812499024,0,0,0,1920,1080,False,2022-01-18T14:13:25.1735296+01:00
False,16,1920,1080,U8,3,1920,1080,5760,831324240,0,0,0,1920,1080,False,2022-01-18T14:13:25.2078464+01:00
False,16,1920,1080,U8,3,1920,1080,5760,844472400,0,0,0,1920,1080,False,2022-01-18T14:13:25.2413056+01:00
False,16,1920,1080,U8,3,1920,1080,5760,806203472,0,0,0,1920,1080,False,2022-01-18T14:13:25.2732544+01:00
False,16,1920,1080,U8,3,1920,1080,5760,812499024,0,0,0,1920,1080,False,2022-01-18T14:13:25.3065216+01:00
False,16,1920,1080,U8,3,1920,1080,5760,850722896,0,0,0,1920,1080,False,2022-01-18T14:13:25.3410432+01:00
False,16,1920,1080,U8,3,1920,1080,5760,988057680,0,0,0,1920,1080,False,2022-01-18T14:13:25.3733376+01:00
False,16,1920,1080,U8,3,1920,1080,5760,994353232,0,0,0,1920,1080,False,2022-01-18T14:13:25.4064896+01:00
False,16,1920,1080,U8,3,1920,1080,5760,1000665168,0,0,0,1920,1080,False,2022-01-18T14:13:25.4411648+01:00
False,16,1920,1080,U8,3,1920,1080,5760,1149956176,0,0,0,1920,1080,False,2022-01-18T14:13:25.4733824+01:00
False,16,1920,1080,U8,3,1920,1080,5760,1156206672,0,0,0,1920,1080,False,2022-01-18T14:13:25.5063424+01:00
False,16,1920,1080,U8,3,1920,1080,5760,1162494032,0,0,0,1920,1080,False,2022-01-18T14:13:25.5409792+01:00
False,16,1920,1080,U8,3,1920,1080,5760,1168814160,0,0,0,1920,1080,False,2022-01-18T14:13:25.5742848+01:00
False,16,1920,1080,U8,3,1920,1080,5760,806158416,0,0,0,1920,1080,False,2022-01-18T14:13:25.6064000+01:00
False,16,1920,1080,U8,3,1920,1080,5760,812437584,0,0,0,1920,1080,False,2022-01-18T14:13:25.6407680+01:00
False,16,1920,1080,U8,3,1920,1080,5760,818683984,0,0,0,1920,1080,False,2022-01-18T14:13:25.6744064+01:00
False,16,1920,1080,U8,3,1920,1080,5760,824975440,0,0,0,1920,1080,False,2022-01-18T14:13:25.7096448+01:00
False,16,1920,1080,U8,3,1920,1080,5760,806166608,0,0,0,1920,1080,False,2022-01-18T14:13:25.7405952+01:00
False,16,1920,1080,U8,3,1920,1080,5760,831262800,0,0,0,1920,1080,False,2022-01-18T14:13:25.7735936+01:00
False,16,1920,1080,U8,3,1920,1080,5760,844456016,0,0,0,1920,1080,False,2022-01-18T14:13:25.8079744+01:00
False,16,1920,1080,U8,3,1920,1080,5760,850735184,0,0,0,1920,1080,False,2022-01-18T14:13:25.8415744+01:00
False,16,1920,1080,U8,3,1920,1080,5760,806211664,0,0,0,1920,1080,False,2022-01-18T14:13:25.8753664+01:00
False,16,1920,1080,U8,3,1920,1080,5760,812449872,0,0,0,1920,1080,False,2022-01-18T14:13:25.9072384+01:00
False,16,1920,1080,U8,3,1920,1080,5760,831270992,0,0,0,1920,1080,False,2022-01-18T14:13:25.9413376+01:00
False,16,1920,1080,U8,3,1920,1080,5760,988049488,0,0,0,1920,1080,False,2022-01-18T14:13:25.9736832+01:00
False,16,1920,1080,U8,3,1920,1080,5760,994361424,0,0,0,1920,1080,False,2022-01-18T14:13:26.0065152+01:00
False,16,1920,1080,U8,3,1920,1080,5760,1000611920,0,0,0,1920,1080,False,2022-01-18T14:13:26.0409088+01:00
False,16,1920,1080,U8,3,1920,1080,5760,1149915216,0,0,0,1920,1080,False,2022-01-18T14:13:26.0735744+01:00
False,16,1920,1080,U8,3,1920,1080,5760,1156247632,0,0,0,1920,1080,False,2022-01-18T14:13:26.1065216+01:00
False,16,1920,1080,U8,3,1920,1080,5760,1162494032,0,0,0,1920,1080,False,2022-01-18T14:13:26.1415168+01:00
False,16,1920,1080,U8,3,1920,1080,5760,1168826448,0,0,0,1920,1080,False,2022-01-18T14:13:26.1742336+01:00
False,16,1920,1080,U8,3,1920,1080,5760,806219856,0,0,0,1920,1080,False,2022-01-18T14:13:26.2064128+01:00
False,16,1920,1080,U8,3,1920,1080,5760,812486736,0,0,0,1920,1080,False,2022-01-18T14:13:26.2408320+01:00
False,16,1920,1080,U8,3,1920,1080,5760,818753616,0,0,0,1920,1080,False,2022-01-18T14:13:26.2739072+01:00
False,16,1920,1080,U8,3,1920,1080,5760,825057360,0,0,0,1920,1080,False,2022-01-18T14:13:26.3072000+01:00
False,16,1920,1080,U8,3,1920,1080,5760,806199376,0,0,0,1920,1080,False,2022-01-18T14:13:26.3405184+01:00
False,16,1920,1080,U8,3,1920,1080,5760,812466256,0,0,0,1920,1080,False,2022-01-18T14:13:26.3736960+01:00
False,16,1920,1080,U8,3,1920,1080,5760,831377488,0,0,0,1920,1080,False,2022-01-18T14:13:26.4074112+01:00
False,16,1920,1080,U8,3,1920,1080,5760,844447824,0,0,0,1920,1080,False,2022-01-18T14:13:26.4414976+01:00
False,16,1920,1080,U8,3,1920,1080,5760,806182992,0,0,0,1920,1080,False,2022-01-18T14:13:26.4739200+01:00
False,16,1920,1080,U8,3,1920,1080,5760,812486736,0,0,0,1920,1080,False,2022-01-18T14:13:26.5072640+01:00
False,16,1920,1080,U8,3,1920,1080,5760,850759760,0,0,0,1920,1080,False,2022-01-18T14:13:26.5409664+01:00
False,16,1920,1080,U8,3,1920,1080,5760,988078160,0,0,0,1920,1080,False,2022-01-18T14:13:26.5736064+01:00
False,16,1920,1080,U8,3,1920,1080,5760,994357328,0,0,0,1920,1080,False,2022-01-18T14:13:26.6076672+01:00
False,16,1920,1080,U8,3,1920,1080,5760,1000656976,0,0,0,1920,1080,False,2022-01-18T14:13:26.6411008+01:00
False,16,1920,1080,U8,3,1920,1080,5760,1149907024,0,0,0,1920,1080,False,2022-01-18T14:13:26.6737664+01:00
False,16,1920,1080,U8,3,1920,1080,5760,1156214864,0,0,0,1920,1080,False,2022-01-18T14:13:26.7075200+01:00
False,16,1920,1080,U8,3,1920,1080,5760,1162526800,0,0,0,1920,1080,False,2022-01-18T14:13:26.7409664+01:00
False,16,1920,1080,U8,3,1920,1080,5760,1168830544,0,0,0,1920,1080,False,2022-01-18T14:13:26.7743232+01:00
False,16,1920,1080,U8,3,1920,1080,5760,806211664,0,0,0,1920,1080,False,2022-01-18T14:13:26.8065664+01:00
False,16,1920,1080,U8,3,1920,1080,5760,812458064,0,0,0,1920,1080,False,2022-01-18T14:13:26.8407936+01:00
False,16,1920,1080,U8,3,1920,1080,5760,818745424,0,0,0,1920,1080,False,2022-01-18T14:13:26.8728960+01:00
False,16,1920,1080,U8,3,1920,1080,5760,825032784,0,0,0,1920,1080,False,2022-01-18T14:13:26.9075712+01:00
False,16,1920,1080,U8,3,1920,1080,5760,806187088,0,0,0,1920,1080,False,2022-01-18T14:13:26.9399936+01:00
False,16,1920,1080,U8,3,1920,1080,5760,812482640,0,0,0,1920,1080,False,2022-01-18T14:13:26.9741824+01:00
False,16,1920,1080,U8,3,1920,1080,5760,831295568,0,0,0,1920,1080,False,2022-01-18T14:13:27.0078464+01:00
False,16,1920,1080,U8,3,1920,1080,5760,844464208,0,0,0,1920,1080,False,2022-01-18T14:13:27.0407296+01:00
False,16,1920,1080,U8,3,1920,1080,5760,806219856,0,0,0,1920,1080,False,2022-01-18T14:13:27.0742016+01:00
False,16,1920,1080,U8,3,1920,1080,5760,812494928,0,0,0,1920,1080,False,2022-01-18T14:13:27.1075712+01:00
False,16,1920,1080,U8,3,1920,1080,5760,850767952,0,0,0,1920,1080,False,2022-01-18T14:13:27.1415552+01:00
False,16,1920,1080,U8,3,1920,1080,5760,988082256,0,0,0,1920,1080,False,2022-01-18T14:13:27.1741824+01:00
False,16,1920,1080,U8,3,1920,1080,5760,994340944,0,0,0,1920,1080,False,2022-01-18T14:13:27.2061696+01:00
False,16,1920,1080,U8,3,1920,1080,5760,1000652880,0,0,0,1920,1080,False,2022-01-18T14:13:27.2414208+01:00
False,16,1920,1080,U8,3,1920,1080,5760,1149894736,0,0,0,1920,1080,False,2022-01-18T14:13:27.2739200+01:00
False,16,1920,1080,U8,3,1920,1080,5760,1156157520,0,0,0,1920,1080,False,2022-01-18T14:13:27.3061376+01:00
False,16,1920,1080,U8,3,1920,1080,5760,1162444880,0,0,0,1920,1080,False,2022-01-18T14:13:27.3415424+01:00
False,16,1920,1080,U8,3,1920,1080,5760,1168740432,0,0,0,1920,1080,False,2022-01-18T14:13:27.3751296+01:00
False,16,1920,1080,U8,3,1920,1080,5760,806178896,0,0,0,1920,1080,False,2022-01-18T14:13:27.4063616+01:00
False,16,1920,1080,U8,3,1920,1080,5760,812482640,0,0,0,1920,1080,False,2022-01-18T14:13:27.4406400+01:00
False,16,1920,1080,U8,3,1920,1080,5760,818749520,0,0,0,1920,1080,False,2022-01-18T14:13:27.4747648+01:00
False,16,1920,1080,U8,3,1920,1080,5760,825061456,0,0,0,1920,1080,False,2022-01-18T14:13:27.5078912+01:00
False,16,1920,1080,U8,3,1920,1080,5760,806203472,0,0,0,1920,1080,False,2022-01-18T14:13:27.5403648+01:00
False,16,1920,1080,U8,3,1920,1080,5760,812494928,0,0,0,1920,1080,False,2022-01-18T14:13:27.5737984+01:00
False,16,1920,1080,U8,3,1920,1080,5760,831332432,0,0,0,1920,1080,False,2022-01-18T14:13:27.6081664+01:00
False,16,1920,1080,U8,3,1920,1080,5760,844447824,0,0,0,1920,1080,False,2022-01-18T14:13:27.6420608+01:00
False,16,1920,1080,U8,3,1920,1080,5760,806191184,0,0,0,1920,1080,False,2022-01-18T14:13:27.6734976+01:00
False,16,1920,1080,U8,3,1920,1080,5760,812511312,0,0,0,1920,1080,False,2022-01-18T14:13:27.7074432+01:00
False,16,1920,1080,U8,3,1920,1080,5760,850759760,0,0,0,1920,1080,False,2022-01-18T14:13:27.7417856+01:00
False,16,1920,1080,U8,3,1920,1080,5760,988037200,0,0,0,1920,1080,False,2022-01-18T14:13:27.7742336+01:00
False,16,1920,1080,U8,3,1920,1080,5760,994320464,0,0,0,1920,1080,False,2022-01-18T14:13:27.8073216+01:00
False,16,1920,1080,U8,3,1920,1080,5760,1000628304,0,0,0,1920,1080,False,2022-01-18T14:13:27.8418944+01:00
False,16,1920,1080,U8,3,1920,1080,5760,1149915216,0,0,0,1920,1080,False,2022-01-18T14:13:27.8745216+01:00
False,16,1920,1080,U8,3,1920,1080,5760,1156202576,0,0,0,1920,1080,False,2022-01-18T14:13:27.9076096+01:00
False,16,1920,1080,U8,3,1920,1080,5760,1162514512,0,0,0,1920,1080,False,2022-01-18T14:13:27.9405312+01:00
False,16,1920,1080,U8,3,1920,1080,5760,1168793680,0,0,0,1920,1080,False,2022-01-18T14:13:27.9745536+01:00
False,16,1920,1080,U8,3,1920,1080,5760,806199376,0,0,0,1920,1080,False,2022-01-18T14:13:28.0072960+01:00
False,16,1920,1080,U8,3,1920,1080,5760,812507216,0,0,0,1920,1080,False,2022-01-18T14:13:28.0404992+01:00
False,16,1920,1080,U8,3,1920,1080,5760,818753616,0,0,0,1920,1080,False,2022-01-18T14:13:28.0747648+01:00
False,16,1920,1080,U8,3,1920,1080,5760,825045072,0,0,0,1920,1080,False,2022-01-18T14:13:28.1078784+01:00
False,16,1920,1080,U8,3,1920,1080,5760,806178896,0,0,0,1920,1080,False,2022-01-18T14:13:28.1405184+01:00
False,16,1920,1080,U8,3,1920,1080,5760,812478544,0,0,0,1920,1080,False,2022-01-18T14:13:28.1748352+01:00
False,16,1920,1080,U8,3,1920,1080,5760,831324240,0,0,0,1920,1080,False,2022-01-18T14:13:28.2081920+01:00
False,16,1920,1080,U8,3,1920,1080,5760,844443728,0,0,0,1920,1080,False,2022-01-18T14:13:28.2422784+01:00
False,16,1920,1080,U8,3,1920,1080,5760,806162512,0,0,0,1920,1080,False,2022-01-18T14:13:28.2743296+01:00
False,16,1920,1080,U8,3,1920,1080,5760,812507216,0,0,0,1920,1080,False,2022-01-18T14:13:28.3069312+01:00
False,16,1920,1080,U8,3,1920,1080,5760,850743376,0,0,0,1920,1080,False,2022-01-18T14:13:28.3409280+01:00
False,16,1920,1080,U8,3,1920,1080,5760,988078160,0,0,0,1920,1080,False,2022-01-18T14:13:28.3735552+01:00
False,16,1920,1080,U8,3,1920,1080,5760,994336848,0,0,0,1920,1080,False,2022-01-18T14:13:28.4078208+01:00
False,16,1920,1080,U8,3,1920,1080,5760,1000652880,0,0,0,1920,1080,False,2022-01-18T14:13:28.4414080+01:00
False,16,1920,1080,U8,3,1920,1080,5760,1149923408,0,0,0,1920,1080,False,2022-01-18T14:13:28.4739584+01:00
False,16,1920,1080,U8,3,1920,1080,5760,1156214864,0,0,0,1920,1080,False,2022-01-18T14:13:28.5068672+01:00
False,16,1920,1080,U8,3,1920,1080,5760,1162534992,0,0,0,1920,1080,False,2022-01-18T14:13:28.5419904+01:00
False,16,1920,1080,U8,3,1920,1080,5760,1168805968,0,0,0,1920,1080,False,2022-01-18T14:13:28.5750400+01:00
False,16,1920,1080,U8,3,1920,1080,5760,806178896,0,0,0,1920,1080,False,2022-01-18T14:13:28.6076672+01:00
False,16,1920,1080,U8,3,1920,1080,5760,812490832,0,0,0,1920,1080,False,2022-01-18T14:13:28.6408576+01:00
False,16,1920,1080,U8,3,1920,1080,5760,818761808,0,0,0,1920,1080,False,2022-01-18T14:13:28.6743680+01:00
False,16,1920,1080,U8,3,1920,1080,5760,825045072,0,0,0,1920,1080,False,2022-01-18T14:13:28.7083776+01:00
False,16,1920,1080,U8,3,1920,1080,5760,806158416,0,0,0,1920,1080,False,2022-01-18T14:13:28.7409920+01:00
False,16,1920,1080,U8,3,1920,1080,5760,812384336,0,0,0,1920,1080,False,2022-01-18T14:13:28.7744640+01:00
False,16,1920,1080,U8,3,1920,1080,5760,831324240,0,0,0,1920,1080,False,2022-01-18T14:13:28.8082432+01:00
False,16,1920,1080,U8,3,1920,1080,5760,844488784,0,0,0,1920,1080,False,2022-01-18T14:13:28.8413952+01:00
False,16,1920,1080,U8,3,1920,1080,5760,806166608,0,0,0,1920,1080,False,2022-01-18T14:13:28.8738688+01:00
False,16,1920,1080,U8,3,1920,1080,5760,812499024,0,0,0,1920,1080,False,2022-01-18T14:13:28.9084416+01:00
False,16,1920,1080,U8,3,1920,1080,5760,850776144,0,0,0,1920,1080,False,2022-01-18T14:13:28.9407744+01:00
False,16,1920,1080,U8,3,1920,1080,5760,988045392,0,0,0,1920,1080,False,2022-01-18T14:13:28.9744128+01:00
False,16,1920,1080,U8,3,1920,1080,5760,994336848,0,0,0,1920,1080,False,2022-01-18T14:13:29.0074368+01:00
False,16,1920,1080,U8,3,1920,1080,5760,1000632400,0,0,0,1920,1080,False,2022-01-18T14:13:29.0409600+01:00
False,16,1920,1080,U8,3,1920,1080,5760,1149943888,0,0,0,1920,1080,False,2022-01-18T14:13:29.0736640+01:00
False,16,1920,1080,U8,3,1920,1080,5760,1156227152,0,0,0,1920,1080,False,2022-01-18T14:13:29.1075072+01:00
False,16,1920,1080,U8,3,1920,1080,5760,1162494032,0,0,0,1920,1080,False,2022-01-18T14:13:29.1408256+01:00
False,16,1920,1080,U8,3,1920,1080,5760,1168818256,0,0,0,1920,1080,False,2022-01-18T14:13:29.1754368+01:00
False,16,1920,1080,U8,3,1920,1080,5760,806170704,0,0,0,1920,1080,False,2022-01-18T14:13:29.2082816+01:00
False,16,1920,1080,U8,3,1920,1080,5760,812458064,0,0,0,1920,1080,False,2022-01-18T14:13:29.2414720+01:00
False,16,1920,1080,U8,3,1920,1080,5760,818802768,0,0,0,1920,1080,False,2022-01-18T14:13:29.2748160+01:00
False,16,1920,1080,U8,3,1920,1080,5760,825061456,0,0,0,1920,1080,False,2022-01-18T14:13:29.3084160+01:00
False,16,1920,1080,U8,3,1920,1080,5760,806207568,0,0,0,1920,1080,False,2022-01-18T14:13:29.3405056+01:00
False,16,1920,1080,U8,3,1920,1080,5760,812486736,0,0,0,1920,1080,False,2022-01-18T14:13:29.3747712+01:00
False,16,1920,1080,U8,3,1920,1080,5760,831385680,0,0,0,1920,1080,False,2022-01-18T14:13:29.4079616+01:00
False,16,1920,1080,U8,3,1920,1080,5760,844443728,0,0,0,1920,1080,False,2022-01-18T14:13:29.4410880+01:00
False,16,1920,1080,U8,3,1920,1080,5760,806219856,0,0,0,1920,1080,False,2022-01-18T14:13:29.4732928+01:00
False,16,1920,1080,U8,3,1920,1080,5760,812449872,0,0,0,1920,1080,False,2022-01-18T14:13:29.5075584+01:00
False,16,1920,1080,U8,3,1920,1080,5760,850747472,0,0,0,1920,1080,False,2022-01-18T14:13:29.5408128+01:00
False,16,1920,1080,U8,3,1920,1080,5760,988037200,0,0,0,1920,1080,False,2022-01-18T14:13:29.5734784+01:00
False,16,1920,1080,U8,3,1920,1080,5760,994349136,0,0,0,1920,1080,False,2022-01-18T14:13:29.6072448+01:00
False,16,1920,1080,U8,3,1920,1080,5760,1000632400,0,0,0,1920,1080,False,2022-01-18T14:13:29.6396800+01:00
False,16,1920,1080,U8,3,1920,1080,5760,1149919312,0,0,0,1920,1080,False,2022-01-18T14:13:29.6734976+01:00
False,16,1920,1080,U8,3,1920,1080,5760,1156198480,0,0,0,1920,1080,False,2022-01-18T14:13:29.7063680+01:00
False,16,1920,1080,U8,3,1920,1080,5760,1162534992,0,0,0,1920,1080,False,2022-01-18T14:13:29.7418240+01:00
False,16,1920,1080,U8,3,1920,1080,5760,1168818256,0,0,0,1920,1080,False,2022-01-18T14:13:29.7752448+01:00
False,16,1920,1080,U8,3,1920,1080,5760,806158416,0,0,0,1920,1080,False,2022-01-18T14:13:29.8064000+01:00
False,16,1920,1080,U8,3,1920,1080,5760,812429392,0,0,0,1920,1080,False,2022-01-18T14:13:29.8405760+01:00
False,16,1920,1080,U8,3,1920,1080,5760,818724944,0,0,0,1920,1080,False,2022-01-18T14:13:29.8738048+01:00
False,16,1920,1080,U8,3,1920,1080,5760,824967248,0,0,0,1920,1080,False,2022-01-18T14:13:29.9092992+01:00
False,16,1920,1080,U8,3,1920,1080,5760,806195280,0,0,0,1920,1080,False,2022-01-18T14:13:29.9409664+01:00
False,16,1920,1080,U8,3,1920,1080,5760,831230032,0,0,0,1920,1080,False,2022-01-18T14:13:29.9739648+01:00
False,16,1920,1080,U8,3,1920,1080,5760,844435536,0,0,0,1920,1080,False,2022-01-18T14:13:30.0070016+01:00
False,16,1920,1080,U8,3,1920,1080,5760,850731088,0,0,0,1920,1080,False,2022-01-18T14:13:30.0403200+01:00
False,16,1920,1080,U8,3,1920,1080,5760,806182992,0,0,0,1920,1080,False,2022-01-18T14:13:30.0734976+01:00
False,16,1920,1080,U8,3,1920,1080,5760,831225936,0,0,0,1920,1080,False,2022-01-18T14:13:30.1066496+01:00
False,16,1920,1080,U8,3,1920,1080,5760,988082256,0,0,0,1920,1080,False,2022-01-18T14:13:30.1411840+01:00
False,16,1920,1080,U8,3,1920,1080,5760,994316368,0,0,0,1920,1080,False,2022-01-18T14:13:30.1737600+01:00
False,16,1920,1080,U8,3,1920,1080,5760,1000652880,0,0,0,1920,1080,False,2022-01-18T14:13:30.2067328+01:00
False,16,1920,1080,U8,3,1920,1080,5760,1149952080,0,0,0,1920,1080,False,2022-01-18T14:13:30.2419712+01:00
False,16,1920,1080,U8,3,1920,1080,5760,1156235344,0,0,0,1920,1080,False,2022-01-18T14:13:30.2737536+01:00
False,16,1920,1080,U8,3,1920,1080,5760,1162506320,0,0,0,1920,1080,False,2022-01-18T14:13:30.3084544+01:00
False,16,1920,1080,U8,3,1920,1080,5760,1168826448,0,0,0,1920,1080,False,2022-01-18T14:13:30.3412608+01:00
False,16,1920,1080,U8,3,1920,1080,5760,1175105616,0,0,0,1920,1080,False,2022-01-18T14:13:30.3758720+01:00
False,16,1920,1080,U8,3,1920,1080,5760,806182992,0,0,0,1920,1080,False,2022-01-18T14:13:30.4070528+01:00
False,16,1920,1080,U8,3,1920,1080,5760,812478544,0,0,0,1920,1080,False,2022-01-18T14:13:30.4406784+01:00
False,16,1920,1080,U8,3,1920,1080,5760,818753616,0,0,0,1920,1080,False,2022-01-18T14:13:30.4745856+01:00
False,16,1920,1080,U8,3,1920,1080,5760,825086032,0,0,0,1920,1080,False,2022-01-18T14:13:30.5080448+01:00
False,16,1920,1080,U8,3,1920,1080,5760,806219856,0,0,0,1920,1080,False,2022-01-18T14:13:30.5402752+01:00
False,16,1920,1080,U8,3,1920,1080,5760,812453968,0,0,0,1920,1080,False,2022-01-18T14:13:30.5744640+01:00
False,16,1920,1080,U8,3,1920,1080,5760,831357008,0,0,0,1920,1080,False,2022-01-18T14:13:30.6075648+01:00
False,16,1920,1080,U8,3,1920,1080,5760,844472400,0,0,0,1920,1080,False,2022-01-18T14:13:30.6405632+01:00
False,16,1920,1080,U8,3,1920,1080,5760,806174800,0,0,0,1920,1080,False,2022-01-18T14:13:30.6743168+01:00
False,16,1920,1080,U8,3,1920,1080,5760,812482640,0,0,0,1920,1080,False,2022-01-18T14:13:30.7089536+01:00
False,16,1920,1080,U8,3,1920,1080,5760,850763856,0,0,0,1920,1080,False,2022-01-18T14:13:30.7409536+01:00
False,16,1920,1080,U8,3,1920,1080,5760,988069968,0,0,0,1920,1080,False,2022-01-18T14:13:30.7736576+01:00
False,16,1920,1080,U8,3,1920,1080,5760,994369616,0,0,0,1920,1080,False,2022-01-18T14:13:30.8072320+01:00
False,16,1920,1080,U8,3,1920,1080,5760,1000611920,0,0,0,1920,1080,False,2022-01-18T14:13:30.8415872+01:00
False,16,1920,1080,U8,3,1920,1080,5760,1149919312,0,0,0,1920,1080,False,2022-01-18T14:13:30.8743808+01:00
False,16,1920,1080,U8,3,1920,1080,5760,1156243536,0,0,0,1920,1080,False,2022-01-18T14:13:30.9076352+01:00
False,16,1920,1080,U8,3,1920,1080,5760,1162494032,0,0,0,1920,1080,False,2022-01-18T14:13:30.9414016+01:00
False,16,1920,1080,U8,3,1920,1080,5760,1168826448,0,0,0,1920,1080,False,2022-01-18T14:13:30.9753216+01:00
False,16,1920,1080,U8,3,1920,1080,5760,806182992,0,0,0,1920,1080,False,2022-01-18T14:13:31.0085504+01:00
False,16,1920,1080,U8,3,1920,1080,5760,812494928,0,0,0,1920,1080,False,2022-01-18T14:13:31.0412544+01:00
False,16,1920,1080,U8,3,1920,1080,5760,818765904,0,0,0,1920,1080,False,2022-01-18T14:13:31.0748928+01:00
False,16,1920,1080,U8,3,1920,1080,5760,825049168,0,0,0,1920,1080,False,2022-01-18T14:13:31.1094656+01:00
False,16,1920,1080,U8,3,1920,1080,5760,806195280,0,0,0,1920,1080,False,2022-01-18T14:13:31.1417088+01:00
False,16,1920,1080,U8,3,1920,1080,5760,812511312,0,0,0,1920,1080,False,2022-01-18T14:13:31.1748992+01:00
False,16,1920,1080,U8,3,1920,1080,5760,831373392,0,0,0,1920,1080,False,2022-01-18T14:13:31.2083328+01:00
False,16,1920,1080,U8,3,1920,1080,5760,844451920,0,0,0,1920,1080,False,2022-01-18T14:13:31.2420096+01:00
False,16,1920,1080,U8,3,1920,1080,5760,806174800,0,0,0,1920,1080,False,2022-01-18T14:13:31.2746496+01:00
False,16,1920,1080,U8,3,1920,1080,5760,812503120,0,0,0,1920,1080,False,2022-01-18T14:13:31.3080704+01:00
False,16,1920,1080,U8,3,1920,1080,5760,850726992,0,0,0,1920,1080,False,2022-01-18T14:13:31.3416448+01:00
False,16,1920,1080,U8,3,1920,1080,5760,988053584,0,0,0,1920,1080,False,2022-01-18T14:13:31.3751808+01:00
False,16,1920,1080,U8,3,1920,1080,5760,994312272,0,0,0,1920,1080,False,2022-01-18T14:13:31.4084096+01:00
False,16,1920,1080,U8,3,1920,1080,5760,1000575056,0,0,0,1920,1080,False,2022-01-18T14:13:31.4422912+01:00
False,16,1920,1080,U8,3,1920,1080,5760,1149902928,0,0,0,1920,1080,False,2022-01-18T14:13:31.4752512+01:00
False,16,1920,1080,U8,3,1920,1080,5760,1156231248,0,0,0,1920,1080,False,2022-01-18T14:13:31.5084672+01:00
False,16,1920,1080,U8,3,1920,1080,5760,1162506320,0,0,0,1920,1080,False,2022-01-18T14:13:31.5420032+01:00
False,16,1920,1080,U8,3,1920,1080,5760,1168793680,0,0,0,1920,1080,False,2022-01-18T14:13:31.5756928+01:00
False,16,1920,1080,U8,3,1920,1080,5760,806174800,0,0,0,1920,1080,False,2022-01-18T14:13:31.6078592+01:00
False,16,1920,1080,U8,3,1920,1080,5760,812486736,0,0,0,1920,1080,False,2022-01-18T14:13:31.6409088+01:00
False,16,1920,1080,U8,3,1920,1080,5760,818749520,0,0,0,1920,1080,False,2022-01-18T14:13:31.6749824+01:00
False,16,1920,1080,U8,3,1920,1080,5760,825061456,0,0,0,1920,1080,False,2022-01-18T14:13:31.7083904+01:00
False,16,1920,1080,U8,3,1920,1080,5760,806170704,0,0,0,1920,1080,False,2022-01-18T14:13:31.7409280+01:00
False,16,1920,1080,U8,3,1920,1080,5760,812478544,0,0,0,1920,1080,False,2022-01-18T14:13:31.7748096+01:00
False,16,1920,1080,U8,3,1920,1080,5760,831336528,0,0,0,1920,1080,False,2022-01-18T14:13:31.8083840+01:00
False,16,1920,1080,U8,3,1920,1080,5760,844464208,0,0,0,1920,1080,False,2022-01-18T14:13:31.8421120+01:00
False,16,1920,1080,U8,3,1920,1080,5760,806174800,0,0,0,1920,1080,False,2022-01-18T14:13:31.8749184+01:00
False,16,1920,1080,U8,3,1920,1080,5760,812503120,0,0,0,1920,1080,False,2022-01-18T14:13:31.9081856+01:00
False,16,1920,1080,U8,3,1920,1080,5760,850755664,0,0,0,1920,1080,False,2022-01-18T14:13:31.9414912+01:00
False,16,1920,1080,U8,3,1920,1080,5760,988041296,0,0,0,1920,1080,False,2022-01-18T14:13:31.9748736+01:00
False,16,1920,1080,U8,3,1920,1080,5760,994345040,0,0,0,1920,1080,False,2022-01-18T14:13:32.0079744+01:00
False,16,1920,1080,U8,3,1920,1080,5760,1000644688,0,0,0,1920,1080,False,2022-01-18T14:13:32.0419840+01:00
False,16,1920,1080,U8,3,1920,1080,5760,1149907024,0,0,0,1920,1080,False,2022-01-18T14:13:32.0739968+01:00
False,16,1920,1080,U8,3,1920,1080,5760,1156194384,0,0,0,1920,1080,False,2022-01-18T14:13:32.1080576+01:00
False,16,1920,1080,U8,3,1920,1080,5760,1162489936,0,0,0,1920,1080,False,2022-01-18T14:13:32.1421824+01:00
False,16,1920,1080,U8,3,1920,1080,5760,1168818256,0,0,0,1920,1080,False,2022-01-18T14:13:32.1745792+01:00
False,16,1920,1080,U8,3,1920,1080,5760,806166608,0,0,0,1920,1080,False,2022-01-18T14:13:32.2084096+01:00
False,16,1920,1080,U8,3,1920,1080,5760,812478544,0,0,0,1920,1080,False,2022-01-18T14:13:32.2423424+01:00
False,16,1920,1080,U8,3,1920,1080,5760,818786384,0,0,0,1920,1080,False,2022-01-18T14:13:32.2756992+01:00
False,16,1920,1080,U8,3,1920,1080,5760,825081936,0,0,0,1920,1080,False,2022-01-18T14:13:32.3086976+01:00
False,16,1920,1080,U8,3,1920,1080,5760,806174800,0,0,0,1920,1080,False,2022-01-18T14:13:32.3410560+01:00
False,16,1920,1080,U8,3,1920,1080,5760,812453968,0,0,0,1920,1080,False,2022-01-18T14:13:32.3752832+01:00
False,16,1920,1080,U8,3,1920,1080,5760,831385680,0,0,0,1920,1080,False,2022-01-18T14:13:32.4089472+01:00
False,16,1920,1080,U8,3,1920,1080,5760,844443728,0,0,0,1920,1080,False,2022-01-18T14:13:32.4416640+01:00
False,16,1920,1080,U8,3,1920,1080,5760,806174800,0,0,0,1920,1080,False,2022-01-18T14:13:32.4753280+01:00
False,16,1920,1080,U8,3,1920,1080,5760,812486736,0,0,0,1920,1080,False,2022-01-18T14:13:32.5084160+01:00
False,16,1920,1080,U8,3,1920,1080,5760,850767952,0,0,0,1920,1080,False,2022-01-18T14:13:32.5422592+01:00
False,16,1920,1080,U8,3,1920,1080,5760,988069968,0,0,0,1920,1080,False,2022-01-18T14:13:32.5750784+01:00
False,16,1920,1080,U8,3,1920,1080,5760,994353232,0,0,0,1920,1080,False,2022-01-18T14:13:32.6079104+01:00
False,16,1920,1080,U8,3,1920,1080,5760,1000652880,0,0,0,1920,1080,False,2022-01-18T14:13:32.6428288+01:00
False,16,1920,1080,U8,3,1920,1080,5760,1149911120,0,0,0,1920,1080,False,2022-01-18T14:13:32.6749952+01:00
False,16,1920,1080,U8,3,1920,1080,5760,1156194384,0,0,0,1920,1080,False,2022-01-18T14:13:32.7084544+01:00
False,16,1920,1080,U8,3,1920,1080,5760,1162530896,0,0,0,1920,1080,False,2022-01-18T14:13:32.7426176+01:00
False,16,1920,1080,U8,3,1920,1080,5760,1168773200,0,0,0,1920,1080,False,2022-01-18T14:13:32.7762304+01:00
False,16,1920,1080,U8,3,1920,1080,5760,806187088,0,0,0,1920,1080,False,2022-01-18T14:13:32.8088576+01:00
False,16,1920,1080,U8,3,1920,1080,5760,812494928,0,0,0,1920,1080,False,2022-01-18T14:13:32.8419712+01:00
False,16,1920,1080,U8,3,1920,1080,5760,818802768,0,0,0,1920,1080,False,2022-01-18T14:13:32.8754304+01:00
False,16,1920,1080,U8,3,1920,1080,5760,825094224,0,0,0,1920,1080,False,2022-01-18T14:13:32.9085952+01:00
False,16,1920,1080,U8,3,1920,1080,5760,806158416,0,0,0,1920,1080,False,2022-01-18T14:13:32.9423232+01:00
False,16,1920,1080,U8,3,1920,1080,5760,812396624,0,0,0,1920,1080,False,2022-01-18T14:13:32.9752320+01:00
False,16,1920,1080,U8,3,1920,1080,5760,831381584,0,0,0,1920,1080,False,2022-01-18T14:13:33.0088064+01:00
False,16,1920,1080,U8,3,1920,1080,5760,844476496,0,0,0,1920,1080,False,2022-01-18T14:13:33.0421632+01:00
False,16,1920,1080,U8,3,1920,1080,5760,806203472,0,0,0,1920,1080,False,2022-01-18T14:13:33.0750464+01:00
False,16,1920,1080,U8,3,1920,1080,5760,812486736,0,0,0,1920,1080,False,2022-01-18T14:13:33.1081984+01:00
False,16,1920,1080,U8,3,1920,1080,5760,850776144,0,0,0,1920,1080,False,2022-01-18T14:13:33.1420288+01:00
False,16,1920,1080,U8,3,1920,1080,5760,988082256,0,0,0,1920,1080,False,2022-01-18T14:13:33.1752704+01:00
False,16,1920,1080,U8,3,1920,1080,5760,994336848,0,0,0,1920,1080,False,2022-01-18T14:13:33.2087680+01:00
False,16,1920,1080,U8,3,1920,1080,5760,1000632400,0,0,0,1920,1080,False,2022-01-18T14:13:33.2428288+01:00
False,16,1920,1080,U8,3,1920,1080,5760,1149943888,0,0,0,1920,1080,False,2022-01-18T14:13:33.2751744+01:00
False,16,1920,1080,U8,3,1920,1080,5760,1156227152,0,0,0,1920,1080,False,2022-01-18T14:13:33.3082880+01:00
False,16,1920,1080,U8,3,1920,1080,5760,1162477648,0,0,0,1920,1080,False,2022-01-18T14:13:33.3427328+01:00
False,16,1920,1080,U8,3,1920,1080,5760,1168765008,0,0,0,1920,1080,False,2022-01-18T14:13:33.3758464+01:00
False,16,1920,1080,U8,3,1920,1080,5760,806178896,0,0,0,1920,1080,False,2022-01-18T14:13:33.4086912+01:00
False,16,1920,1080,U8,3,1920,1080,5760,812466256,0,0,0,1920,1080,False,2022-01-18T14:13:33.4416256+01:00
False,16,1920,1080,U8,3,1920,1080,5760,818749520,0,0,0,1920,1080,False,2022-01-18T14:13:33.4752256+01:00
False,16,1920,1080,U8,3,1920,1080,5760,825069648,0,0,0,1920,1080,False,2022-01-18T14:13:33.5100800+01:00
False,16,1920,1080,U8,3,1920,1080,5760,806178896,0,0,0,1920,1080,False,2022-01-18T14:13:33.5416704+01:00
False,16,1920,1080,U8,3,1920,1080,5760,812474448,0,0,0,1920,1080,False,2022-01-18T14:13:33.5748352+01:00
False,16,1920,1080,U8,3,1920,1080,5760,831381584,0,0,0,1920,1080,False,2022-01-18T14:13:33.6086784+01:00
False,16,1920,1080,U8,3,1920,1080,5760,844472400,0,0,0,1920,1080,False,2022-01-18T14:13:33.6422016+01:00
False,16,1920,1080,U8,3,1920,1080,5760,806162512,0,0,0,1920,1080,False,2022-01-18T14:13:33.6752384+01:00
False,16,1920,1080,U8,3,1920,1080,5760,812507216,0,0,0,1920,1080,False,2022-01-18T14:13:33.7084928+01:00
False,16,1920,1080,U8,3,1920,1080,5760,850780240,0,0,0,1920,1080,False,2022-01-18T14:13:33.7420288+01:00
False,16,1920,1080,U8,3,1920,1080,5760,988061776,0,0,0,1920,1080,False,2022-01-18T14:13:33.7754752+01:00
False,16,1920,1080,U8,3,1920,1080,5760,994316368,0,0,0,1920,1080,False,2022-01-18T14:13:33.8085376+01:00
False,16,1920,1080,U8,3,1920,1080,5760,1000628304,0,0,0,1920,1080,False,2022-01-18T14:13:33.8421376+01:00
False,16,1920,1080,U8,3,1920,1080,5760,1149927504,0,0,0,1920,1080,False,2022-01-18T14:13:33.8753920+01:00
False,16,1920,1080,U8,3,1920,1080,5760,1156227152,0,0,0,1920,1080,False,2022-01-18T14:13:33.9091584+01:00
False,16,1920,1080,U8,3,1920,1080,5760,1162518608,0,0,0,1920,1080,False,2022-01-18T14:13:33.9429504+01:00
False,16,1920,1080,U8,3,1920,1080,5760,1168826448,0,0,0,1920,1080,False,2022-01-18T14:13:33.9760896+01:00
False,16,1920,1080,U8,3,1920,1080,5760,806174800,0,0,0,1920,1080,False,2022-01-18T14:13:34.0089088+01:00
False,16,1920,1080,U8,3,1920,1080,5760,812511312,0,0,0,1920,1080,False,2022-01-18T14:13:34.0423936+01:00
False,16,1920,1080,U8,3,1920,1080,5760,818774096,0,0,0,1920,1080,False,2022-01-18T14:13:34.0758656+01:00
False,16,1920,1080,U8,3,1920,1080,5760,825040976,0,0,0,1920,1080,False,2022-01-18T14:13:34.1110784+01:00
False,16,1920,1080,U8,3,1920,1080,5760,806207568,0,0,0,1920,1080,False,2022-01-18T14:13:34.1422464+01:00
False,16,1920,1080,U8,3,1920,1080,5760,812462160,0,0,0,1920,1080,False,2022-01-18T14:13:34.1752960+01:00
False,16,1920,1080,U8,3,1920,1080,5760,831381584,0,0,0,1920,1080,False,2022-01-18T14:13:34.2088576+01:00
False,16,1920,1080,U8,3,1920,1080,5760,844476496,0,0,0,1920,1080,False,2022-01-18T14:13:34.2424320+01:00
False,16,1920,1080,U8,3,1920,1080,5760,806182992,0,0,0,1920,1080,False,2022-01-18T14:13:34.2751872+01:00
False,16,1920,1080,U8,3,1920,1080,5760,812503120,0,0,0,1920,1080,False,2022-01-18T14:13:34.3087104+01:00
False,16,1920,1080,U8,3,1920,1080,5760,850763856,0,0,0,1920,1080,False,2022-01-18T14:13:34.3423360+01:00
False,16,1920,1080,U8,3,1920,1080,5760,988074064,0,0,0,1920,1080,False,2022-01-18T14:13:34.3756160+01:00
False,16,1920,1080,U8,3,1920,1080,5760,994369616,0,0,0,1920,1080,False,2022-01-18T14:13:34.4086656+01:00
False,16,1920,1080,U8,3,1920,1080,5760,1000636496,0,0,0,1920,1080,False,2022-01-18T14:13:34.4425216+01:00
False,16,1920,1080,U8,3,1920,1080,5760,1149931600,0,0,0,1920,1080,False,2022-01-18T14:13:34.4761984+01:00
False,16,1920,1080,U8,3,1920,1080,5760,1156247632,0,0,0,1920,1080,False,2022-01-18T14:13:34.5086848+01:00
False,16,1920,1080,U8,3,1920,1080,5760,1162522704,0,0,0,1920,1080,False,2022-01-18T14:13:34.5418880+01:00
False,16,1920,1080,U8,3,1920,1080,5760,1168797776,0,0,0,1920,1080,False,2022-01-18T14:13:34.5767168+01:00
False,16,1920,1080,U8,3,1920,1080,5760,806166608,0,0,0,1920,1080,False,2022-01-18T14:13:34.6091904+01:00
False,16,1920,1080,U8,3,1920,1080,5760,812470352,0,0,0,1920,1080,False,2022-01-18T14:13:34.6431232+01:00
False,16,1920,1080,U8,3,1920,1080,5760,818774096,0,0,0,1920,1080,False,2022-01-18T14:13:34.6765184+01:00
False,16,1920,1080,U8,3,1920,1080,5760,825081936,0,0,0,1920,1080,False,2022-01-18T14:13:34.7104512+01:00
False,16,1920,1080,U8,3,1920,1080,5760,806211664,0,0,0,1920,1080,False,2022-01-18T14:13:34.7425664+01:00
False,16,1920,1080,U8,3,1920,1080,5760,812499024,0,0,0,1920,1080,False,2022-01-18T14:13:34.7757184+01:00
False,16,1920,1080,U8,3,1920,1080,5760,831385680,0,0,0,1920,1080,False,2022-01-18T14:13:34.8099840+01:00
False,16,1920,1080,U8,3,1920,1080,5760,844435536,0,0,0,1920,1080,False,2022-01-18T14:13:34.8439808+01:00
False,16,1920,1080,U8,3,1920,1080,5760,806162512,0,0,0,1920,1080,False,2022-01-18T14:13:34.8751232+01:00
False,16,1920,1080,U8,3,1920,1080,5760,812511312,0,0,0,1920,1080,False,2022-01-18T14:13:34.9096064+01:00
False,16,1920,1080,U8,3,1920,1080,5760,850731088,0,0,0,1920,1080,False,2022-01-18T14:13:34.9429376+01:00
False,16,1920,1080,U8,3,1920,1080,5760,988061776,0,0,0,1920,1080,False,2022-01-18T14:13:34.9749504+01:00
False,16,1920,1080,U8,3,1920,1080,5760,994361424,0,0,0,1920,1080,False,2022-01-18T14:13:35.0079872+01:00
False,16,1920,1080,U8,3,1920,1080,5760,1000648784,0,0,0,1920,1080,False,2022-01-18T14:13:35.0425472+01:00
False,16,1920,1080,U8,3,1920,1080,5760,1149919312,0,0,0,1920,1080,False,2022-01-18T14:13:35.0752640+01:00
False,16,1920,1080,U8,3,1920,1080,5760,1156190288,0,0,0,1920,1080,False,2022-01-18T14:13:35.1086848+01:00
False,16,1920,1080,U8,3,1920,1080,5760,1162530896,0,0,0,1920,1080,False,2022-01-18T14:13:35.1421184+01:00
False,16,1920,1080,U8,3,1920,1080,5760,1168801872,0,0,0,1920,1080,False,2022-01-18T14:13:35.1757952+01:00
False,16,1920,1080,U8,3,1920,1080,5760,806170704,0,0,0,1920,1080,False,2022-01-18T14:13:35.2088448+01:00
False,16,1920,1080,U8,3,1920,1080,5760,812511312,0,0,0,1920,1080,False,2022-01-18T14:13:35.2422144+01:00
False,16,1920,1080,U8,3,1920,1080,5760,818761808,0,0,0,1920,1080,False,2022-01-18T14:13:35.2759040+01:00
False,16,1920,1080,U8,3,1920,1080,5760,825065552,0,0,0,1920,1080,False,2022-01-18T14:13:35.3096320+01:00
False,16,1920,1080,U8,3,1920,1080,5760,806215760,0,0,0,1920,1080,False,2022-01-18T14:13:35.3417728+01:00
False,16,1920,1080,U8,3,1920,1080,5760,812494928,0,0,0,1920,1080,False,2022-01-18T14:13:35.3749632+01:00
False,16,1920,1080,U8,3,1920,1080,5760,831324240,0,0,0,1920,1080,False,2022-01-18T14:13:35.4082176+01:00
False,16,1920,1080,U8,3,1920,1080,5760,844488784,0,0,0,1920,1080,False,2022-01-18T14:13:35.4425856+01:00
False,16,1920,1080,U8,3,1920,1080,5760,806199376,0,0,0,1920,1080,False,2022-01-18T14:13:35.4749824+01:00
False,16,1920,1080,U8,3,1920,1080,5760,812466256,0,0,0,1920,1080,False,2022-01-18T14:13:35.5088384+01:00
False,16,1920,1080,U8,3,1920,1080,5760,850763856,0,0,0,1920,1080,False,2022-01-18T14:13:35.5422720+01:00
False,16,1920,1080,U8,3,1920,1080,5760,988061776,0,0,0,1920,1080,False,2022-01-18T14:13:35.5746816+01:00
False,16,1920,1080,U8,3,1920,1080,5760,994332752,0,0,0,1920,1080,False,2022-01-18T14:13:35.6087040+01:00
False,16,1920,1080,U8,3,1920,1080,5760,1000661072,0,0,0,1920,1080,False,2022-01-18T14:13:35.6421504+01:00
False,16,1920,1080,U8,3,1920,1080,5760,1149935696,0,0,0,1920,1080,False,2022-01-18T14:13:35.6754944+01:00
False,16,1920,1080,U8,3,1920,1080,5760,1156190288,0,0,0,1920,1080,False,2022-01-18T14:13:35.7087488+01:00
False,16,1920,1080,U8,3,1920,1080,5760,1162539088,0,0,0,1920,1080,False,2022-01-18T14:13:35.7419264+01:00
False,16,1920,1080,U8,3,1920,1080,5760,1168814160,0,0,0,1920,1080,False,2022-01-18T14:13:35.7753728+01:00
False,16,1920,1080,U8,3,1920,1080,5760,806170704,0,0,0,1920,1080,False,2022-01-18T14:13:35.8074496+01:00
False,16,1920,1080,U8,3,1920,1080,5760,812478544,0,0,0,1920,1080,False,2022-01-18T14:13:35.8418304+01:00
False,16,1920,1080,U8,3,1920,1080,5760,818794576,0,0,0,1920,1080,False,2022-01-18T14:13:35.8750080+01:00
False,16,1920,1080,U8,3,1920,1080,5760,825049168,0,0,0,1920,1080,False,2022-01-18T14:13:35.9082752+01:00
False,16,1920,1080,U8,3,1920,1080,5760,806199376,0,0,0,1920,1080,False,2022-01-18T14:13:35.9405568+01:00
False,16,1920,1080,U8,3,1920,1080,5760,812503120,0,0,0,1920,1080,False,2022-01-18T14:13:35.9750656+01:00
False,16,1920,1080,U8,3,1920,1080,5760,831373392,0,0,0,1920,1080,False,2022-01-18T14:13:36.0080512+01:00
False,16,1920,1080,U8,3,1920,1080,5760,844468304,0,0,0,1920,1080,False,2022-01-18T14:13:36.0414208+01:00
False,16,1920,1080,U8,3,1920,1080,5760,806182992,0,0,0,1920,1080,False,2022-01-18T14:13:36.0744064+01:00
False,16,1920,1080,U8,3,1920,1080,5760,812449872,0,0,0,1920,1080,False,2022-01-18T14:13:36.1087872+01:00
False,16,1920,1080,U8,3,1920,1080,5760,850755664,0,0,0,1920,1080,False,2022-01-18T14:13:36.1424128+01:00
False,16,1920,1080,U8,3,1920,1080,5760,988033104,0,0,0,1920,1080,False,2022-01-18T14:13:36.1745024+01:00
False,16,1920,1080,U8,3,1920,1080,5760,994349136,0,0,0,1920,1080,False,2022-01-18T14:13:36.2077440+01:00
False,16,1920,1080,U8,3,1920,1080,5760,1000620112,0,0,0,1920,1080,False,2022-01-18T14:13:36.2418944+01:00
False,16,1920,1080,U8,3,1920,1080,5760,1149907024,0,0,0,1920,1080,False,2022-01-18T14:13:36.2744704+01:00
False,16,1920,1080,U8,3,1920,1080,5760,1156190288,0,0,0,1920,1080,False,2022-01-18T14:13:36.3077248+01:00
False,16,1920,1080,U8,3,1920,1080,5760,1162506320,0,0,0,1920,1080,False,2022-01-18T14:13:36.3411328+01:00
False,16,1920,1080,U8,3,1920,1080,5760,1168777296,0,0,0,1920,1080,False,2022-01-18T14:13:36.3759744+01:00
False,16,1920,1080,U8,3,1920,1080,5760,806166608,0,0,0,1920,1080,False,2022-01-18T14:13:36.4077952+01:00
False,16,1920,1080,U8,3,1920,1080,5760,812453968,0,0,0,1920,1080,False,2022-01-18T14:13:36.4411648+01:00
False,16,1920,1080,U8,3,1920,1080,5760,818757712,0,0,0,1920,1080,False,2022-01-18T14:13:36.4765312+01:00
False,16,1920,1080,U8,3,1920,1080,5760,825090128,0,0,0,1920,1080,False,2022-01-18T14:13:36.5095552+01:00
False,16,1920,1080,U8,3,1920,1080,5760,806187088,0,0,0,1920,1080,False,2022-01-18T14:13:36.5416192+01:00
False,16,1920,1080,U8,3,1920,1080,5760,812449872,0,0,0,1920,1080,False,2022-01-18T14:13:36.5745664+01:00
False,16,1920,1080,U8,3,1920,1080,5760,831328336,0,0,0,1920,1080,False,2022-01-18T14:13:36.6081920+01:00
False,16,1920,1080,U8,3,1920,1080,5760,844484688,0,0,0,1920,1080,False,2022-01-18T14:13:36.6424576+01:00
False,16,1920,1080,U8,3,1920,1080,5760,806207568,0,0,0,1920,1080,False,2022-01-18T14:13:36.6750848+01:00
False,16,1920,1080,U8,3,1920,1080,5760,812507216,0,0,0,1920,1080,False,2022-01-18T14:13:36.7086592+01:00
False,16,1920,1080,U8,3,1920,1080,5760,850731088,0,0,0,1920,1080,False,2022-01-18T14:13:36.7419904+01:00
False,16,1920,1080,U8,3,1920,1080,5760,988029008,0,0,0,1920,1080,False,2022-01-18T14:13:36.7745664+01:00
False,16,1920,1080,U8,3,1920,1080,5760,994332752,0,0,0,1920,1080,False,2022-01-18T14:13:36.8075392+01:00
False,16,1920,1080,U8,3,1920,1080,5760,1000665168,0,0,0,1920,1080,False,2022-01-18T14:13:36.8411648+01:00
False,16,1920,1080,U8,3,1920,1080,5760,1149894736,0,0,0,1920,1080,False,2022-01-18T14:13:36.8748416+01:00
False,16,1920,1080,U8,3,1920,1080,5760,1156169808,0,0,0,1920,1080,False,2022-01-18T14:13:36.9077632+01:00
False,16,1920,1080,U8,3,1920,1080,5760,1162412112,0,0,0,1920,1080,False,2022-01-18T14:13:36.9421952+01:00
False,16,1920,1080,U8,3,1920,1080,5760,1168662608,0,0,0,1920,1080,False,2022-01-18T14:13:36.9760768+01:00
False,16,1920,1080,U8,3,1920,1080,5760,806191184,0,0,0,1920,1080,False,2022-01-18T14:13:37.0080896+01:00
False,16,1920,1080,U8,3,1920,1080,5760,812507216,0,0,0,1920,1080,False,2022-01-18T14:13:37.0421888+01:00
False,16,1920,1080,U8,3,1920,1080,5760,818794576,0,0,0,1920,1080,False,2022-01-18T14:13:37.0751232+01:00
False,16,1920,1080,U8,3,1920,1080,5760,825090128,0,0,0,1920,1080,False,2022-01-18T14:13:37.1099392+01:00
False,16,1920,1080,U8,3,1920,1080,5760,806158416,0,0,0,1920,1080,False,2022-01-18T14:13:37.1418496+01:00
False,16,1920,1080,U8,3,1920,1080,5760,812437584,0,0,0,1920,1080,False,2022-01-18T14:13:37.1748992+01:00
False,16,1920,1080,U8,3,1920,1080,5760,831385680,0,0,0,1920,1080,False,2022-01-18T14:13:37.2085888+01:00
False,16,1920,1080,U8,3,1920,1080,5760,844435536,0,0,0,1920,1080,False,2022-01-18T14:13:37.2418048+01:00
False,16,1920,1080,U8,3,1920,1080,5760,806162512,0,0,0,1920,1080,False,2022-01-18T14:13:37.2747008+01:00
False,16,1920,1080,U8,3,1920,1080,5760,812470352,0,0,0,1920,1080,False,2022-01-18T14:13:37.3079168+01:00
False,16,1920,1080,U8,3,1920,1080,5760,850747472,0,0,0,1920,1080,False,2022-01-18T14:13:37.3425664+01:00
False,16,1920,1080,U8,3,1920,1080,5760,988024912,0,0,0,1920,1080,False,2022-01-18T14:13:37.3750528+01:00
False,16,1920,1080,U8,3,1920,1080,5760,994365520,0,0,0,1920,1080,False,2022-01-18T14:13:37.4080000+01:00
False,16,1920,1080,U8,3,1920,1080,5760,1000648784,0,0,0,1920,1080,False,2022-01-18T14:13:37.4425600+01:00
False,16,1920,1080,U8,3,1920,1080,5760,1149919312,0,0,0,1920,1080,False,2022-01-18T14:13:37.4749056+01:00
False,16,1920,1080,U8,3,1920,1080,5760,1156223056,0,0,0,1920,1080,False,2022-01-18T14:13:37.5078528+01:00
False,16,1920,1080,U8,3,1920,1080,5760,1162477648,0,0,0,1920,1080,False,2022-01-18T14:13:37.5424256+01:00
False,16,1920,1080,U8,3,1920,1080,5760,1168711760,0,0,0,1920,1080,False,2022-01-18T14:13:37.5759360+01:00
False,16,1920,1080,U8,3,1920,1080,5760,806199376,0,0,0,1920,1080,False,2022-01-18T14:13:37.6082816+01:00
False,16,1920,1080,U8,3,1920,1080,5760,812490832,0,0,0,1920,1080,False,2022-01-18T14:13:37.6420736+01:00
False,16,1920,1080,U8,3,1920,1080,5760,818778192,0,0,0,1920,1080,False,2022-01-18T14:13:37.6756224+01:00
False,16,1920,1080,U8,3,1920,1080,5760,825057360,0,0,0,1920,1080,False,2022-01-18T14:13:37.7088640+01:00
False,16,1920,1080,U8,3,1920,1080,5760,806203472,0,0,0,1920,1080,False,2022-01-18T14:13:37.7418240+01:00
False,16,1920,1080,U8,3,1920,1080,5760,812474448,0,0,0,1920,1080,False,2022-01-18T14:13:37.7747456+01:00
False,16,1920,1080,U8,3,1920,1080,5760,831348816,0,0,0,1920,1080,False,2022-01-18T14:13:37.8082176+01:00
False,16,1920,1080,U8,3,1920,1080,5760,844439632,0,0,0,1920,1080,False,2022-01-18T14:13:37.8433152+01:00
False,16,1920,1080,U8,3,1920,1080,5760,806191184,0,0,0,1920,1080,False,2022-01-18T14:13:37.8751872+01:00
False,16,1920,1080,U8,3,1920,1080,5760,812458064,0,0,0,1920,1080,False,2022-01-18T14:13:37.9082496+01:00
False,16,1920,1080,U8,3,1920,1080,5760,850747472,0,0,0,1920,1080,False,2022-01-18T14:13:37.9415808+01:00
False,16,1920,1080,U8,3,1920,1080,5760,988029008,0,0,0,1920,1080,False,2022-01-18T14:13:37.9748224+01:00
False,16,1920,1080,U8,3,1920,1080,5760,994312272,0,0,0,1920,1080,False,2022-01-18T14:13:38.0078464+01:00
False,16,1920,1080,U8,3,1920,1080,5760,1000575056,0,0,0,1920,1080,False,2022-01-18T14:13:38.0416768+01:00
False,16,1920,1080,U8,3,1920,1080,5760,1149894736,0,0,0,1920,1080,False,2022-01-18T14:13:38.0752640+01:00
False,16,1920,1080,U8,3,1920,1080,5760,1156145232,0,0,0,1920,1080,False,2022-01-18T14:13:38.1089536+01:00
False,16,1920,1080,U8,3,1920,1080,5760,1162469456,0,0,0,1920,1080,False,2022-01-18T14:13:38.1424128+01:00
False,16,1920,1080,U8,3,1920,1080,5760,1168748624,0,0,0,1920,1080,False,2022-01-18T14:13:38.1760384+01:00
False,16,1920,1080,U8,3,1920,1080,5760,806170704,0,0,0,1920,1080,False,2022-01-18T14:13:38.2084736+01:00
False,16,1920,1080,U8,3,1920,1080,5760,812499024,0,0,0,1920,1080,False,2022-01-18T14:13:38.2425472+01:00
False,16,1920,1080,U8,3,1920,1080,5760,818782288,0,0,0,1920,1080,False,2022-01-18T14:13:38.2758528+01:00
False,16,1920,1080,U8,3,1920,1080,5760,825061456,0,0,0,1920,1080,False,2022-01-18T14:13:38.3112448+01:00
False,16,1920,1080,U8,3,1920,1080,5760,806178896,0,0,0,1920,1080,False,2022-01-18T14:13:38.3412864+01:00
False,16,1920,1080,U8,3,1920,1080,5760,812449872,0,0,0,1920,1080,False,2022-01-18T14:13:38.3753728+01:00
False,16,1920,1080,U8,3,1920,1080,5760,831365200,0,0,0,1920,1080,False,2022-01-18T14:13:38.4092672+01:00
False,16,1920,1080,U8,3,1920,1080,5760,844476496,0,0,0,1920,1080,False,2022-01-18T14:13:38.4421760+01:00
False,16,1920,1080,U8,3,1920,1080,5760,806162512,0,0,0,1920,1080,False,2022-01-18T14:13:38.4751360+01:00
False,16,1920,1080,U8,3,1920,1080,5760,812466256,0,0,0,1920,1080,False,2022-01-18T14:13:38.5086848+01:00
False,16,1920,1080,U8,3,1920,1080,5760,850747472,0,0,0,1920,1080,False,2022-01-18T14:13:38.5430656+01:00
False,16,1920,1080,U8,3,1920,1080,5760,988041296,0,0,0,1920,1080,False,2022-01-18T14:13:38.5759616+01:00
False,16,1920,1080,U8,3,1920,1080,5760,994312272,0,0,0,1920,1080,False,2022-01-18T14:13:38.6084480+01:00
False,16,1920,1080,U8,3,1920,1080,5760,1000546384,0,0,0,1920,1080,False,2022-01-18T14:13:38.6432768+01:00
False,16,1920,1080,U8,3,1920,1080,5760,1149902928,0,0,0,1920,1080,False,2022-01-18T14:13:38.6755072+01:00
False,16,1920,1080,U8,3,1920,1080,5760,1156214864,0,0,0,1920,1080,False,2022-01-18T14:13:38.7095296+01:00
False,16,1920,1080,U8,3,1920,1080,5760,1162477648,0,0,0,1920,1080,False,2022-01-18T14:13:38.7420800+01:00
False,16,1920,1080,U8,3,1920,1080,5760,1168760912,0,0,0,1920,1080,False,2022-01-18T14:13:38.7763968+01:00
False,16,1920,1080,U8,3,1920,1080,5760,806215760,0,0,0,1920,1080,False,2022-01-18T14:13:38.8086656+01:00
False,16,1920,1080,U8,3,1920,1080,5760,812494928,0,0,0,1920,1080,False,2022-01-18T14:13:38.8428928+01:00
False,16,1920,1080,U8,3,1920,1080,5760,818761808,0,0,0,1920,1080,False,2022-01-18T14:13:38.8763904+01:00
False,16,1920,1080,U8,3,1920,1080,5760,825065552,0,0,0,1920,1080,False,2022-01-18T14:13:38.9097728+01:00
False,16,1920,1080,U8,3,1920,1080,5760,806203472,0,0,0,1920,1080,False,2022-01-18T14:13:38.9419520+01:00
False,16,1920,1080,U8,3,1920,1080,5760,812490832,0,0,0,1920,1080,False,2022-01-18T14:13:38.9756032+01:00
False,16,1920,1080,U8,3,1920,1080,5760,831361104,0,0,0,1920,1080,False,2022-01-18T14:13:39.0088448+01:00
False,16,1920,1080,U8,3,1920,1080,5760,844447824,0,0,0,1920,1080,False,2022-01-18T14:13:39.0435072+01:00
False,16,1920,1080,U8,3,1920,1080,5760,806195280,0,0,0,1920,1080,False,2022-01-18T14:13:39.0760576+01:00
False,16,1920,1080,U8,3,1920,1080,5760,812462160,0,0,0,1920,1080,False,2022-01-18T14:13:39.1091328+01:00
False,16,1920,1080,U8,3,1920,1080,5760,850735184,0,0,0,1920,1080,False,2022-01-18T14:13:39.1427584+01:00
False,16,1920,1080,U8,3,1920,1080,5760,988024912,0,0,0,1920,1080,False,2022-01-18T14:13:39.1761280+01:00
False,16,1920,1080,U8,3,1920,1080,5760,994336848,0,0,0,1920,1080,False,2022-01-18T14:13:39.2096384+01:00
False,16,1920,1080,U8,3,1920,1080,5760,1000628304,0,0,0,1920,1080,False,2022-01-18T14:13:39.2421632+01:00
False,16,1920,1080,U8,3,1920,1080,5760,1149927504,0,0,0,1920,1080,False,2022-01-18T14:13:39.2758528+01:00
False,16,1920,1080,U8,3,1920,1080,5760,1156190288,0,0,0,1920,1080,False,2022-01-18T14:13:39.3083904+01:00
False,16,1920,1080,U8,3,1920,1080,5760,1162526800,0,0,0,1920,1080,False,2022-01-18T14:13:39.3426432+01:00
False,16,1920,1080,U8,3,1920,1080,5760,1168789584,0,0,0,1920,1080,False,2022-01-18T14:13:39.3771392+01:00
False,16,1920,1080,U8,3,1920,1080,5760,806211664,0,0,0,1920,1080,False,2022-01-18T14:13:39.4093568+01:00
False,16,1920,1080,U8,3,1920,1080,5760,812458064,0,0,0,1920,1080,False,2022-01-18T14:13:39.4417152+01:00
False,16,1920,1080,U8,3,1920,1080,5760,818749520,0,0,0,1920,1080,False,2022-01-18T14:13:39.4764672+01:00
False,16,1920,1080,U8,3,1920,1080,5760,825053264,0,0,0,1920,1080,False,2022-01-18T14:13:39.5098752+01:00
False,16,1920,1080,U8,3,1920,1080,5760,806207568,0,0,0,1920,1080,False,2022-01-18T14:13:39.5415808+01:00
False,16,1920,1080,U8,3,1920,1080,5760,812503120,0,0,0,1920,1080,False,2022-01-18T14:13:39.5762816+01:00
False,16,1920,1080,U8,3,1920,1080,5760,831357008,0,0,0,1920,1080,False,2022-01-18T14:13:39.6096128+01:00
False,16,1920,1080,U8,3,1920,1080,5760,844431440,0,0,0,1920,1080,False,2022-01-18T14:13:39.6440576+01:00
False,16,1920,1080,U8,3,1920,1080,5760,806215760,0,0,0,1920,1080,False,2022-01-18T14:13:39.6762880+01:00
False,16,1920,1080,U8,3,1920,1080,5760,812486736,0,0,0,1920,1080,False,2022-01-18T14:13:39.7093760+01:00
False,16,1920,1080,U8,3,1920,1080,5760,850681936,0,0,0,1920,1080,False,2022-01-18T14:13:39.7434752+01:00
False,16,1920,1080,U8,3,1920,1080,5760,988053584,0,0,0,1920,1080,False,2022-01-18T14:13:39.7754752+01:00
False,16,1920,1080,U8,3,1920,1080,5760,994340944,0,0,0,1920,1080,False,2022-01-18T14:13:39.8084480+01:00
False,16,1920,1080,U8,3,1920,1080,5760,1000611920,0,0,0,1920,1080,False,2022-01-18T14:13:39.8425088+01:00
False,16,1920,1080,U8,3,1920,1080,5760,1149894736,0,0,0,1920,1080,False,2022-01-18T14:13:39.8765824+01:00
False,16,1920,1080,U8,3,1920,1080,5760,1156182096,0,0,0,1920,1080,False,2022-01-18T14:13:39.9092864+01:00
False,16,1920,1080,U8,3,1920,1080,5760,1162428496,0,0,0,1920,1080,False,2022-01-18T14:13:39.9427200+01:00
False,16,1920,1080,U8,3,1920,1080,5760,1168736336,0,0,0,1920,1080,False,2022-01-18T14:13:39.9767296+01:00
False,16,1920,1080,U8,3,1920,1080,5760,806203472,0,0,0,1920,1080,False,2022-01-18T14:13:40.0098816+01:00
False,16,1920,1080,U8,3,1920,1080,5760,812466256,0,0,0,1920,1080,False,2022-01-18T14:13:40.0429056+01:00
False,16,1920,1080,U8,3,1920,1080,5760,818753616,0,0,0,1920,1080,False,2022-01-18T14:13:40.0763008+01:00
False,16,1920,1080,U8,3,1920,1080,5760,825053264,0,0,0,1920,1080,False,2022-01-18T14:13:40.1098368+01:00
False,16,1920,1080,U8,3,1920,1080,5760,806203472,0,0,0,1920,1080,False,2022-01-18T14:13:40.1431808+01:00
False,16,1920,1080,U8,3,1920,1080,5760,812453968,0,0,0,1920,1080,False,2022-01-18T14:13:40.1760512+01:00
False,16,1920,1080,U8,3,1920,1080,5760,831348816,0,0,0,1920,1080,False,2022-01-18T14:13:40.2092416+01:00
False,16,1920,1080,U8,3,1920,1080,5760,844460112,0,0,0,1920,1080,False,2022-01-18T14:13:40.2436992+01:00
False,16,1920,1080,U8,3,1920,1080,5760,806219856,0,0,0,1920,1080,False,2022-01-18T14:13:40.2759808+01:00
False,16,1920,1080,U8,3,1920,1080,5760,812466256,0,0,0,1920,1080,False,2022-01-18T14:13:40.3089408+01:00
False,16,1920,1080,U8,3,1920,1080,5760,850780240,0,0,0,1920,1080,False,2022-01-18T14:13:40.3432576+01:00
False,16,1920,1080,U8,3,1920,1080,5760,988082256,0,0,0,1920,1080,False,2022-01-18T14:13:40.3759488+01:00
False,16,1920,1080,U8,3,1920,1080,5760,994312272,0,0,0,1920,1080,False,2022-01-18T14:13:40.4086912+01:00
False,16,1920,1080,U8,3,1920,1080,5760,1000550480,0,0,0,1920,1080,False,2022-01-18T14:13:40.4421120+01:00
False,16,1920,1080,U8,3,1920,1080,5760,1149943888,0,0,0,1920,1080,False,2022-01-18T14:13:40.4761984+01:00
False,16,1920,1080,U8,3,1920,1080,5760,1156239440,0,0,0,1920,1080,False,2022-01-18T14:13:40.5089920+01:00
False,16,1920,1080,U8,3,1920,1080,5760,1162539088,0,0,0,1920,1080,False,2022-01-18T14:13:40.5430656+01:00
False,16,1920,1080,U8,3,1920,1080,5760,1168810064,0,0,0,1920,1080,False,2022-01-18T14:13:40.5768064+01:00
False,16,1920,1080,U8,3,1920,1080,5760,806203472,0,0,0,1920,1080,False,2022-01-18T14:13:40.6089728+01:00
False,16,1920,1080,U8,3,1920,1080,5760,812494928,0,0,0,1920,1080,False,2022-01-18T14:13:40.6419712+01:00
False,16,1920,1080,U8,3,1920,1080,5760,818794576,0,0,0,1920,1080,False,2022-01-18T14:13:40.6765696+01:00
False,16,1920,1080,U8,3,1920,1080,5760,825049168,0,0,0,1920,1080,False,2022-01-18T14:13:40.7101440+01:00
False,16,1920,1080,U8,3,1920,1080,5760,806178896,0,0,0,1920,1080,False,2022-01-18T14:13:40.7421440+01:00
False,16,1920,1080,U8,3,1920,1080,5760,812507216,0,0,0,1920,1080,False,2022-01-18T14:13:40.7744512+01:00
False,16,1920,1080,U8,3,1920,1080,5760,831348816,0,0,0,1920,1080,False,2022-01-18T14:13:40.8104448+01:00
False,16,1920,1080,U8,3,1920,1080,5760,844451920,0,0,0,1920,1080,False,2022-01-18T14:13:40.8438528+01:00
False,16,1920,1080,U8,3,1920,1080,5760,806162512,0,0,0,1920,1080,False,2022-01-18T14:13:40.8761216+01:00
False,16,1920,1080,U8,3,1920,1080,5760,812507216,0,0,0,1920,1080,False,2022-01-18T14:13:40.9095040+01:00
False,16,1920,1080,U8,3,1920,1080,5760,850739280,0,0,0,1920,1080,False,2022-01-18T14:13:40.9425408+01:00
False,16,1920,1080,U8,3,1920,1080,5760,988082256,0,0,0,1920,1080,False,2022-01-18T14:13:40.9760128+01:00
False,16,1920,1080,U8,3,1920,1080,5760,994349136,0,0,0,1920,1080,False,2022-01-18T14:13:41.0094336+01:00
False,16,1920,1080,U8,3,1920,1080,5760,1000632400,0,0,0,1920,1080,False,2022-01-18T14:13:41.0436224+01:00
False,16,1920,1080,U8,3,1920,1080,5760,1149956176,0,0,0,1920,1080,False,2022-01-18T14:13:41.0761088+01:00
False,16,1920,1080,U8,3,1920,1080,5760,1156231248,0,0,0,1920,1080,False,2022-01-18T14:13:41.1095680+01:00
False,16,1920,1080,U8,3,1920,1080,5760,1162514512,0,0,0,1920,1080,False,2022-01-18T14:13:41.1435008+01:00
False,16,1920,1080,U8,3,1920,1080,5760,1168801872,0,0,0,1920,1080,False,2022-01-18T14:13:41.1771136+01:00
False,16,1920,1080,U8,3,1920,1080,5760,806182992,0,0,0,1920,1080,False,2022-01-18T14:13:41.2090112+01:00
False,16,1920,1080,U8,3,1920,1080,5760,812486736,0,0,0,1920,1080,False,2022-01-18T14:13:41.2430208+01:00
False,16,1920,1080,U8,3,1920,1080,5760,818741328,0,0,0,1920,1080,False,2022-01-18T14:13:41.2765312+01:00
False,16,1920,1080,U8,3,1920,1080,5760,824995920,0,0,0,1920,1080,False,2022-01-18T14:13:41.3097728+01:00
False,16,1920,1080,U8,3,1920,1080,5760,806182992,0,0,0,1920,1080,False,2022-01-18T14:13:41.3421568+01:00
False,16,1920,1080,U8,3,1920,1080,5760,812474448,0,0,0,1920,1080,False,2022-01-18T14:13:41.3762432+01:00
False,16,1920,1080,U8,3,1920,1080,5760,831258704,0,0,0,1920,1080,False,2022-01-18T14:13:41.4096512+01:00
False,16,1920,1080,U8,3,1920,1080,5760,844456016,0,0,0,1920,1080,False,2022-01-18T14:13:41.4428288+01:00
False,16,1920,1080,U8,3,1920,1080,5760,806187088,0,0,0,1920,1080,False,2022-01-18T14:13:41.4745216+01:00
False,16,1920,1080,U8,3,1920,1080,5760,812511312,0,0,0,1920,1080,False,2022-01-18T14:13:41.5090432+01:00
False,16,1920,1080,U8,3,1920,1080,5760,850726992,0,0,0,1920,1080,False,2022-01-18T14:13:41.5435392+01:00
False,16,1920,1080,U8,3,1920,1080,5760,988082256,0,0,0,1920,1080,False,2022-01-18T14:13:41.5761152+01:00
False,16,1920,1080,U8,3,1920,1080,5760,994357328,0,0,0,1920,1080,False,2022-01-18T14:13:41.6085120+01:00
False,16,1920,1080,U8,3,1920,1080,5760,1000611920,0,0,0,1920,1080,False,2022-01-18T14:13:41.6437376+01:00
False,16,1920,1080,U8,3,1920,1080,5760,1149915216,0,0,0,1920,1080,False,2022-01-18T14:13:41.6761984+01:00
False,16,1920,1080,U8,3,1920,1080,5760,1156223056,0,0,0,1920,1080,False,2022-01-18T14:13:41.7085056+01:00
False,16,1920,1080,U8,3,1920,1080,5760,1162481744,0,0,0,1920,1080,False,2022-01-18T14:13:41.7432704+01:00
False,16,1920,1080,U8,3,1920,1080,5760,1168830544,0,0,0,1920,1080,False,2022-01-18T14:13:41.7768960+01:00
False,16,1920,1080,U8,3,1920,1080,5760,806170704,0,0,0,1920,1080,False,2022-01-18T14:13:41.8083968+01:00
False,16,1920,1080,U8,3,1920,1080,5760,812507216,0,0,0,1920,1080,False,2022-01-18T14:13:41.8430592+01:00
False,16,1920,1080,U8,3,1920,1080,5760,818798672,0,0,0,1920,1080,False,2022-01-18T14:13:41.8766208+01:00
False,16,1920,1080,U8,3,1920,1080,5760,825073744,0,0,0,1920,1080,False,2022-01-18T14:13:41.9100544+01:00
False,16,1920,1080,U8,3,1920,1080,5760,806166608,0,0,0,1920,1080,False,2022-01-18T14:13:41.9414656+01:00
False,16,1920,1080,U8,3,1920,1080,5760,812507216,0,0,0,1920,1080,False,2022-01-18T14:13:41.9755904+01:00
False,16,1920,1080,U8,3,1920,1080,5760,831352912,0,0,0,1920,1080,False,2022-01-18T14:13:42.0096128+01:00
False,16,1920,1080,U8,3,1920,1080,5760,844480592,0,0,0,1920,1080,False,2022-01-18T14:13:42.0440320+01:00
False,16,1920,1080,U8,3,1920,1080,5760,806207568,0,0,0,1920,1080,False,2022-01-18T14:13:42.0759808+01:00
False,16,1920,1080,U8,3,1920,1080,5760,812478544,0,0,0,1920,1080,False,2022-01-18T14:13:42.1090688+01:00
False,16,1920,1080,U8,3,1920,1080,5760,850739280,0,0,0,1920,1080,False,2022-01-18T14:13:42.1436928+01:00
False,16,1920,1080,U8,3,1920,1080,5760,988033104,0,0,0,1920,1080,False,2022-01-18T14:13:42.1761408+01:00
False,16,1920,1080,U8,3,1920,1080,5760,994345040,0,0,0,1920,1080,False,2022-01-18T14:13:42.2084992+01:00
False,16,1920,1080,U8,3,1920,1080,5760,1000656976,0,0,0,1920,1080,False,2022-01-18T14:13:42.2447104+01:00
False,16,1920,1080,U8,3,1920,1080,5760,1149923408,0,0,0,1920,1080,False,2022-01-18T14:13:42.2756608+01:00
False,16,1920,1080,U8,3,1920,1080,5760,1156239440,0,0,0,1920,1080,False,2022-01-18T14:13:42.3086080+01:00
False,16,1920,1080,U8,3,1920,1080,5760,1162514512,0,0,0,1920,1080,False,2022-01-18T14:13:42.3436416+01:00
False,16,1920,1080,U8,3,1920,1080,5760,1168830544,0,0,0,1920,1080,False,2022-01-18T14:13:42.3772416+01:00
False,16,1920,1080,U8,3,1920,1080,5760,806162512,0,0,0,1920,1080,False,2022-01-18T14:13:42.4090496+01:00
False,16,1920,1080,U8,3,1920,1080,5760,812466256,0,0,0,1920,1080,False,2022-01-18T14:13:42.4414336+01:00
False,16,1920,1080,U8,3,1920,1080,5760,818774096,0,0,0,1920,1080,False,2022-01-18T14:13:42.4763008+01:00
False,16,1920,1080,U8,3,1920,1080,5760,825077840,0,0,0,1920,1080,False,2022-01-18T14:13:42.5116416+01:00
False,16,1920,1080,U8,3,1920,1080,5760,806178896,0,0,0,1920,1080,False,2022-01-18T14:13:42.5428096+01:00
False,16,1920,1080,U8,3,1920,1080,5760,812449872,0,0,0,1920,1080,False,2022-01-18T14:13:42.5756800+01:00
False,16,1920,1080,U8,3,1920,1080,5760,831332432,0,0,0,1920,1080,False,2022-01-18T14:13:42.6092032+01:00
False,16,1920,1080,U8,3,1920,1080,5760,844451920,0,0,0,1920,1080,False,2022-01-18T14:13:42.6441856+01:00
False,16,1920,1080,U8,3,1920,1080,5760,806174800,0,0,0,1920,1080,False,2022-01-18T14:13:42.6758144+01:00
False,16,1920,1080,U8,3,1920,1080,5760,812499024,0,0,0,1920,1080,False,2022-01-18T14:13:42.7091712+01:00
False,16,1920,1080,U8,3,1920,1080,5760,850726992,0,0,0,1920,1080,False,2022-01-18T14:13:42.7438080+01:00
False,16,1920,1080,U8,3,1920,1080,5760,988078160,0,0,0,1920,1080,False,2022-01-18T14:13:42.7757952+01:00
False,16,1920,1080,U8,3,1920,1080,5760,994324560,0,0,0,1920,1080,False,2022-01-18T14:13:42.8085632+01:00
False,16,1920,1080,U8,3,1920,1080,5760,1000636496,0,0,0,1920,1080,False,2022-01-18T14:13:42.8434560+01:00
False,16,1920,1080,U8,3,1920,1080,5760,1149919312,0,0,0,1920,1080,False,2022-01-18T14:13:42.8758784+01:00
False,16,1920,1080,U8,3,1920,1080,5760,1156239440,0,0,0,1920,1080,False,2022-01-18T14:13:42.9087744+01:00
False,16,1920,1080,U8,3,1920,1080,5760,1162526800,0,0,0,1920,1080,False,2022-01-18T14:13:42.9424896+01:00
False,16,1920,1080,U8,3,1920,1080,5760,1168830544,0,0,0,1920,1080,False,2022-01-18T14:13:42.9757440+01:00
False,16,1920,1080,U8,3,1920,1080,5760,806203472,0,0,0,1920,1080,False,2022-01-18T14:13:43.0089984+01:00
False,16,1920,1080,U8,3,1920,1080,5760,812503120,0,0,0,1920,1080,False,2022-01-18T14:13:43.0421760+01:00
False,16,1920,1080,U8,3,1920,1080,5760,818753616,0,0,0,1920,1080,False,2022-01-18T14:13:43.0766208+01:00
False,16,1920,1080,U8,3,1920,1080,5760,825036880,0,0,0,1920,1080,False,2022-01-18T14:13:43.1116416+01:00
False,16,1920,1080,U8,3,1920,1080,5760,806166608,0,0,0,1920,1080,False,2022-01-18T14:13:43.1425152+01:00
False,16,1920,1080,U8,3,1920,1080,5760,812494928,0,0,0,1920,1080,False,2022-01-18T14:13:43.1750400+01:00
False,16,1920,1080,U8,3,1920,1080,5760,831365200,0,0,0,1920,1080,False,2022-01-18T14:13:43.2093824+01:00
False,16,1920,1080,U8,3,1920,1080,5760,844431440,0,0,0,1920,1080,False,2022-01-18T14:13:43.2427392+01:00
False,16,1920,1080,U8,3,1920,1080,5760,806178896,0,0,0,1920,1080,False,2022-01-18T14:13:43.2758400+01:00
False,16,1920,1080,U8,3,1920,1080,5760,812453968,0,0,0,1920,1080,False,2022-01-18T14:13:43.3092224+01:00
False,16,1920,1080,U8,3,1920,1080,5760,850657360,0,0,0,1920,1080,False,2022-01-18T14:13:43.3427200+01:00
False,16,1920,1080,U8,3,1920,1080,5760,988024912,0,0,0,1920,1080,False,2022-01-18T14:13:43.3762560+01:00
False,16,1920,1080,U8,3,1920,1080,5760,994340944,0,0,0,1920,1080,False,2022-01-18T14:13:43.4092800+01:00
False,16,1920,1080,U8,3,1920,1080,5760,1000665168,0,0,0,1920,1080,False,2022-01-18T14:13:43.4427136+01:00
False,16,1920,1080,U8,3,1920,1080,5760,1149947984,0,0,0,1920,1080,False,2022-01-18T14:13:43.4761216+01:00
False,16,1920,1080,U8,3,1920,1080,5760,1156218960,0,0,0,1920,1080,False,2022-01-18T14:13:43.5104384+01:00
False,16,1920,1080,U8,3,1920,1080,5760,1162498128,0,0,0,1920,1080,False,2022-01-18T14:13:43.5425792+01:00
False,16,1920,1080,U8,3,1920,1080,5760,1168777296,0,0,0,1920,1080,False,2022-01-18T14:13:43.5766656+01:00
False,16,1920,1080,U8,3,1920,1080,5760,806178896,0,0,0,1920,1080,False,2022-01-18T14:13:43.6097152+01:00
False,16,1920,1080,U8,3,1920,1080,5760,812511312,0,0,0,1920,1080,False,2022-01-18T14:13:43.6426112+01:00
False,16,1920,1080,U8,3,1920,1080,5760,818778192,0,0,0,1920,1080,False,2022-01-18T14:13:43.6758912+01:00
False,16,1920,1080,U8,3,1920,1080,5760,825065552,0,0,0,1920,1080,False,2022-01-18T14:13:43.7091840+01:00
False,16,1920,1080,U8,3,1920,1080,5760,806187088,0,0,0,1920,1080,False,2022-01-18T14:13:43.7421312+01:00
False,16,1920,1080,U8,3,1920,1080,5760,812474448,0,0,0,1920,1080,False,2022-01-18T14:13:43.7762048+01:00
False,16,1920,1080,U8,3,1920,1080,5760,831357008,0,0,0,1920,1080,False,2022-01-18T14:13:43.8097536+01:00
False,16,1920,1080,U8,3,1920,1080,5760,844431440,0,0,0,1920,1080,False,2022-01-18T14:13:43.8449408+01:00
False,16,1920,1080,U8,3,1920,1080,5760,806215760,0,0,0,1920,1080,False,2022-01-18T14:13:43.8764800+01:00
False,16,1920,1080,U8,3,1920,1080,5760,812474448,0,0,0,1920,1080,False,2022-01-18T14:13:43.9099008+01:00
False,16,1920,1080,U8,3,1920,1080,5760,850665552,0,0,0,1920,1080,False,2022-01-18T14:13:43.9427200+01:00
False,16,1920,1080,U8,3,1920,1080,5760,988074064,0,0,0,1920,1080,False,2022-01-18T14:13:43.9762944+01:00
False,16,1920,1080,U8,3,1920,1080,5760,994336848,0,0,0,1920,1080,False,2022-01-18T14:13:44.0093184+01:00
False,16,1920,1080,U8,3,1920,1080,5760,1000661072,0,0,0,1920,1080,False,2022-01-18T14:13:44.0426880+01:00
False,16,1920,1080,U8,3,1920,1080,5760,1149943888,0,0,0,1920,1080,False,2022-01-18T14:13:44.0753536+01:00
False,16,1920,1080,U8,3,1920,1080,5760,1156239440,0,0,0,1920,1080,False,2022-01-18T14:13:44.1095936+01:00
False,16,1920,1080,U8,3,1920,1080,5760,1162494032,0,0,0,1920,1080,False,2022-01-18T14:13:44.1428352+01:00
False,16,1920,1080,U8,3,1920,1080,5760,1168797776,0,0,0,1920,1080,False,2022-01-18T14:13:44.1764992+01:00
False,16,1920,1080,U8,3,1920,1080,5760,806187088,0,0,0,1920,1080,False,2022-01-18T14:13:44.2088960+01:00
False,16,1920,1080,U8,3,1920,1080,5760,812458064,0,0,0,1920,1080,False,2022-01-18T14:13:44.2426112+01:00
False,16,1920,1080,U8,3,1920,1080,5760,818770000,0,0,0,1920,1080,False,2022-01-18T14:13:44.2760832+01:00
False,16,1920,1080,U8,3,1920,1080,5760,825049168,0,0,0,1920,1080,False,2022-01-18T14:13:44.3096320+01:00
False,16,1920,1080,U8,3,1920,1080,5760,806195280,0,0,0,1920,1080,False,2022-01-18T14:13:44.3424384+01:00
False,16,1920,1080,U8,3,1920,1080,5760,812503120,0,0,0,1920,1080,False,2022-01-18T14:13:44.3758080+01:00
False,16,1920,1080,U8,3,1920,1080,5760,831369296,0,0,0,1920,1080,False,2022-01-18T14:13:44.4100480+01:00
False,16,1920,1080,U8,3,1920,1080,5760,844468304,0,0,0,1920,1080,False,2022-01-18T14:13:44.4444160+01:00
False,16,1920,1080,U8,3,1920,1080,5760,806166608,0,0,0,1920,1080,False,2022-01-18T14:13:44.4764672+01:00
False,16,1920,1080,U8,3,1920,1080,5760,812453968,0,0,0,1920,1080,False,2022-01-18T14:13:44.5095808+01:00
False,16,1920,1080,U8,3,1920,1080,5760,850759760,0,0,0,1920,1080,False,2022-01-18T14:13:44.5429120+01:00
False,16,1920,1080,U8,3,1920,1080,5760,988045392,0,0,0,1920,1080,False,2022-01-18T14:13:44.5765888+01:00
False,16,1920,1080,U8,3,1920,1080,5760,994365520,0,0,0,1920,1080,False,2022-01-18T14:13:44.6096128+01:00
False,16,1920,1080,U8,3,1920,1080,5760,1000644688,0,0,0,1920,1080,False,2022-01-18T14:13:44.6429952+01:00
False,16,1920,1080,U8,3,1920,1080,5760,1149919312,0,0,0,1920,1080,False,2022-01-18T14:13:44.6757504+01:00
False,16,1920,1080,U8,3,1920,1080,5760,1156214864,0,0,0,1920,1080,False,2022-01-18T14:13:44.7096064+01:00
False,16,1920,1080,U8,3,1920,1080,5760,1162534992,0,0,0,1920,1080,False,2022-01-18T14:13:44.7428480+01:00
False,16,1920,1080,U8,3,1920,1080,5760,1168810064,0,0,0,1920,1080,False,2022-01-18T14:13:44.7783168+01:00
False,16,1920,1080,U8,3,1920,1080,5760,806162512,0,0,0,1920,1080,False,2022-01-18T14:13:44.8087936+01:00
False,16,1920,1080,U8,3,1920,1080,5760,812474448,0,0,0,1920,1080,False,2022-01-18T14:13:44.8425984+01:00
False,16,1920,1080,U8,3,1920,1080,5760,818790480,0,0,0,1920,1080,False,2022-01-18T14:13:44.8763264+01:00
False,16,1920,1080,U8,3,1920,1080,5760,825049168,0,0,0,1920,1080,False,2022-01-18T14:13:44.9099520+01:00
False,16,1920,1080,U8,3,1920,1080,5760,806174800,0,0,0,1920,1080,False,2022-01-18T14:13:44.9422336+01:00
False,16,1920,1080,U8,3,1920,1080,5760,812490832,0,0,0,1920,1080,False,2022-01-18T14:13:44.9766272+01:00
False,16,1920,1080,U8,3,1920,1080,5760,831340624,0,0,0,1920,1080,False,2022-01-18T14:13:45.0098048+01:00
False,16,1920,1080,U8,3,1920,1080,5760,844439632,0,0,0,1920,1080,False,2022-01-18T14:13:45.0436864+01:00
False,16,1920,1080,U8,3,1920,1080,5760,806203472,0,0,0,1920,1080,False,2022-01-18T14:13:45.0769024+01:00
False,16,1920,1080,U8,3,1920,1080,5760,812462160,0,0,0,1920,1080,False,2022-01-18T14:13:45.1099520+01:00
False,16,1920,1080,U8,3,1920,1080,5760,850772048,0,0,0,1920,1080,False,2022-01-18T14:13:45.1433856+01:00
False,16,1920,1080,U8,3,1920,1080,5760,988020816,0,0,0,1920,1080,False,2022-01-18T14:13:45.1759360+01:00
False,16,1920,1080,U8,3,1920,1080,5760,994295888,0,0,0,1920,1080,False,2022-01-18T14:13:45.2099328+01:00
False,16,1920,1080,U8,3,1920,1080,5760,1000546384,0,0,0,1920,1080,False,2022-01-18T14:13:45.2430720+01:00
False,16,1920,1080,U8,3,1920,1080,5760,1149943888,0,0,0,1920,1080,False,2022-01-18T14:13:45.2758400+01:00
False,16,1920,1080,U8,3,1920,1080,5760,1156194384,0,0,0,1920,1080,False,2022-01-18T14:13:45.3087744+01:00
False,16,1920,1080,U8,3,1920,1080,5760,1162510416,0,0,0,1920,1080,False,2022-01-18T14:13:45.3434880+01:00
False,16,1920,1080,U8,3,1920,1080,5760,1168781392,0,0,0,1920,1080,False,2022-01-18T14:13:45.3770368+01:00
False,16,1920,1080,U8,3,1920,1080,5760,806219856,0,0,0,1920,1080,False,2022-01-18T14:13:45.4091136+01:00
False,16,1920,1080,U8,3,1920,1080,5760,812486736,0,0,0,1920,1080,False,2022-01-18T14:13:45.4427392+01:00
False,16,1920,1080,U8,3,1920,1080,5760,818794576,0,0,0,1920,1080,False,2022-01-18T14:13:45.4761728+01:00
False,16,1920,1080,U8,3,1920,1080,5760,825053264,0,0,0,1920,1080,False,2022-01-18T14:13:45.5097344+01:00
False,16,1920,1080,U8,3,1920,1080,5760,806162512,0,0,0,1920,1080,False,2022-01-18T14:13:45.5418624+01:00
False,16,1920,1080,U8,3,1920,1080,5760,812449872,0,0,0,1920,1080,False,2022-01-18T14:13:45.5759488+01:00
False,16,1920,1080,U8,3,1920,1080,5760,831361104,0,0,0,1920,1080,False,2022-01-18T14:13:45.6092032+01:00
False,16,1920,1080,U8,3,1920,1080,5760,844451920,0,0,0,1920,1080,False,2022-01-18T14:13:45.6426112+01:00
False,16,1920,1080,U8,3,1920,1080,5760,806170704,0,0,0,1920,1080,False,2022-01-18T14:13:45.6771712+01:00
False,16,1920,1080,U8,3,1920,1080,5760,812507216,0,0,0,1920,1080,False,2022-01-18T14:13:45.7092480+01:00
False,16,1920,1080,U8,3,1920,1080,5760,850743376,0,0,0,1920,1080,False,2022-01-18T14:13:45.7425664+01:00
False,16,1920,1080,U8,3,1920,1080,5760,988061776,0,0,0,1920,1080,False,2022-01-18T14:13:45.7761536+01:00
False,16,1920,1080,U8,3,1920,1080,5760,994312272,0,0,0,1920,1080,False,2022-01-18T14:13:45.8089472+01:00
False,16,1920,1080,U8,3,1920,1080,5760,1000538192,0,0,0,1920,1080,False,2022-01-18T14:13:45.8433920+01:00
False,16,1920,1080,U8,3,1920,1080,5760,1149898832,0,0,0,1920,1080,False,2022-01-18T14:13:45.8773888+01:00
False,16,1920,1080,U8,3,1920,1080,5760,1156214864,0,0,0,1920,1080,False,2022-01-18T14:13:45.9092864+01:00
False,16,1920,1080,U8,3,1920,1080,5760,1162481744,0,0,0,1920,1080,False,2022-01-18T14:13:45.9425280+01:00
False,16,1920,1080,U8,3,1920,1080,5760,1168797776,0,0,0,1920,1080,False,2022-01-18T14:13:45.9771520+01:00
False,16,1920,1080,U8,3,1920,1080,5760,806170704,0,0,0,1920,1080,False,2022-01-18T14:13:46.0093696+01:00
False,16,1920,1080,U8,3,1920,1080,5760,812490832,0,0,0,1920,1080,False,2022-01-18T14:13:46.0419584+01:00
False,16,1920,1080,U8,3,1920,1080,5760,818802768,0,0,0,1920,1080,False,2022-01-18T14:13:46.0763392+01:00
False,16,1920,1080,U8,3,1920,1080,5760,825065552,0,0,0,1920,1080,False,2022-01-18T14:13:46.1110400+01:00
False,16,1920,1080,U8,3,1920,1080,5760,806162512,0,0,0,1920,1080,False,2022-01-18T14:13:46.1433216+01:00
False,16,1920,1080,U8,3,1920,1080,5760,812466256,0,0,0,1920,1080,False,2022-01-18T14:13:46.1774464+01:00
False,16,1920,1080,U8,3,1920,1080,5760,831332432,0,0,0,1920,1080,False,2022-01-18T14:13:46.2110208+01:00
False,16,1920,1080,U8,3,1920,1080,5760,844447824,0,0,0,1920,1080,False,2022-01-18T14:13:46.2438912+01:00
False,16,1920,1080,U8,3,1920,1080,5760,806158416,0,0,0,1920,1080,False,2022-01-18T14:13:46.2768640+01:00
False,16,1920,1080,U8,3,1920,1080,5760,812408912,0,0,0,1920,1080,False,2022-01-18T14:13:46.3090048+01:00
False,16,1920,1080,U8,3,1920,1080,5760,850759760,0,0,0,1920,1080,False,2022-01-18T14:13:46.3436672+01:00
False,16,1920,1080,U8,3,1920,1080,5760,988053584,0,0,0,1920,1080,False,2022-01-18T14:13:46.3762944+01:00
False,16,1920,1080,U8,3,1920,1080,5760,994316368,0,0,0,1920,1080,False,2022-01-18T14:13:46.4103808+01:00
False,16,1920,1080,U8,3,1920,1080,5760,1000648784,0,0,0,1920,1080,False,2022-01-18T14:13:46.4427520+01:00
False,16,1920,1080,U8,3,1920,1080,5760,1149952080,0,0,0,1920,1080,False,2022-01-18T14:13:46.4758016+01:00
False,16,1920,1080,U8,3,1920,1080,5760,1156247632,0,0,0,1920,1080,False,2022-01-18T14:13:46.5103232+01:00
False,16,1920,1080,U8,3,1920,1080,5760,1162494032,0,0,0,1920,1080,False,2022-01-18T14:13:46.5434368+01:00
False,16,1920,1080,U8,3,1920,1080,5760,1168777296,0,0,0,1920,1080,False,2022-01-18T14:13:46.5759616+01:00
False,16,1920,1080,U8,3,1920,1080,5760,806199376,0,0,0,1920,1080,False,2022-01-18T14:13:46.6093440+01:00
False,16,1920,1080,U8,3,1920,1080,5760,812474448,0,0,0,1920,1080,False,2022-01-18T14:13:46.6423296+01:00
False,16,1920,1080,U8,3,1920,1080,5760,818745424,0,0,0,1920,1080,False,2022-01-18T14:13:46.6767360+01:00
False,16,1920,1080,U8,3,1920,1080,5760,825032784,0,0,0,1920,1080,False,2022-01-18T14:13:46.7131520+01:00
False,16,1920,1080,U8,3,1920,1080,5760,806170704,0,0,0,1920,1080,False,2022-01-18T14:13:46.7429632+01:00
False,16,1920,1080,U8,3,1920,1080,5760,812511312,0,0,0,1920,1080,False,2022-01-18T14:13:46.7759232+01:00
False,16,1920,1080,U8,3,1920,1080,5760,831270992,0,0,0,1920,1080,False,2022-01-18T14:13:46.8098560+01:00
False,16,1920,1080,U8,3,1920,1080,5760,844492880,0,0,0,1920,1080,False,2022-01-18T14:13:46.8430720+01:00
False,16,1920,1080,U8,3,1920,1080,5760,806174800,0,0,0,1920,1080,False,2022-01-18T14:13:46.8768128+01:00
False,16,1920,1080,U8,3,1920,1080,5760,812466256,0,0,0,1920,1080,False,2022-01-18T14:13:46.9100672+01:00
False,16,1920,1080,U8,3,1920,1080,5760,850743376,0,0,0,1920,1080,False,2022-01-18T14:13:46.9444352+01:00
False,16,1920,1080,U8,3,1920,1080,5760,988065872,0,0,0,1920,1080,False,2022-01-18T14:13:46.9770112+01:00
False,16,1920,1080,U8,3,1920,1080,5760,994312272,0,0,0,1920,1080,False,2022-01-18T14:13:47.0099712+01:00
False,16,1920,1080,U8,3,1920,1080,5760,1000562768,0,0,0,1920,1080,False,2022-01-18T14:13:47.0433280+01:00
False,16,1920,1080,U8,3,1920,1080,5760,1149898832,0,0,0,1920,1080,False,2022-01-18T14:13:47.0766592+01:00
False,16,1920,1080,U8,3,1920,1080,5760,1156235344,0,0,0,1920,1080,False,2022-01-18T14:13:47.1115136+01:00
False,16,1920,1080,U8,3,1920,1080,5760,1162489936,0,0,0,1920,1080,False,2022-01-18T14:13:47.1447296+01:00
False,16,1920,1080,U8,3,1920,1080,5760,1168777296,0,0,0,1920,1080,False,2022-01-18T14:13:47.1783808+01:00
False,16,1920,1080,U8,3,1920,1080,5760,806215760,0,0,0,1920,1080,False,2022-01-18T14:13:47.2111488+01:00
False,16,1920,1080,U8,3,1920,1080,5760,812470352,0,0,0,1920,1080,False,2022-01-18T14:13:47.2442752+01:00
False,16,1920,1080,U8,3,1920,1080,5760,818749520,0,0,0,1920,1080,False,2022-01-18T14:13:47.2777856+01:00
False,16,1920,1080,U8,3,1920,1080,5760,825081936,0,0,0,1920,1080,False,2022-01-18T14:13:47.3118720+01:00
False,16,1920,1080,U8,3,1920,1080,5760,806182992,0,0,0,1920,1080,False,2022-01-18T14:13:47.3432960+01:00
False,16,1920,1080,U8,3,1920,1080,5760,812458064,0,0,0,1920,1080,False,2022-01-18T14:13:47.3776640+01:00
False,16,1920,1080,U8,3,1920,1080,5760,831385680,0,0,0,1920,1080,False,2022-01-18T14:13:47.4118784+01:00
False,16,1920,1080,U8,3,1920,1080,5760,844451920,0,0,0,1920,1080,False,2022-01-18T14:13:47.4451072+01:00
False,16,1920,1080,U8,3,1920,1080,5760,806191184,0,0,0,1920,1080,False,2022-01-18T14:13:47.4759424+01:00
False,16,1920,1080,U8,3,1920,1080,5760,812458064,0,0,0,1920,1080,False,2022-01-18T14:13:47.5104256+01:00
False,16,1920,1080,U8,3,1920,1080,5760,850743376,0,0,0,1920,1080,False,2022-01-18T14:13:47.5451520+01:00
False,16,1920,1080,U8,3,1920,1080,5760,988065872,0,0,0,1920,1080,False,2022-01-18T14:13:47.5777792+01:00
False,16,1920,1080,U8,3,1920,1080,5760,994336848,0,0,0,1920,1080,False,2022-01-18T14:13:47.6104704+01:00
False,16,1920,1080,U8,3,1920,1080,5760,1000632400,0,0,0,1920,1080,False,2022-01-18T14:13:47.6440576+01:00
False,16,1920,1080,U8,3,1920,1080,5760,1149919312,0,0,0,1920,1080,False,2022-01-18T14:13:47.6773632+01:00
False,16,1920,1080,U8,3,1920,1080,5760,1156214864,0,0,0,1920,1080,False,2022-01-18T14:13:47.7100800+01:00
False,16,1920,1080,U8,3,1920,1080,5760,1162502224,0,0,0,1920,1080,False,2022-01-18T14:13:47.7432064+01:00
False,16,1920,1080,U8,3,1920,1080,5760,1168789584,0,0,0,1920,1080,False,2022-01-18T14:13:47.7766016+01:00
False,16,1920,1080,U8,3,1920,1080,5760,806215760,0,0,0,1920,1080,False,2022-01-18T14:13:47.8101888+01:00
False,16,1920,1080,U8,3,1920,1080,5760,812486736,0,0,0,1920,1080,False,2022-01-18T14:13:47.8430592+01:00
False,16,1920,1080,U8,3,1920,1080,5760,818794576,0,0,0,1920,1080,False,2022-01-18T14:13:47.8764032+01:00
False,16,1920,1080,U8,3,1920,1080,5760,825069648,0,0,0,1920,1080,False,2022-01-18T14:13:47.9114496+01:00
False,16,1920,1080,U8,3,1920,1080,5760,806170704,0,0,0,1920,1080,False,2022-01-18T14:13:47.9427584+01:00
False,16,1920,1080,U8,3,1920,1080,5760,812507216,0,0,0,1920,1080,False,2022-01-18T14:13:47.9774848+01:00
False,16,1920,1080,U8,3,1920,1080,5760,831385680,0,0,0,1920,1080,False,2022-01-18T14:13:48.0104960+01:00
False,16,1920,1080,U8,3,1920,1080,5760,844456016,0,0,0,1920,1080,False,2022-01-18T14:13:48.0436480+01:00
False,16,1920,1080,U8,3,1920,1080,5760,806195280,0,0,0,1920,1080,False,2022-01-18T14:13:48.0758272+01:00
False,16,1920,1080,U8,3,1920,1080,5760,812458064,0,0,0,1920,1080,False,2022-01-18T14:13:48.1102592+01:00
False,16,1920,1080,U8,3,1920,1080,5760,850722896,0,0,0,1920,1080,False,2022-01-18T14:13:48.1448192+01:00
False,16,1920,1080,U8,3,1920,1080,5760,988045392,0,0,0,1920,1080,False,2022-01-18T14:13:48.1774464+01:00
False,16,1920,1080,U8,3,1920,1080,5760,994349136,0,0,0,1920,1080,False,2022-01-18T14:13:48.2113664+01:00
False,16,1920,1080,U8,3,1920,1080,5760,1000648784,0,0,0,1920,1080,False,2022-01-18T14:13:48.2449024+01:00
False,16,1920,1080,U8,3,1920,1080,5760,1149931600,0,0,0,1920,1080,False,2022-01-18T14:13:48.2756736+01:00
False,16,1920,1080,U8,3,1920,1080,5760,1156235344,0,0,0,1920,1080,False,2022-01-18T14:13:48.3100416+01:00
False,16,1920,1080,U8,3,1920,1080,5760,1162494032,0,0,0,1920,1080,False,2022-01-18T14:13:48.3434752+01:00
False,16,1920,1080,U8,3,1920,1080,5760,1168793680,0,0,0,1920,1080,False,2022-01-18T14:13:48.3782016+01:00
False,16,1920,1080,U8,3,1920,1080,5760,806158416,0,0,0,1920,1080,False,2022-01-18T14:13:48.4102272+01:00
False,16,1920,1080,U8,3,1920,1080,5760,812441680,0,0,0,1920,1080,False,2022-01-18T14:13:48.4425472+01:00
False,16,1920,1080,U8,3,1920,1080,5760,818679888,0,0,0,1920,1080,False,2022-01-18T14:13:48.4776192+01:00
False,16,1920,1080,U8,3,1920,1080,5760,825012304,0,0,0,1920,1080,False,2022-01-18T14:13:48.5119872+01:00
False,16,1920,1080,U8,3,1920,1080,5760,806182992,0,0,0,1920,1080,False,2022-01-18T14:13:48.5430528+01:00
False,16,1920,1080,U8,3,1920,1080,5760,831279184,0,0,0,1920,1080,False,2022-01-18T14:13:48.5755904+01:00
False,16,1920,1080,U8,3,1920,1080,5760,844492880,0,0,0,1920,1080,False,2022-01-18T14:13:48.6115072+01:00
False,16,1920,1080,U8,3,1920,1080,5760,850743376,0,0,0,1920,1080,False,2022-01-18T14:13:48.6447488+01:00
False,16,1920,1080,U8,3,1920,1080,5760,806215760,0,0,0,1920,1080,False,2022-01-18T14:13:48.6770432+01:00
False,16,1920,1080,U8,3,1920,1080,5760,831299664,0,0,0,1920,1080,False,2022-01-18T14:13:48.7117184+01:00
False,16,1920,1080,U8,3,1920,1080,5760,988033104,0,0,0,1920,1080,False,2022-01-18T14:13:48.7446144+01:00
False,16,1920,1080,U8,3,1920,1080,5760,994324560,0,0,0,1920,1080,False,2022-01-18T14:13:48.7773952+01:00
False,16,1920,1080,U8,3,1920,1080,5760,1000640592,0,0,0,1920,1080,False,2022-01-18T14:13:48.8109312+01:00
False,16,1920,1080,U8,3,1920,1080,5760,1149931600,0,0,0,1920,1080,False,2022-01-18T14:13:48.8448640+01:00
False,16,1920,1080,U8,3,1920,1080,5760,1156190288,0,0,0,1920,1080,False,2022-01-18T14:13:48.8754560+01:00
False,16,1920,1080,U8,3,1920,1080,5760,1162506320,0,0,0,1920,1080,False,2022-01-18T14:13:48.9099648+01:00
False,16,1920,1080,U8,3,1920,1080,5760,1168818256,0,0,0,1920,1080,False,2022-01-18T14:13:48.9446144+01:00
False,16,1920,1080,U8,3,1920,1080,5760,1175113808,0,0,0,1920,1080,False,2022-01-18T14:13:48.9778560+01:00
False,16,1920,1080,U8,3,1920,1080,5760,806166608,0,0,0,1920,1080,False,2022-01-18T14:13:49.0104832+01:00
False,16,1920,1080,U8,3,1920,1080,5760,812449872,0,0,0,1920,1080,False,2022-01-18T14:13:49.0433280+01:00
False,16,1920,1080,U8,3,1920,1080,5760,818704464,0,0,0,1920,1080,False,2022-01-18T14:13:49.0774656+01:00
False,16,1920,1080,U8,3,1920,1080,5760,824991824,0,0,0,1920,1080,False,2022-01-18T14:13:49.1122304+01:00
False,16,1920,1080,U8,3,1920,1080,5760,806195280,0,0,0,1920,1080,False,2022-01-18T14:13:49.1437440+01:00
False,16,1920,1080,U8,3,1920,1080,5760,831270992,0,0,0,1920,1080,False,2022-01-18T14:13:49.1772416+01:00
False,16,1920,1080,U8,3,1920,1080,5760,844468304,0,0,0,1920,1080,False,2022-01-18T14:13:49.2116736+01:00
False,16,1920,1080,U8,3,1920,1080,5760,850759760,0,0,0,1920,1080,False,2022-01-18T14:13:49.2436096+01:00
False,16,1920,1080,U8,3,1920,1080,5760,806207568,0,0,0,1920,1080,False,2022-01-18T14:13:49.2755712+01:00
False,16,1920,1080,U8,3,1920,1080,5760,831316048,0,0,0,1920,1080,False,2022-01-18T14:13:49.3098880+01:00
False,16,1920,1080,U8,3,1920,1080,5760,988082256,0,0,0,1920,1080,False,2022-01-18T14:13:49.3446016+01:00
False,16,1920,1080,U8,3,1920,1080,5760,994332752,0,0,0,1920,1080,False,2022-01-18T14:13:49.3759360+01:00
False,16,1920,1080,U8,3,1920,1080,5760,812449872,0,0,0,1920,1080,False,2022-01-18T14:13:49.4113408+01:00
False,16,1920,1080,U8,3,1920,1080,5760,1000624208,0,0,0,1920,1080,False,2022-01-18T14:13:49.4433152+01:00
False,16,1920,1080,U8,3,1920,1080,5760,1149907024,0,0,0,1920,1080,False,2022-01-18T14:13:49.4773120+01:00
False,16,1920,1080,U8,3,1920,1080,5760,1156202576,0,0,0,1920,1080,False,2022-01-18T14:13:49.5101312+01:00
False,16,1920,1080,U8,3,1920,1080,5760,1162534992,0,0,0,1920,1080,False,2022-01-18T14:13:49.5436544+01:00
False,16,1920,1080,U8,3,1920,1080,5760,1168814160,0,0,0,1920,1080,False,2022-01-18T14:13:49.5780096+01:00
False,16,1920,1080,U8,3,1920,1080,5760,806211664,0,0,0,1920,1080,False,2022-01-18T14:13:49.6104320+01:00
False,16,1920,1080,U8,3,1920,1080,5760,812470352,0,0,0,1920,1080,False,2022-01-18T14:13:49.6440960+01:00
False,16,1920,1080,U8,3,1920,1080,5760,818749520,0,0,0,1920,1080,False,2022-01-18T14:13:49.6775424+01:00
False,16,1920,1080,U8,3,1920,1080,5760,825077840,0,0,0,1920,1080,False,2022-01-18T14:13:49.7107840+01:00
False,16,1920,1080,U8,3,1920,1080,5760,806199376,0,0,0,1920,1080,False,2022-01-18T14:13:49.7430272+01:00
False,16,1920,1080,U8,3,1920,1080,5760,812499024,0,0,0,1920,1080,False,2022-01-18T14:13:49.7772672+01:00
False,16,1920,1080,U8,3,1920,1080,5760,831357008,0,0,0,1920,1080,False,2022-01-18T14:13:49.8104960+01:00
False,16,1920,1080,U8,3,1920,1080,5760,844447824,0,0,0,1920,1080,False,2022-01-18T14:13:49.8443264+01:00
False,16,1920,1080,U8,3,1920,1080,5760,806207568,0,0,0,1920,1080,False,2022-01-18T14:13:49.8763648+01:00
False,16,1920,1080,U8,3,1920,1080,5760,812486736,0,0,0,1920,1080,False,2022-01-18T14:13:49.9102976+01:00
False,16,1920,1080,U8,3,1920,1080,5760,850735184,0,0,0,1920,1080,False,2022-01-18T14:13:49.9447808+01:00
False,16,1920,1080,U8,3,1920,1080,5760,988020816,0,0,0,1920,1080,False,2022-01-18T14:13:49.9771264+01:00
False,16,1920,1080,U8,3,1920,1080,5760,994308176,0,0,0,1920,1080,False,2022-01-18T14:13:50.0103552+01:00
False,16,1920,1080,U8,3,1920,1080,5760,1000599632,0,0,0,1920,1080,False,2022-01-18T14:13:50.0444544+01:00
False,16,1920,1080,U8,3,1920,1080,5760,1149927504,0,0,0,1920,1080,False,2022-01-18T14:13:50.0761472+01:00
False,16,1920,1080,U8,3,1920,1080,5760,1156243536,0,0,0,1920,1080,False,2022-01-18T14:13:50.1103744+01:00
False,16,1920,1080,U8,3,1920,1080,5760,1162530896,0,0,0,1920,1080,False,2022-01-18T14:13:50.1450752+01:00
False,16,1920,1080,U8,3,1920,1080,5760,1168822352,0,0,0,1920,1080,False,2022-01-18T14:13:50.1771776+01:00
False,16,1920,1080,U8,3,1920,1080,5760,806174800,0,0,0,1920,1080,False,2022-01-18T14:13:50.2092544+01:00
False,16,1920,1080,U8,3,1920,1080,5760,812486736,0,0,0,1920,1080,False,2022-01-18T14:13:50.2433280+01:00
False,16,1920,1080,U8,3,1920,1080,5760,818798672,0,0,0,1920,1080,False,2022-01-18T14:13:50.2766080+01:00
False,16,1920,1080,U8,3,1920,1080,5760,825065552,0,0,0,1920,1080,False,2022-01-18T14:13:50.3110912+01:00
False,16,1920,1080,U8,3,1920,1080,5760,806162512,0,0,0,1920,1080,False,2022-01-18T14:13:50.3433728+01:00
False,16,1920,1080,U8,3,1920,1080,5760,812503120,0,0,0,1920,1080,False,2022-01-18T14:13:50.3774336+01:00
False,16,1920,1080,U8,3,1920,1080,5760,831377488,0,0,0,1920,1080,False,2022-01-18T14:13:50.4107648+01:00
False,16,1920,1080,U8,3,1920,1080,5760,844435536,0,0,0,1920,1080,False,2022-01-18T14:13:50.4442240+01:00
False,16,1920,1080,U8,3,1920,1080,5760,806211664,0,0,0,1920,1080,False,2022-01-18T14:13:50.4767616+01:00
False,16,1920,1080,U8,3,1920,1080,5760,812503120,0,0,0,1920,1080,False,2022-01-18T14:13:50.5106176+01:00
False,16,1920,1080,U8,3,1920,1080,5760,850755664,0,0,0,1920,1080,False,2022-01-18T14:13:50.5439104+01:00
False,16,1920,1080,U8,3,1920,1080,5760,988037200,0,0,0,1920,1080,False,2022-01-18T14:13:50.5773696+01:00
False,16,1920,1080,U8,3,1920,1080,5760,994353232,0,0,0,1920,1080,False,2022-01-18T14:13:50.6104448+01:00
False,16,1920,1080,U8,3,1920,1080,5760,1000652880,0,0,0,1920,1080,False,2022-01-18T14:13:50.6440960+01:00
False,16,1920,1080,U8,3,1920,1080,5760,1149898832,0,0,0,1920,1080,False,2022-01-18T14:13:50.6777472+01:00
False,16,1920,1080,U8,3,1920,1080,5760,1156202576,0,0,0,1920,1080,False,2022-01-18T14:13:50.7102720+01:00
False,16,1920,1080,U8,3,1920,1080,5760,1162494032,0,0,0,1920,1080,False,2022-01-18T14:13:50.7449088+01:00
False,16,1920,1080,U8,3,1920,1080,5760,1168797776,0,0,0,1920,1080,False,2022-01-18T14:13:50.7784704+01:00
False,16,1920,1080,U8,3,1920,1080,5760,806215760,0,0,0,1920,1080,False,2022-01-18T14:13:50.8106496+01:00
False,16,1920,1080,U8,3,1920,1080,5760,812478544,0,0,0,1920,1080,False,2022-01-18T14:13:50.8445056+01:00
False,16,1920,1080,U8,3,1920,1080,5760,818765904,0,0,0,1920,1080,False,2022-01-18T14:13:50.8780928+01:00
False,16,1920,1080,U8,3,1920,1080,5760,825081936,0,0,0,1920,1080,False,2022-01-18T14:13:50.9132032+01:00
False,16,1920,1080,U8,3,1920,1080,5760,806182992,0,0,0,1920,1080,False,2022-01-18T14:13:50.9436032+01:00
False,16,1920,1080,U8,3,1920,1080,5760,812486736,0,0,0,1920,1080,False,2022-01-18T14:13:50.9769728+01:00
False,16,1920,1080,U8,3,1920,1080,5760,831365200,0,0,0,1920,1080,False,2022-01-18T14:13:51.0111360+01:00
False,16,1920,1080,U8,3,1920,1080,5760,844480592,0,0,0,1920,1080,False,2022-01-18T14:13:51.0444288+01:00
False,16,1920,1080,U8,3,1920,1080,5760,806170704,0,0,0,1920,1080,False,2022-01-18T14:13:51.0771456+01:00
False,16,1920,1080,U8,3,1920,1080,5760,812478544,0,0,0,1920,1080,False,2022-01-18T14:13:51.1110400+01:00
False,16,1920,1080,U8,3,1920,1080,5760,850772048,0,0,0,1920,1080,False,2022-01-18T14:13:51.1444608+01:00
False,16,1920,1080,U8,3,1920,1080,5760,988065872,0,0,0,1920,1080,False,2022-01-18T14:13:51.1777024+01:00
False,16,1920,1080,U8,3,1920,1080,5760,994365520,0,0,0,1920,1080,False,2022-01-18T14:13:51.2106752+01:00
False,16,1920,1080,U8,3,1920,1080,5760,1000603728,0,0,0,1920,1080,False,2022-01-18T14:13:51.2440320+01:00
False,16,1920,1080,U8,3,1920,1080,5760,1149923408,0,0,0,1920,1080,False,2022-01-18T14:13:51.2767872+01:00
False,16,1920,1080,U8,3,1920,1080,5760,1156223056,0,0,0,1920,1080,False,2022-01-18T14:13:51.3100928+01:00
False,16,1920,1080,U8,3,1920,1080,5760,1162494032,0,0,0,1920,1080,False,2022-01-18T14:13:51.3441792+01:00
False,16,1920,1080,U8,3,1920,1080,5760,1168818256,0,0,0,1920,1080,False,2022-01-18T14:13:51.3781248+01:00
False,16,1920,1080,U8,3,1920,1080,5760,806178896,0,0,0,1920,1080,False,2022-01-18T14:13:51.4110336+01:00
False,16,1920,1080,U8,3,1920,1080,5760,812511312,0,0,0,1920,1080,False,2022-01-18T14:13:51.4443776+01:00
False,16,1920,1080,U8,3,1920,1080,5760,818765904,0,0,0,1920,1080,False,2022-01-18T14:13:51.4776960+01:00
False,16,1920,1080,U8,3,1920,1080,5760,825040976,0,0,0,1920,1080,False,2022-01-18T14:13:51.5115136+01:00
False,16,1920,1080,U8,3,1920,1080,5760,806178896,0,0,0,1920,1080,False,2022-01-18T14:13:51.5439360+01:00
False,16,1920,1080,U8,3,1920,1080,5760,812503120,0,0,0,1920,1080,False,2022-01-18T14:13:51.5774976+01:00
False,16,1920,1080,U8,3,1920,1080,5760,831336528,0,0,0,1920,1080,False,2022-01-18T14:13:51.6110336+01:00
False,16,1920,1080,U8,3,1920,1080,5760,844435536,0,0,0,1920,1080,False,2022-01-18T14:13:51.6445824+01:00
False,16,1920,1080,U8,3,1920,1080,5760,806215760,0,0,0,1920,1080,False,2022-01-18T14:13:51.6775936+01:00
False,16,1920,1080,U8,3,1920,1080,5760,812511312,0,0,0,1920,1080,False,2022-01-18T14:13:51.7112576+01:00
False,16,1920,1080,U8,3,1920,1080,5760,850776144,0,0,0,1920,1080,False,2022-01-18T14:13:51.7449088+01:00
False,16,1920,1080,U8,3,1920,1080,5760,988029008,0,0,0,1920,1080,False,2022-01-18T14:13:51.7778560+01:00
False,16,1920,1080,U8,3,1920,1080,5760,994373712,0,0,0,1920,1080,False,2022-01-18T14:13:51.8112128+01:00
False,16,1920,1080,U8,3,1920,1080,5760,1000607824,0,0,0,1920,1080,False,2022-01-18T14:13:51.8443904+01:00
False,16,1920,1080,U8,3,1920,1080,5760,1149931600,0,0,0,1920,1080,False,2022-01-18T14:13:51.8777856+01:00
False,16,1920,1080,U8,3,1920,1080,5760,1156239440,0,0,0,1920,1080,False,2022-01-18T14:13:51.9101312+01:00
False,16,1920,1080,U8,3,1920,1080,5760,1162510416,0,0,0,1920,1080,False,2022-01-18T14:13:51.9441792+01:00
False,16,1920,1080,U8,3,1920,1080,5760,1168818256,0,0,0,1920,1080,False,2022-01-18T14:13:51.9787648+01:00
False,16,1920,1080,U8,3,1920,1080,5760,806211664,0,0,0,1920,1080,False,2022-01-18T14:13:52.0110464+01:00
False,16,1920,1080,U8,3,1920,1080,5760,812478544,0,0,0,1920,1080,False,2022-01-18T14:13:52.0445568+01:00
False,16,1920,1080,U8,3,1920,1080,5760,818749520,0,0,0,1920,1080,False,2022-01-18T14:13:52.0785280+01:00
False,16,1920,1080,U8,3,1920,1080,5760,825036880,0,0,0,1920,1080,False,2022-01-18T14:13:52.1118592+01:00
False,16,1920,1080,U8,3,1920,1080,5760,806162512,0,0,0,1920,1080,False,2022-01-18T14:13:52.1450624+01:00
False,16,1920,1080,U8,3,1920,1080,5760,812466256,0,0,0,1920,1080,False,2022-01-18T14:13:52.1768960+01:00
False,16,1920,1080,U8,3,1920,1080,5760,831369296,0,0,0,1920,1080,False,2022-01-18T14:13:52.2102656+01:00
False,16,1920,1080,U8,3,1920,1080,5760,844435536,0,0,0,1920,1080,False,2022-01-18T14:13:52.2455168+01:00
False,16,1920,1080,U8,3,1920,1080,5760,806195280,0,0,0,1920,1080,False,2022-01-18T14:13:52.2768512+01:00
False,16,1920,1080,U8,3,1920,1080,5760,812499024,0,0,0,1920,1080,False,2022-01-18T14:13:52.3103616+01:00
False,16,1920,1080,U8,3,1920,1080,5760,850784336,0,0,0,1920,1080,False,2022-01-18T14:13:52.3444352+01:00
False,16,1920,1080,U8,3,1920,1080,5760,988045392,0,0,0,1920,1080,False,2022-01-18T14:13:52.3771136+01:00
False,16,1920,1080,U8,3,1920,1080,5760,994324560,0,0,0,1920,1080,False,2022-01-18T14:13:52.4109056+01:00
False,16,1920,1080,U8,3,1920,1080,5760,1000632400,0,0,0,1920,1080,False,2022-01-18T14:13:52.4444800+01:00
False,16,1920,1080,U8,3,1920,1080,5760,1149931600,0,0,0,1920,1080,False,2022-01-18T14:13:52.4778496+01:00
False,16,1920,1080,U8,3,1920,1080,5760,1156227152,0,0,0,1920,1080,False,2022-01-18T14:13:52.5097216+01:00
False,16,1920,1080,U8,3,1920,1080,5760,1162489936,0,0,0,1920,1080,False,2022-01-18T14:13:52.5441536+01:00
False,16,1920,1080,U8,3,1920,1080,5760,1168826448,0,0,0,1920,1080,False,2022-01-18T14:13:52.5778560+01:00
False,16,1920,1080,U8,3,1920,1080,5760,806182992,0,0,0,1920,1080,False,2022-01-18T14:13:52.6111360+01:00
False,16,1920,1080,U8,3,1920,1080,5760,812503120,0,0,0,1920,1080,False,2022-01-18T14:13:52.6439808+01:00
False,16,1920,1080,U8,3,1920,1080,5760,818753616,0,0,0,1920,1080,False,2022-01-18T14:13:52.6772480+01:00
False,16,1920,1080,U8,3,1920,1080,5760,825057360,0,0,0,1920,1080,False,2022-01-18T14:13:52.7116672+01:00
False,16,1920,1080,U8,3,1920,1080,5760,806203472,0,0,0,1920,1080,False,2022-01-18T14:13:52.7438592+01:00
False,16,1920,1080,U8,3,1920,1080,5760,812470352,0,0,0,1920,1080,False,2022-01-18T14:13:52.7766656+01:00
False,16,1920,1080,U8,3,1920,1080,5760,831348816,0,0,0,1920,1080,False,2022-01-18T14:13:52.8113664+01:00
False,16,1920,1080,U8,3,1920,1080,5760,844435536,0,0,0,1920,1080,False,2022-01-18T14:13:52.8448128+01:00
False,16,1920,1080,U8,3,1920,1080,5760,806174800,0,0,0,1920,1080,False,2022-01-18T14:13:52.8768640+01:00
False,16,1920,1080,U8,3,1920,1080,5760,812511312,0,0,0,1920,1080,False,2022-01-18T14:13:52.9103104+01:00
False,16,1920,1080,U8,3,1920,1080,5760,850755664,0,0,0,1920,1080,False,2022-01-18T14:13:52.9442048+01:00
False,16,1920,1080,U8,3,1920,1080,5760,988053584,0,0,0,1920,1080,False,2022-01-18T14:13:52.9773824+01:00
False,16,1920,1080,U8,3,1920,1080,5760,994365520,0,0,0,1920,1080,False,2022-01-18T14:13:53.0115584+01:00
False,16,1920,1080,U8,3,1920,1080,5760,1000656976,0,0,0,1920,1080,False,2022-01-18T14:13:53.0441984+01:00
False,16,1920,1080,U8,3,1920,1080,5760,1149919312,0,0,0,1920,1080,False,2022-01-18T14:13:53.0774144+01:00
False,16,1920,1080,U8,3,1920,1080,5760,1156243536,0,0,0,1920,1080,False,2022-01-18T14:13:53.1104000+01:00
False,16,1920,1080,U8,3,1920,1080,5760,1162498128,0,0,0,1920,1080,False,2022-01-18T14:13:53.1440256+01:00
False,16,1920,1080,U8,3,1920,1080,5760,1168814160,0,0,0,1920,1080,False,2022-01-18T14:13:53.1781376+01:00
False,16,1920,1080,U8,3,1920,1080,5760,806170704,0,0,0,1920,1080,False,2022-01-18T14:13:53.2105472+01:00
False,16,1920,1080,U8,3,1920,1080,5760,812507216,0,0,0,1920,1080,False,2022-01-18T14:13:53.2442496+01:00
False,16,1920,1080,U8,3,1920,1080,5760,818798672,0,0,0,1920,1080,False,2022-01-18T14:13:53.2779392+01:00
False,16,1920,1080,U8,3,1920,1080,5760,825045072,0,0,0,1920,1080,False,2022-01-18T14:13:53.3122176+01:00
False,16,1920,1080,U8,3,1920,1080,5760,806170704,0,0,0,1920,1080,False,2022-01-18T14:13:53.3442432+01:00
False,16,1920,1080,U8,3,1920,1080,5760,812503120,0,0,0,1920,1080,False,2022-01-18T14:13:53.3776128+01:00
False,16,1920,1080,U8,3,1920,1080,5760,831324240,0,0,0,1920,1080,False,2022-01-18T14:13:53.4110208+01:00
False,16,1920,1080,U8,3,1920,1080,5760,844468304,0,0,0,1920,1080,False,2022-01-18T14:13:53.4452352+01:00
False,16,1920,1080,U8,3,1920,1080,5760,806166608,0,0,0,1920,1080,False,2022-01-18T14:13:53.4787712+01:00
False,16,1920,1080,U8,3,1920,1080,5760,812474448,0,0,0,1920,1080,False,2022-01-18T14:13:53.5112832+01:00
False,16,1920,1080,U8,3,1920,1080,5760,850780240,0,0,0,1920,1080,False,2022-01-18T14:13:53.5447424+01:00
False,16,1920,1080,U8,3,1920,1080,5760,988061776,0,0,0,1920,1080,False,2022-01-18T14:13:53.5777152+01:00
False,16,1920,1080,U8,3,1920,1080,5760,994361424,0,0,0,1920,1080,False,2022-01-18T14:13:53.6104576+01:00
False,16,1920,1080,U8,3,1920,1080,5760,1000656976,0,0,0,1920,1080,False,2022-01-18T14:13:53.6452480+01:00
False,16,1920,1080,U8,3,1920,1080,5760,1149956176,0,0,0,1920,1080,False,2022-01-18T14:13:53.6774528+01:00
False,16,1920,1080,U8,3,1920,1080,5760,1156223056,0,0,0,1920,1080,False,2022-01-18T14:13:53.7104000+01:00
False,16,1920,1080,U8,3,1920,1080,5760,1162477648,0,0,0,1920,1080,False,2022-01-18T14:13:53.7439744+01:00
False,16,1920,1080,U8,3,1920,1080,5760,1168736336,0,0,0,1920,1080,False,2022-01-18T14:13:53.7780480+01:00
False,16,1920,1080,U8,3,1920,1080,5760,806162512,0,0,0,1920,1080,False,2022-01-18T14:13:53.8106752+01:00
False,16,1920,1080,U8,3,1920,1080,5760,812458064,0,0,0,1920,1080,False,2022-01-18T14:13:53.8436736+01:00
False,16,1920,1080,U8,3,1920,1080,5760,818753616,0,0,0,1920,1080,False,2022-01-18T14:13:53.8780672+01:00
False,16,1920,1080,U8,3,1920,1080,5760,825065552,0,0,0,1920,1080,False,2022-01-18T14:13:53.9116032+01:00
False,16,1920,1080,U8,3,1920,1080,5760,806174800,0,0,0,1920,1080,False,2022-01-18T14:13:53.9440000+01:00
False,16,1920,1080,U8,3,1920,1080,5760,812478544,0,0,0,1920,1080,False,2022-01-18T14:13:53.9778048+01:00
False,16,1920,1080,U8,3,1920,1080,5760,831369296,0,0,0,1920,1080,False,2022-01-18T14:13:54.0112768+01:00
False,16,1920,1080,U8,3,1920,1080,5760,844488784,0,0,0,1920,1080,False,2022-01-18T14:13:54.0446336+01:00
False,16,1920,1080,U8,3,1920,1080,5760,806162512,0,0,0,1920,1080,False,2022-01-18T14:13:54.0768384+01:00
False,16,1920,1080,U8,3,1920,1080,5760,812494928,0,0,0,1920,1080,False,2022-01-18T14:13:54.1110144+01:00
False,16,1920,1080,U8,3,1920,1080,5760,850776144,0,0,0,1920,1080,False,2022-01-18T14:13:54.1443840+01:00
False,16,1920,1080,U8,3,1920,1080,5760,988045392,0,0,0,1920,1080,False,2022-01-18T14:13:54.1778688+01:00
False,16,1920,1080,U8,3,1920,1080,5760,994365520,0,0,0,1920,1080,False,2022-01-18T14:13:54.2110976+01:00
False,16,1920,1080,U8,3,1920,1080,5760,1000636496,0,0,0,1920,1080,False,2022-01-18T14:13:54.2444160+01:00
False,16,1920,1080,U8,3,1920,1080,5760,1149935696,0,0,0,1920,1080,False,2022-01-18T14:13:54.2778368+01:00
False,16,1920,1080,U8,3,1920,1080,5760,1156223056,0,0,0,1920,1080,False,2022-01-18T14:13:54.3110400+01:00
False,16,1920,1080,U8,3,1920,1080,5760,1162494032,0,0,0,1920,1080,False,2022-01-18T14:13:54.3441024+01:00
False,16,1920,1080,U8,3,1920,1080,5760,1168793680,0,0,0,1920,1080,False,2022-01-18T14:13:54.3787648+01:00
False,16,1920,1080,U8,3,1920,1080,5760,806162512,0,0,0,1920,1080,False,2022-01-18T14:13:54.4109568+01:00
False,16,1920,1080,U8,3,1920,1080,5760,812503120,0,0,0,1920,1080,False,2022-01-18T14:13:54.4441984+01:00
False,16,1920,1080,U8,3,1920,1080,5760,818778192,0,0,0,1920,1080,False,2022-01-18T14:13:54.4784512+01:00
False,16,1920,1080,U8,3,1920,1080,5760,825053264,0,0,0,1920,1080,False,2022-01-18T14:13:54.5117952+01:00
False,16,1920,1080,U8,3,1920,1080,5760,806182992,0,0,0,1920,1080,False,2022-01-18T14:13:54.5437568+01:00
False,16,1920,1080,U8,3,1920,1080,5760,812462160,0,0,0,1920,1080,False,2022-01-18T14:13:54.5776384+01:00
False,16,1920,1080,U8,3,1920,1080,5760,831352912,0,0,0,1920,1080,False,2022-01-18T14:13:54.6110976+01:00
False,16,1920,1080,U8,3,1920,1080,5760,844484688,0,0,0,1920,1080,False,2022-01-18T14:13:54.6447744+01:00
False,16,1920,1080,U8,3,1920,1080,5760,806191184,0,0,0,1920,1080,False,2022-01-18T14:13:54.6784384+01:00
False,16,1920,1080,U8,3,1920,1080,5760,812486736,0,0,0,1920,1080,False,2022-01-18T14:13:54.7121536+01:00
False,16,1920,1080,U8,3,1920,1080,5760,850731088,0,0,0,1920,1080,False,2022-01-18T14:13:54.7445120+01:00
False,16,1920,1080,U8,3,1920,1080,5760,988045392,0,0,0,1920,1080,False,2022-01-18T14:13:54.7779840+01:00
False,16,1920,1080,U8,3,1920,1080,5760,994361424,0,0,0,1920,1080,False,2022-01-18T14:13:54.8116224+01:00
False,16,1920,1080,U8,3,1920,1080,5760,1000632400,0,0,0,1920,1080,False,2022-01-18T14:13:54.8454528+01:00
False,16,1920,1080,U8,3,1920,1080,5760,1149923408,0,0,0,1920,1080,False,2022-01-18T14:13:54.8784000+01:00
False,16,1920,1080,U8,3,1920,1080,5760,1156186192,0,0,0,1920,1080,False,2022-01-18T14:13:54.9111552+01:00
False,16,1920,1080,U8,3,1920,1080,5760,1162440784,0,0,0,1920,1080,False,2022-01-18T14:13:54.9453312+01:00
False,16,1920,1080,U8,3,1920,1080,5760,1168740432,0,0,0,1920,1080,False,2022-01-18T14:13:54.9789440+01:00
False,16,1920,1080,U8,3,1920,1080,5760,806215760,0,0,0,1920,1080,False,2022-01-18T14:13:55.0110464+01:00
False,16,1920,1080,U8,3,1920,1080,5760,812458064,0,0,0,1920,1080,False,2022-01-18T14:13:55.0442368+01:00
False,16,1920,1080,U8,3,1920,1080,5760,818765904,0,0,0,1920,1080,False,2022-01-18T14:13:55.0785792+01:00
False,16,1920,1080,U8,3,1920,1080,5760,825049168,0,0,0,1920,1080,False,2022-01-18T14:13:55.1136128+01:00
False,16,1920,1080,U8,3,1920,1080,5760,806207568,0,0,0,1920,1080,False,2022-01-18T14:13:55.1451264+01:00
False,16,1920,1080,U8,3,1920,1080,5760,812453968,0,0,0,1920,1080,False,2022-01-18T14:13:55.1784704+01:00
False,16,1920,1080,U8,3,1920,1080,5760,831340624,0,0,0,1920,1080,False,2022-01-18T14:13:55.2112640+01:00
False,16,1920,1080,U8,3,1920,1080,5760,844480592,0,0,0,1920,1080,False,2022-01-18T14:13:55.2456832+01:00
False,16,1920,1080,U8,3,1920,1080,5760,806199376,0,0,0,1920,1080,False,2022-01-18T14:13:55.2775168+01:00
False,16,1920,1080,U8,3,1920,1080,5760,812478544,0,0,0,1920,1080,False,2022-01-18T14:13:55.3113856+01:00
False,16,1920,1080,U8,3,1920,1080,5760,850784336,0,0,0,1920,1080,False,2022-01-18T14:13:55.3448192+01:00
False,16,1920,1080,U8,3,1920,1080,5760,988020816,0,0,0,1920,1080,False,2022-01-18T14:13:55.3777792+01:00
False,16,1920,1080,U8,3,1920,1080,5760,994308176,0,0,0,1920,1080,False,2022-01-18T14:13:55.4114560+01:00
False,16,1920,1080,U8,3,1920,1080,5760,1000595536,0,0,0,1920,1080,False,2022-01-18T14:13:55.4450816+01:00
False,16,1920,1080,U8,3,1920,1080,5760,1149902928,0,0,0,1920,1080,False,2022-01-18T14:13:55.4777856+01:00
False,16,1920,1080,U8,3,1920,1080,5760,1156239440,0,0,0,1920,1080,False,2022-01-18T14:13:55.5117696+01:00
False,16,1920,1080,U8,3,1920,1080,5760,1162514512,0,0,0,1920,1080,False,2022-01-18T14:13:55.5447808+01:00
False,16,1920,1080,U8,3,1920,1080,5760,1168781392,0,0,0,1920,1080,False,2022-01-18T14:13:55.5785600+01:00
False,16,1920,1080,U8,3,1920,1080,5760,806178896,0,0,0,1920,1080,False,2022-01-18T14:13:55.6112768+01:00
False,16,1920,1080,U8,3,1920,1080,5760,812499024,0,0,0,1920,1080,False,2022-01-18T14:13:55.6447232+01:00
False,16,1920,1080,U8,3,1920,1080,5760,818790480,0,0,0,1920,1080,False,2022-01-18T14:13:55.6783872+01:00
False,16,1920,1080,U8,3,1920,1080,5760,825036880,0,0,0,1920,1080,False,2022-01-18T14:13:55.7121152+01:00
False,16,1920,1080,U8,3,1920,1080,5760,806211664,0,0,0,1920,1080,False,2022-01-18T14:13:55.7444096+01:00
False,16,1920,1080,U8,3,1920,1080,5760,812507216,0,0,0,1920,1080,False,2022-01-18T14:13:55.7774848+01:00
False,16,1920,1080,U8,3,1920,1080,5760,831357008,0,0,0,1920,1080,False,2022-01-18T14:13:55.8121728+01:00
False,16,1920,1080,U8,3,1920,1080,5760,844435536,0,0,0,1920,1080,False,2022-01-18T14:13:55.8453504+01:00
False,16,1920,1080,U8,3,1920,1080,5760,806191184,0,0,0,1920,1080,False,2022-01-18T14:13:55.8779648+01:00
False,16,1920,1080,U8,3,1920,1080,5760,812458064,0,0,0,1920,1080,False,2022-01-18T14:13:55.9117952+01:00
False,16,1920,1080,U8,3,1920,1080,5760,850767952,0,0,0,1920,1080,False,2022-01-18T14:13:55.9450112+01:00
False,16,1920,1080,U8,3,1920,1080,5760,988061776,0,0,0,1920,1080,False,2022-01-18T14:13:55.9777024+01:00
False,16,1920,1080,U8,3,1920,1080,5760,994361424,0,0,0,1920,1080,False,2022-01-18T14:13:56.0106368+01:00
False,16,1920,1080,U8,3,1920,1080,5760,1000607824,0,0,0,1920,1080,False,2022-01-18T14:13:56.0459008+01:00
False,16,1920,1080,U8,3,1920,1080,5760,1149952080,0,0,0,1920,1080,False,2022-01-18T14:13:56.0779264+01:00
False,16,1920,1080,U8,3,1920,1080,5760,1156206672,0,0,0,1920,1080,False,2022-01-18T14:13:56.1117568+01:00
False,16,1920,1080,U8,3,1920,1080,5760,1162539088,0,0,0,1920,1080,False,2022-01-18T14:13:56.1450624+01:00
False,16,1920,1080,U8,3,1920,1080,5760,1168781392,0,0,0,1920,1080,False,2022-01-18T14:13:56.1785600+01:00
False,16,1920,1080,U8,3,1920,1080,5760,806170704,0,0,0,1920,1080,False,2022-01-18T14:13:56.2119296+01:00
False,16,1920,1080,U8,3,1920,1080,5760,812494928,0,0,0,1920,1080,False,2022-01-18T14:13:56.2448256+01:00
False,16,1920,1080,U8,3,1920,1080,5760,818794576,0,0,0,1920,1080,False,2022-01-18T14:13:56.2784640+01:00
False,16,1920,1080,U8,3,1920,1080,5760,825081936,0,0,0,1920,1080,False,2022-01-18T14:13:56.3124736+01:00
False,16,1920,1080,U8,3,1920,1080,5760,806182992,0,0,0,1920,1080,False,2022-01-18T14:13:56.3452160+01:00
False,16,1920,1080,U8,3,1920,1080,5760,812449872,0,0,0,1920,1080,False,2022-01-18T14:13:56.3788288+01:00
False,16,1920,1080,U8,3,1920,1080,5760,831344720,0,0,0,1920,1080,False,2022-01-18T14:13:56.4123008+01:00
False,16,1920,1080,U8,3,1920,1080,5760,844439632,0,0,0,1920,1080,False,2022-01-18T14:13:56.4457472+01:00
False,16,1920,1080,U8,3,1920,1080,5760,806199376,0,0,0,1920,1080,False,2022-01-18T14:13:56.4780800+01:00
False,16,1920,1080,U8,3,1920,1080,5760,812458064,0,0,0,1920,1080,False,2022-01-18T14:13:56.5107200+01:00
False,16,1920,1080,U8,3,1920,1080,5760,850776144,0,0,0,1920,1080,False,2022-01-18T14:13:56.5449728+01:00
False,16,1920,1080,U8,3,1920,1080,5760,988053584,0,0,0,1920,1080,False,2022-01-18T14:13:56.5780992+01:00
False,16,1920,1080,U8,3,1920,1080,5760,994336848,0,0,0,1920,1080,False,2022-01-18T14:13:56.6119040+01:00
False,16,1920,1080,U8,3,1920,1080,5760,1000628304,0,0,0,1920,1080,False,2022-01-18T14:13:56.6453632+01:00
False,16,1920,1080,U8,3,1920,1080,5760,1149931600,0,0,0,1920,1080,False,2022-01-18T14:13:56.6778496+01:00
False,16,1920,1080,U8,3,1920,1080,5760,1156190288,0,0,0,1920,1080,False,2022-01-18T14:13:56.7117952+01:00
False,16,1920,1080,U8,3,1920,1080,5760,1162489936,0,0,0,1920,1080,False,2022-01-18T14:13:56.7450496+01:00
False,16,1920,1080,U8,3,1920,1080,5760,1168769104,0,0,0,1920,1080,False,2022-01-18T14:13:56.7783296+01:00
False,16,1920,1080,U8,3,1920,1080,5760,806195280,0,0,0,1920,1080,False,2022-01-18T14:13:56.8114944+01:00
False,16,1920,1080,U8,3,1920,1080,5760,812462160,0,0,0,1920,1080,False,2022-01-18T14:13:56.8445312+01:00
False,16,1920,1080,U8,3,1920,1080,5760,818745424,0,0,0,1920,1080,False,2022-01-18T14:13:56.8782464+01:00
False,16,1920,1080,U8,3,1920,1080,5760,825077840,0,0,0,1920,1080,False,2022-01-18T14:13:56.9126144+01:00
False,16,1920,1080,U8,3,1920,1080,5760,806158416,0,0,0,1920,1080,False,2022-01-18T14:13:56.9456512+01:00
False,16,1920,1080,U8,3,1920,1080,5760,812425296,0,0,0,1920,1080,False,2022-01-18T14:13:56.9776128+01:00
False,16,1920,1080,U8,3,1920,1080,5760,831332432,0,0,0,1920,1080,False,2022-01-18T14:13:57.0120448+01:00
False,16,1920,1080,U8,3,1920,1080,5760,844488784,0,0,0,1920,1080,False,2022-01-18T14:13:57.0453632+01:00
False,16,1920,1080,U8,3,1920,1080,5760,806170704,0,0,0,1920,1080,False,2022-01-18T14:13:57.0777856+01:00
False,16,1920,1080,U8,3,1920,1080,5760,812494928,0,0,0,1920,1080,False,2022-01-18T14:13:57.1118592+01:00
False,16,1920,1080,U8,3,1920,1080,5760,850731088,0,0,0,1920,1080,False,2022-01-18T14:13:57.1450240+01:00
False,16,1920,1080,U8,3,1920,1080,5760,988074064,0,0,0,1920,1080,False,2022-01-18T14:13:57.1777920+01:00
False,16,1920,1080,U8,3,1920,1080,5760,994328656,0,0,0,1920,1080,False,2022-01-18T14:13:57.2123520+01:00
False,16,1920,1080,U8,3,1920,1080,5760,1000603728,0,0,0,1920,1080,False,2022-01-18T14:13:57.2449408+01:00
False,16,1920,1080,U8,3,1920,1080,5760,1149952080,0,0,0,1920,1080,False,2022-01-18T14:13:57.2776576+01:00
False,16,1920,1080,U8,3,1920,1080,5760,1156194384,0,0,0,1920,1080,False,2022-01-18T14:13:57.3114752+01:00
False,16,1920,1080,U8,3,1920,1080,5760,1162530896,0,0,0,1920,1080,False,2022-01-18T14:13:57.3449856+01:00
False,16,1920,1080,U8,3,1920,1080,5760,1168773200,0,0,0,1920,1080,False,2022-01-18T14:13:57.3786240+01:00
False,16,1920,1080,U8,3,1920,1080,5760,806191184,0,0,0,1920,1080,False,2022-01-18T14:13:57.4118272+01:00
False,16,1920,1080,U8,3,1920,1080,5760,812507216,0,0,0,1920,1080,False,2022-01-18T14:13:57.4449280+01:00
False,16,1920,1080,U8,3,1920,1080,5760,818753616,0,0,0,1920,1080,False,2022-01-18T14:13:57.4786816+01:00
False,16,1920,1080,U8,3,1920,1080,5760,825081936,0,0,0,1920,1080,False,2022-01-18T14:13:57.5128960+01:00
False,16,1920,1080,U8,3,1920,1080,5760,806178896,0,0,0,1920,1080,False,2022-01-18T14:13:57.5451264+01:00
False,16,1920,1080,U8,3,1920,1080,5760,812494928,0,0,0,1920,1080,False,2022-01-18T14:13:57.5787264+01:00
False,16,1920,1080,U8,3,1920,1080,5760,831357008,0,0,0,1920,1080,False,2022-01-18T14:13:57.6112896+01:00
False,16,1920,1080,U8,3,1920,1080,5760,844488784,0,0,0,1920,1080,False,2022-01-18T14:13:57.6457088+01:00
False,16,1920,1080,U8,3,1920,1080,5760,806158416,0,0,0,1920,1080,False,2022-01-18T14:13:57.6779136+01:00
False,16,1920,1080,U8,3,1920,1080,5760,812388432,0,0,0,1920,1080,False,2022-01-18T14:13:57.7115392+01:00
False,16,1920,1080,U8,3,1920,1080,5760,850726992,0,0,0,1920,1080,False,2022-01-18T14:13:57.7466880+01:00
False,16,1920,1080,U8,3,1920,1080,5760,988074064,0,0,0,1920,1080,False,2022-01-18T14:13:57.7792896+01:00
False,16,1920,1080,U8,3,1920,1080,5760,994320464,0,0,0,1920,1080,False,2022-01-18T14:13:57.8118656+01:00
False,16,1920,1080,U8,3,1920,1080,5760,1000644688,0,0,0,1920,1080,False,2022-01-18T14:13:57.8455168+01:00
False,16,1920,1080,U8,3,1920,1080,5760,1149915216,0,0,0,1920,1080,False,2022-01-18T14:13:57.8780672+01:00
False,16,1920,1080,U8,3,1920,1080,5760,1156223056,0,0,0,1920,1080,False,2022-01-18T14:13:57.9112960+01:00
False,16,1920,1080,U8,3,1920,1080,5760,1162506320,0,0,0,1920,1080,False,2022-01-18T14:13:57.9456896+01:00
False,16,1920,1080,U8,3,1920,1080,5760,1168797776,0,0,0,1920,1080,False,2022-01-18T14:13:57.9788928+01:00
False,16,1920,1080,U8,3,1920,1080,5760,806187088,0,0,0,1920,1080,False,2022-01-18T14:13:58.0113664+01:00
False,16,1920,1080,U8,3,1920,1080,5760,812494928,0,0,0,1920,1080,False,2022-01-18T14:13:58.0450944+01:00
False,16,1920,1080,U8,3,1920,1080,5760,818782288,0,0,0,1920,1080,False,2022-01-18T14:13:58.0793856+01:00
False,16,1920,1080,U8,3,1920,1080,5760,825061456,0,0,0,1920,1080,False,2022-01-18T14:13:58.1129600+01:00
False,16,1920,1080,U8,3,1920,1080,5760,806182992,0,0,0,1920,1080,False,2022-01-18T14:13:58.1453440+01:00
False,16,1920,1080,U8,3,1920,1080,5760,812503120,0,0,0,1920,1080,False,2022-01-18T14:13:58.1781248+01:00
False,16,1920,1080,U8,3,1920,1080,5760,831336528,0,0,0,1920,1080,False,2022-01-18T14:13:58.2117632+01:00
False,16,1920,1080,U8,3,1920,1080,5760,844460112,0,0,0,1920,1080,False,2022-01-18T14:13:58.2460160+01:00
False,16,1920,1080,U8,3,1920,1080,5760,806203472,0,0,0,1920,1080,False,2022-01-18T14:13:58.2783616+01:00
False,16,1920,1080,U8,3,1920,1080,5760,812486736,0,0,0,1920,1080,False,2022-01-18T14:13:58.3123072+01:00
False,16,1920,1080,U8,3,1920,1080,5760,850739280,0,0,0,1920,1080,False,2022-01-18T14:13:58.3463168+01:00
False,16,1920,1080,U8,3,1920,1080,5760,988029008,0,0,0,1920,1080,False,2022-01-18T14:13:58.3791488+01:00
False,16,1920,1080,U8,3,1920,1080,5760,994332752,0,0,0,1920,1080,False,2022-01-18T14:13:58.4120576+01:00
False,16,1920,1080,U8,3,1920,1080,5760,1000632400,0,0,0,1920,1080,False,2022-01-18T14:13:58.4457088+01:00
False,16,1920,1080,U8,3,1920,1080,5760,1149927504,0,0,0,1920,1080,False,2022-01-18T14:13:58.4781312+01:00
False,16,1920,1080,U8,3,1920,1080,5760,1156210768,0,0,0,1920,1080,False,2022-01-18T14:13:58.5107584+01:00
False,16,1920,1080,U8,3,1920,1080,5760,1162485840,0,0,0,1920,1080,False,2022-01-18T14:13:58.5463936+01:00
False,16,1920,1080,U8,3,1920,1080,5760,1168785488,0,0,0,1920,1080,False,2022-01-18T14:13:58.5786752+01:00
False,16,1920,1080,U8,3,1920,1080,5760,806166608,0,0,0,1920,1080,False,2022-01-18T14:13:58.6121856+01:00
False,16,1920,1080,U8,3,1920,1080,5760,812507216,0,0,0,1920,1080,False,2022-01-18T14:13:58.6452864+01:00
False,16,1920,1080,U8,3,1920,1080,5760,818745424,0,0,0,1920,1080,False,2022-01-18T14:13:58.6787584+01:00
False,16,1920,1080,U8,3,1920,1080,5760,825036880,0,0,0,1920,1080,False,2022-01-18T14:13:58.7130880+01:00
False,16,1920,1080,U8,3,1920,1080,5760,806187088,0,0,0,1920,1080,False,2022-01-18T14:13:58.7437952+01:00
False,16,1920,1080,U8,3,1920,1080,5760,812462160,0,0,0,1920,1080,False,2022-01-18T14:13:58.7769216+01:00
False,16,1920,1080,U8,3,1920,1080,5760,831336528,0,0,0,1920,1080,False,2022-01-18T14:13:58.8115712+01:00
False,16,1920,1080,U8,3,1920,1080,5760,844472400,0,0,0,1920,1080,False,2022-01-18T14:13:58.8453760+01:00
False,16,1920,1080,U8,3,1920,1080,5760,806187088,0,0,0,1920,1080,False,2022-01-18T14:13:58.8782848+01:00
False,16,1920,1080,U8,3,1920,1080,5760,812486736,0,0,0,1920,1080,False,2022-01-18T14:13:58.9125120+01:00
False,16,1920,1080,U8,3,1920,1080,5760,850759760,0,0,0,1920,1080,False,2022-01-18T14:13:58.9443072+01:00
False,16,1920,1080,U8,3,1920,1080,5760,988057680,0,0,0,1920,1080,False,2022-01-18T14:13:58.9768320+01:00
False,16,1920,1080,U8,3,1920,1080,5760,994328656,0,0,0,1920,1080,False,2022-01-18T14:13:59.0124672+01:00
False,16,1920,1080,U8,3,1920,1080,5760,1000616016,0,0,0,1920,1080,False,2022-01-18T14:13:59.0446720+01:00
False,16,1920,1080,U8,3,1920,1080,5760,1149919312,0,0,0,1920,1080,False,2022-01-18T14:13:59.0772352+01:00
False,16,1920,1080,U8,3,1920,1080,5760,1156218960,0,0,0,1920,1080,False,2022-01-18T14:13:59.1111552+01:00
False,16,1920,1080,U8,3,1920,1080,5760,1162481744,0,0,0,1920,1080,False,2022-01-18T14:13:59.1447680+01:00
False,16,1920,1080,U8,3,1920,1080,5760,1168826448,0,0,0,1920,1080,False,2022-01-18T14:13:59.1779328+01:00
False,16,1920,1080,U8,3,1920,1080,5760,806182992,0,0,0,1920,1080,False,2022-01-18T14:13:59.2125952+01:00
False,16,1920,1080,U8,3,1920,1080,5760,812478544,0,0,0,1920,1080,False,2022-01-18T14:13:59.2456448+01:00
False,16,1920,1080,U8,3,1920,1080,5760,818761808,0,0,0,1920,1080,False,2022-01-18T14:13:59.2789248+01:00
False,16,1920,1080,U8,3,1920,1080,5760,825073744,0,0,0,1920,1080,False,2022-01-18T14:13:59.3141248+01:00
False,16,1920,1080,U8,3,1920,1080,5760,806195280,0,0,0,1920,1080,False,2022-01-18T14:13:59.3447680+01:00
False,16,1920,1080,U8,3,1920,1080,5760,812474448,0,0,0,1920,1080,False,2022-01-18T14:13:59.3784064+01:00
False,16,1920,1080,U8,3,1920,1080,5760,831385680,0,0,0,1920,1080,False,2022-01-18T14:13:59.4118144+01:00
False,16,1920,1080,U8,3,1920,1080,5760,844451920,0,0,0,1920,1080,False,2022-01-18T14:13:59.4454400+01:00
False,16,1920,1080,U8,3,1920,1080,5760,806178896,0,0,0,1920,1080,False,2022-01-18T14:13:59.4784256+01:00
False,16,1920,1080,U8,3,1920,1080,5760,812458064,0,0,0,1920,1080,False,2022-01-18T14:13:59.5117056+01:00
False,16,1920,1080,U8,3,1920,1080,5760,850735184,0,0,0,1920,1080,False,2022-01-18T14:13:59.5460352+01:00
False,16,1920,1080,U8,3,1920,1080,5760,988033104,0,0,0,1920,1080,False,2022-01-18T14:13:59.5782272+01:00
False,16,1920,1080,U8,3,1920,1080,5760,994349136,0,0,0,1920,1080,False,2022-01-18T14:13:59.6114432+01:00
False,16,1920,1080,U8,3,1920,1080,5760,1000652880,0,0,0,1920,1080,False,2022-01-18T14:13:59.6462720+01:00
False,16,1920,1080,U8,3,1920,1080,5760,1149947984,0,0,0,1920,1080,False,2022-01-18T14:13:59.6783488+01:00
False,16,1920,1080,U8,3,1920,1080,5760,1156223056,0,0,0,1920,1080,False,2022-01-18T14:13:59.7117952+01:00
False,16,1920,1080,U8,3,1920,1080,5760,1162526800,0,0,0,1920,1080,False,2022-01-18T14:13:59.7447680+01:00
False,16,1920,1080,U8,3,1920,1080,5760,1168781392,0,0,0,1920,1080,False,2022-01-18T14:13:59.7783040+01:00
False,16,1920,1080,U8,3,1920,1080,5760,806215760,0,0,0,1920,1080,False,2022-01-18T14:13:59.8131072+01:00
False,16,1920,1080,U8,3,1920,1080,5760,812453968,0,0,0,1920,1080,False,2022-01-18T14:13:59.8462720+01:00
False,16,1920,1080,U8,3,1920,1080,5760,818749520,0,0,0,1920,1080,False,2022-01-18T14:13:59.8781184+01:00
False,16,1920,1080,U8,3,1920,1080,5760,825036880,0,0,0,1920,1080,False,2022-01-18T14:13:59.9129472+01:00
False,16,1920,1080,U8,3,1920,1080,5760,806162512,0,0,0,1920,1080,False,2022-01-18T14:13:59.9446016+01:00
False,16,1920,1080,U8,3,1920,1080,5760,812470352,0,0,0,1920,1080,False,2022-01-18T14:13:59.9774464+01:00
False,16,1920,1080,U8,3,1920,1080,5760,831344720,0,0,0,1920,1080,False,2022-01-18T14:14:00.0118528+01:00
False,16,1920,1080,U8,3,1920,1080,5760,844468304,0,0,0,1920,1080,False,2022-01-18T14:14:00.0461952+01:00
False,16,1920,1080,U8,3,1920,1080,5760,806178896,0,0,0,1920,1080,False,2022-01-18T14:14:00.0776192+01:00
False,16,1920,1080,U8,3,1920,1080,5760,812494928,0,0,0,1920,1080,False,2022-01-18T14:14:00.1117824+01:00
False,16,1920,1080,U8,3,1920,1080,5760,850780240,0,0,0,1920,1080,False,2022-01-18T14:14:00.1453056+01:00
False,16,1920,1080,U8,3,1920,1080,5760,988049488,0,0,0,1920,1080,False,2022-01-18T14:14:00.1787136+01:00
False,16,1920,1080,U8,3,1920,1080,5760,994340944,0,0,0,1920,1080,False,2022-01-18T14:14:00.2123008+01:00
False,16,1920,1080,U8,3,1920,1080,5760,1000661072,0,0,0,1920,1080,False,2022-01-18T14:14:00.2450816+01:00
False,16,1920,1080,U8,3,1920,1080,5760,1149956176,0,0,0,1920,1080,False,2022-01-18T14:14:00.2786560+01:00
False,16,1920,1080,U8,3,1920,1080,5760,1156227152,0,0,0,1920,1080,False,2022-01-18T14:14:00.3116672+01:00
False,16,1920,1080,U8,3,1920,1080,5760,1162526800,0,0,0,1920,1080,False,2022-01-18T14:14:00.3454848+01:00
False,16,1920,1080,U8,3,1920,1080,5760,1168805968,0,0,0,1920,1080,False,2022-01-18T14:14:00.3784192+01:00
False,16,1920,1080,U8,3,1920,1080,5760,806170704,0,0,0,1920,1080,False,2022-01-18T14:14:00.4117120+01:00
False,16,1920,1080,U8,3,1920,1080,5760,812466256,0,0,0,1920,1080,False,2022-01-18T14:14:00.4461696+01:00
False,16,1920,1080,U8,3,1920,1080,5760,818757712,0,0,0,1920,1080,False,2022-01-18T14:14:00.4796032+01:00
False,16,1920,1080,U8,3,1920,1080,5760,825049168,0,0,0,1920,1080,False,2022-01-18T14:14:00.5130624+01:00
False,16,1920,1080,U8,3,1920,1080,5760,806195280,0,0,0,1920,1080,False,2022-01-18T14:14:00.5451520+01:00
False,16,1920,1080,U8,3,1920,1080,5760,812470352,0,0,0,1920,1080,False,2022-01-18T14:14:00.5779584+01:00
False,16,1920,1080,U8,3,1920,1080,5760,831324240,0,0,0,1920,1080,False,2022-01-18T14:14:00.6123392+01:00
False,16,1920,1080,U8,3,1920,1080,5760,844456016,0,0,0,1920,1080,False,2022-01-18T14:14:00.6454784+01:00
False,16,1920,1080,U8,3,1920,1080,5760,806178896,0,0,0,1920,1080,False,2022-01-18T14:14:00.6780672+01:00
False,16,1920,1080,U8,3,1920,1080,5760,812478544,0,0,0,1920,1080,False,2022-01-18T14:14:00.7109120+01:00
False,16,1920,1080,U8,3,1920,1080,5760,850776144,0,0,0,1920,1080,False,2022-01-18T14:14:00.7463168+01:00
False,16,1920,1080,U8,3,1920,1080,5760,988074064,0,0,0,1920,1080,False,2022-01-18T14:14:00.7778048+01:00
False,16,1920,1080,U8,3,1920,1080,5760,994357328,0,0,0,1920,1080,False,2022-01-18T14:14:00.8110976+01:00
False,16,1920,1080,U8,3,1920,1080,5760,1000665168,0,0,0,1920,1080,False,2022-01-18T14:14:00.8455808+01:00
False,16,1920,1080,U8,3,1920,1080,5760,1149911120,0,0,0,1920,1080,False,2022-01-18T14:14:00.8780672+01:00
False,16,1920,1080,U8,3,1920,1080,5760,1156206672,0,0,0,1920,1080,False,2022-01-18T14:14:00.9129216+01:00
False,16,1920,1080,U8,3,1920,1080,5760,1162514512,0,0,0,1920,1080,False,2022-01-18T14:14:00.9458048+01:00
False,16,1920,1080,U8,3,1920,1080,5760,1168814160,0,0,0,1920,1080,False,2022-01-18T14:14:00.9788928+01:00
False,16,1920,1080,U8,3,1920,1080,5760,806199376,0,0,0,1920,1080,False,2022-01-18T14:14:01.0109824+01:00
False,16,1920,1080,U8,3,1920,1080,5760,812503120,0,0,0,1920,1080,False,2022-01-18T14:14:01.0457728+01:00
False,16,1920,1080,U8,3,1920,1080,5760,818798672,0,0,0,1920,1080,False,2022-01-18T14:14:01.0795776+01:00
False,16,1920,1080,U8,3,1920,1080,5760,825061456,0,0,0,1920,1080,False,2022-01-18T14:14:01.1130240+01:00
False,16,1920,1080,U8,3,1920,1080,5760,806170704,0,0,0,1920,1080,False,2022-01-18T14:14:01.1445504+01:00
False,16,1920,1080,U8,3,1920,1080,5760,812503120,0,0,0,1920,1080,False,2022-01-18T14:14:01.1795328+01:00
False,16,1920,1080,U8,3,1920,1080,5760,831377488,0,0,0,1920,1080,False,2022-01-18T14:14:01.2130432+01:00
False,16,1920,1080,U8,3,1920,1080,5760,844488784,0,0,0,1920,1080,False,2022-01-18T14:14:01.2460032+01:00
False,16,1920,1080,U8,3,1920,1080,5760,806207568,0,0,0,1920,1080,False,2022-01-18T14:14:01.2775552+01:00
False,16,1920,1080,U8,3,1920,1080,5760,812482640,0,0,0,1920,1080,False,2022-01-18T14:14:01.3112576+01:00
False,16,1920,1080,U8,3,1920,1080,5760,850722896,0,0,0,1920,1080,False,2022-01-18T14:14:01.3459840+01:00
False,16,1920,1080,U8,3,1920,1080,5760,988069968,0,0,0,1920,1080,False,2022-01-18T14:14:01.3798656+01:00
False,16,1920,1080,U8,3,1920,1080,5760,994361424,0,0,0,1920,1080,False,2022-01-18T14:14:01.4118784+01:00
False,16,1920,1080,U8,3,1920,1080,5760,1000628304,0,0,0,1920,1080,False,2022-01-18T14:14:01.4459904+01:00
False,16,1920,1080,U8,3,1920,1080,5760,1149927504,0,0,0,1920,1080,False,2022-01-18T14:14:01.4785024+01:00
False,16,1920,1080,U8,3,1920,1080,5760,1156206672,0,0,0,1920,1080,False,2022-01-18T14:14:01.5117440+01:00
False,16,1920,1080,U8,3,1920,1080,5760,1162530896,0,0,0,1920,1080,False,2022-01-18T14:14:01.5460224+01:00
False,16,1920,1080,U8,3,1920,1080,5760,1168785488,0,0,0,1920,1080,False,2022-01-18T14:14:01.5782528+01:00
False,16,1920,1080,U8,3,1920,1080,5760,806199376,0,0,0,1920,1080,False,2022-01-18T14:14:01.6118528+01:00
False,16,1920,1080,U8,3,1920,1080,5760,812470352,0,0,0,1920,1080,False,2022-01-18T14:14:01.6455552+01:00
False,16,1920,1080,U8,3,1920,1080,5760,818753616,0,0,0,1920,1080,False,2022-01-18T14:14:01.6790528+01:00
False,16,1920,1080,U8,3,1920,1080,5760,825040976,0,0,0,1920,1080,False,2022-01-18T14:14:01.7135488+01:00
False,16,1920,1080,U8,3,1920,1080,5760,806170704,0,0,0,1920,1080,False,2022-01-18T14:14:01.7460992+01:00
False,16,1920,1080,U8,3,1920,1080,5760,812458064,0,0,0,1920,1080,False,2022-01-18T14:14:01.7785600+01:00
False,16,1920,1080,U8,3,1920,1080,5760,831385680,0,0,0,1920,1080,False,2022-01-18T14:14:01.8118784+01:00
False,16,1920,1080,U8,3,1920,1080,5760,844435536,0,0,0,1920,1080,False,2022-01-18T14:14:01.8458368+01:00
False,16,1920,1080,U8,3,1920,1080,5760,806162512,0,0,0,1920,1080,False,2022-01-18T14:14:01.8790656+01:00
False,16,1920,1080,U8,3,1920,1080,5760,812507216,0,0,0,1920,1080,False,2022-01-18T14:14:01.9122688+01:00
False,16,1920,1080,U8,3,1920,1080,5760,850731088,0,0,0,1920,1080,False,2022-01-18T14:14:01.9462272+01:00
False,16,1920,1080,U8,3,1920,1080,5760,988074064,0,0,0,1920,1080,False,2022-01-18T14:14:01.9789056+01:00
False,16,1920,1080,U8,3,1920,1080,5760,994357328,0,0,0,1920,1080,False,2022-01-18T14:14:02.0120832+01:00
False,16,1920,1080,U8,3,1920,1080,5760,1000636496,0,0,0,1920,1080,False,2022-01-18T14:14:02.0461312+01:00
False,16,1920,1080,U8,3,1920,1080,5760,1149923408,0,0,0,1920,1080,False,2022-01-18T14:14:02.0790528+01:00
False,16,1920,1080,U8,3,1920,1080,5760,1156210768,0,0,0,1920,1080,False,2022-01-18T14:14:02.1121536+01:00
False,16,1920,1080,U8,3,1920,1080,5760,1162526800,0,0,0,1920,1080,False,2022-01-18T14:14:02.1452544+01:00
False,16,1920,1080,U8,3,1920,1080,5760,1168773200,0,0,0,1920,1080,False,2022-01-18T14:14:02.1795456+01:00
False,16,1920,1080,U8,3,1920,1080,5760,806203472,0,0,0,1920,1080,False,2022-01-18T14:14:02.2128896+01:00
False,16,1920,1080,U8,3,1920,1080,5760,812507216,0,0,0,1920,1080,False,2022-01-18T14:14:02.2444416+01:00
False,16,1920,1080,U8,3,1920,1080,5760,818794576,0,0,0,1920,1080,False,2022-01-18T14:14:02.2790016+01:00
False,16,1920,1080,U8,3,1920,1080,5760,825057360,0,0,0,1920,1080,False,2022-01-18T14:14:02.3121792+01:00
False,16,1920,1080,U8,3,1920,1080,5760,806178896,0,0,0,1920,1080,False,2022-01-18T14:14:02.3458688+01:00
False,16,1920,1080,U8,3,1920,1080,5760,812482640,0,0,0,1920,1080,False,2022-01-18T14:14:02.3790336+01:00
False,16,1920,1080,U8,3,1920,1080,5760,831328336,0,0,0,1920,1080,False,2022-01-18T14:14:02.4132608+01:00
False,16,1920,1080,U8,3,1920,1080,5760,844476496,0,0,0,1920,1080,False,2022-01-18T14:14:02.4451456+01:00
False,16,1920,1080,U8,3,1920,1080,5760,806195280,0,0,0,1920,1080,False,2022-01-18T14:14:02.4787328+01:00
False,16,1920,1080,U8,3,1920,1080,5760,812499024,0,0,0,1920,1080,False,2022-01-18T14:14:02.5120768+01:00
False,16,1920,1080,U8,3,1920,1080,5760,850726992,0,0,0,1920,1080,False,2022-01-18T14:14:02.5454208+01:00
False,16,1920,1080,U8,3,1920,1080,5760,988049488,0,0,0,1920,1080,False,2022-01-18T14:14:02.5787648+01:00
False,16,1920,1080,U8,3,1920,1080,5760,994336848,0,0,0,1920,1080,False,2022-01-18T14:14:02.6118912+01:00
False,16,1920,1080,U8,3,1920,1080,5760,1000640592,0,0,0,1920,1080,False,2022-01-18T14:14:02.6467712+01:00
False,16,1920,1080,U8,3,1920,1080,5760,1149894736,0,0,0,1920,1080,False,2022-01-18T14:14:02.6792704+01:00
False,16,1920,1080,U8,3,1920,1080,5760,1156120656,0,0,0,1920,1080,False,2022-01-18T14:14:02.7121792+01:00
False,16,1920,1080,U8,3,1920,1080,5760,1162399824,0,0,0,1920,1080,False,2022-01-18T14:14:02.7456256+01:00
False,16,1920,1080,U8,3,1920,1080,5760,1168670800,0,0,0,1920,1080,False,2022-01-18T14:14:02.7795840+01:00
False,16,1920,1080,U8,3,1920,1080,5760,806174800,0,0,0,1920,1080,False,2022-01-18T14:14:02.8118912+01:00
False,16,1920,1080,U8,3,1920,1080,5760,812462160,0,0,0,1920,1080,False,2022-01-18T14:14:02.8446720+01:00
False,16,1920,1080,U8,3,1920,1080,5760,818741328,0,0,0,1920,1080,False,2022-01-18T14:14:02.8783744+01:00
False,16,1920,1080,U8,3,1920,1080,5760,824983632,0,0,0,1920,1080,False,2022-01-18T14:14:02.9126400+01:00
False,16,1920,1080,U8,3,1920,1080,5760,806219856,0,0,0,1920,1080,False,2022-01-18T14:14:02.9456384+01:00
False,16,1920,1080,U8,3,1920,1080,5760,812490832,0,0,0,1920,1080,False,2022-01-18T14:14:02.9787392+01:00
False,16,1920,1080,U8,3,1920,1080,5760,831316048,0,0,0,1920,1080,False,2022-01-18T14:14:03.0121856+01:00
False,16,1920,1080,U8,3,1920,1080,5760,844431440,0,0,0,1920,1080,False,2022-01-18T14:14:03.0454784+01:00
False,16,1920,1080,U8,3,1920,1080,5760,806219856,0,0,0,1920,1080,False,2022-01-18T14:14:03.0775552+01:00
False,16,1920,1080,U8,3,1920,1080,5760,812511312,0,0,0,1920,1080,False,2022-01-18T14:14:03.1132416+01:00
False,16,1920,1080,U8,3,1920,1080,5760,850714704,0,0,0,1920,1080,False,2022-01-18T14:14:03.1466240+01:00
False,16,1920,1080,U8,3,1920,1080,5760,988024912,0,0,0,1920,1080,False,2022-01-18T14:14:03.1793280+01:00
False,16,1920,1080,U8,3,1920,1080,5760,994312272,0,0,0,1920,1080,False,2022-01-18T14:14:03.2124544+01:00
False,16,1920,1080,U8,3,1920,1080,5760,1000546384,0,0,0,1920,1080,False,2022-01-18T14:14:03.2460032+01:00
False,16,1920,1080,U8,3,1920,1080,5760,1149927504,0,0,0,1920,1080,False,2022-01-18T14:14:03.2789632+01:00
False,16,1920,1080,U8,3,1920,1080,5760,1156194384,0,0,0,1920,1080,False,2022-01-18T14:14:03.3106176+01:00
False,16,1920,1080,U8,3,1920,1080,5760,1162514512,0,0,0,1920,1080,False,2022-01-18T14:14:03.3457024+01:00
False,16,1920,1080,U8,3,1920,1080,5760,1168769104,0,0,0,1920,1080,False,2022-01-18T14:14:03.3785344+01:00
False,16,1920,1080,U8,3,1920,1080,5760,806203472,0,0,0,1920,1080,False,2022-01-18T14:14:03.4110464+01:00
False,16,1920,1080,U8,3,1920,1080,5760,812458064,0,0,0,1920,1080,False,2022-01-18T14:14:03.4450688+01:00
False,16,1920,1080,U8,3,1920,1080,5760,818770000,0,0,0,1920,1080,False,2022-01-18T14:14:03.4791552+01:00
False,16,1920,1080,U8,3,1920,1080,5760,825049168,0,0,0,1920,1080,False,2022-01-18T14:14:03.5131392+01:00
False,16,1920,1080,U8,3,1920,1080,5760,806211664,0,0,0,1920,1080,False,2022-01-18T14:14:03.5450112+01:00
False,16,1920,1080,U8,3,1920,1080,5760,812470352,0,0,0,1920,1080,False,2022-01-18T14:14:03.5790720+01:00
False,16,1920,1080,U8,3,1920,1080,5760,831340624,0,0,0,1920,1080,False,2022-01-18T14:14:03.6128768+01:00
False,16,1920,1080,U8,3,1920,1080,5760,844456016,0,0,0,1920,1080,False,2022-01-18T14:14:03.6454144+01:00
False,16,1920,1080,U8,3,1920,1080,5760,806215760,0,0,0,1920,1080,False,2022-01-18T14:14:03.6784896+01:00
False,16,1920,1080,U8,3,1920,1080,5760,812449872,0,0,0,1920,1080,False,2022-01-18T14:14:03.7125504+01:00
False,16,1920,1080,U8,3,1920,1080,5760,850772048,0,0,0,1920,1080,False,2022-01-18T14:14:03.7450240+01:00
False,16,1920,1080,U8,3,1920,1080,5760,988065872,0,0,0,1920,1080,False,2022-01-18T14:14:03.7774976+01:00
False,16,1920,1080,U8,3,1920,1080,5760,994353232,0,0,0,1920,1080,False,2022-01-18T14:14:03.8104448+01:00
False,16,1920,1080,U8,3,1920,1080,5760,1000652880,0,0,0,1920,1080,False,2022-01-18T14:14:03.8452352+01:00
False,16,1920,1080,U8,3,1920,1080,5760,1149939792,0,0,0,1920,1080,False,2022-01-18T14:14:03.8782976+01:00
False,16,1920,1080,U8,3,1920,1080,5760,1156227152,0,0,0,1920,1080,False,2022-01-18T14:14:03.9125760+01:00
False,16,1920,1080,U8,3,1920,1080,5760,1162481744,0,0,0,1920,1080,False,2022-01-18T14:14:03.9456768+01:00
False,16,1920,1080,U8,3,1920,1080,5760,1168789584,0,0,0,1920,1080,False,2022-01-18T14:14:03.9802112+01:00
False,16,1920,1080,U8,3,1920,1080,5760,806195280,0,0,0,1920,1080,False,2022-01-18T14:14:04.0130560+01:00
False,16,1920,1080,U8,3,1920,1080,5760,812499024,0,0,0,1920,1080,False,2022-01-18T14:14:04.0451840+01:00
False,16,1920,1080,U8,3,1920,1080,5760,818798672,0,0,0,1920,1080,False,2022-01-18T14:14:04.0797184+01:00
False,16,1920,1080,U8,3,1920,1080,5760,825069648,0,0,0,1920,1080,False,2022-01-18T14:14:04.1137536+01:00
False,16,1920,1080,U8,3,1920,1080,5760,806211664,0,0,0,1920,1080,False,2022-01-18T14:14:04.1467648+01:00
False,16,1920,1080,U8,3,1920,1080,5760,812494928,0,0,0,1920,1080,False,2022-01-18T14:14:04.1786880+01:00
False,16,1920,1080,U8,3,1920,1080,5760,831344720,0,0,0,1920,1080,False,2022-01-18T14:14:04.2127104+01:00
False,16,1920,1080,U8,3,1920,1080,5760,844492880,0,0,0,1920,1080,False,2022-01-18T14:14:04.2457216+01:00
False,16,1920,1080,U8,3,1920,1080,5760,806178896,0,0,0,1920,1080,False,2022-01-18T14:14:04.2779392+01:00
False,16,1920,1080,U8,3,1920,1080,5760,812470352,0,0,0,1920,1080,False,2022-01-18T14:14:04.3111296+01:00
False,16,1920,1080,U8,3,1920,1080,5760,850751568,0,0,0,1920,1080,False,2022-01-18T14:14:04.3458048+01:00
False,16,1920,1080,U8,3,1920,1080,5760,988020816,0,0,0,1920,1080,False,2022-01-18T14:14:04.3795712+01:00
False,16,1920,1080,U8,3,1920,1080,5760,994291792,0,0,0,1920,1080,False,2022-01-18T14:14:04.4114176+01:00
False,16,1920,1080,U8,3,1920,1080,5760,1000587344,0,0,0,1920,1080,False,2022-01-18T14:14:04.4457088+01:00
False,16,1920,1080,U8,3,1920,1080,5760,1149915216,0,0,0,1920,1080,False,2022-01-18T14:14:04.4793856+01:00
False,16,1920,1080,U8,3,1920,1080,5760,1156202576,0,0,0,1920,1080,False,2022-01-18T14:14:04.5109504+01:00
False,16,1920,1080,U8,3,1920,1080,5760,1162530896,0,0,0,1920,1080,False,2022-01-18T14:14:04.5465984+01:00
False,16,1920,1080,U8,3,1920,1080,5760,1168773200,0,0,0,1920,1080,False,2022-01-18T14:14:04.5786880+01:00
False,16,1920,1080,U8,3,1920,1080,5760,806178896,0,0,0,1920,1080,False,2022-01-18T14:14:04.6125568+01:00
False,16,1920,1080,U8,3,1920,1080,5760,812511312,0,0,0,1920,1080,False,2022-01-18T14:14:04.6462848+01:00
False,16,1920,1080,U8,3,1920,1080,5760,818761808,0,0,0,1920,1080,False,2022-01-18T14:14:04.6784000+01:00
False,16,1920,1080,U8,3,1920,1080,5760,825040976,0,0,0,1920,1080,False,2022-01-18T14:14:04.7119488+01:00
False,16,1920,1080,U8,3,1920,1080,5760,806174800,0,0,0,1920,1080,False,2022-01-18T14:14:04.7458304+01:00
False,16,1920,1080,U8,3,1920,1080,5760,812486736,0,0,0,1920,1080,False,2022-01-18T14:14:04.7793024+01:00
False,16,1920,1080,U8,3,1920,1080,5760,831357008,0,0,0,1920,1080,False,2022-01-18T14:14:04.8135040+01:00
False,16,1920,1080,U8,3,1920,1080,5760,844439632,0,0,0,1920,1080,False,2022-01-18T14:14:04.8457472+01:00
False,16,1920,1080,U8,3,1920,1080,5760,806166608,0,0,0,1920,1080,False,2022-01-18T14:14:04.8785536+01:00
False,16,1920,1080,U8,3,1920,1080,5760,812507216,0,0,0,1920,1080,False,2022-01-18T14:14:04.9113216+01:00
False,16,1920,1080,U8,3,1920,1080,5760,850743376,0,0,0,1920,1080,False,2022-01-18T14:14:04.9460224+01:00
False,16,1920,1080,U8,3,1920,1080,5760,988057680,0,0,0,1920,1080,False,2022-01-18T14:14:04.9785600+01:00
False,16,1920,1080,U8,3,1920,1080,5760,994340944,0,0,0,1920,1080,False,2022-01-18T14:14:05.0114688+01:00
False,16,1920,1080,U8,3,1920,1080,5760,1000636496,0,0,0,1920,1080,False,2022-01-18T14:14:05.0456192+01:00
False,16,1920,1080,U8,3,1920,1080,5760,1149894736,0,0,0,1920,1080,False,2022-01-18T14:14:05.0784512+01:00
False,16,1920,1080,U8,3,1920,1080,5760,1156169808,0,0,0,1920,1080,False,2022-01-18T14:14:05.1112064+01:00
False,16,1920,1080,U8,3,1920,1080,5760,1162461264,0,0,0,1920,1080,False,2022-01-18T14:14:05.1457280+01:00
False,16,1920,1080,U8,3,1920,1080,5760,1168756816,0,0,0,1920,1080,False,2022-01-18T14:14:05.1803264+01:00
False,16,1920,1080,U8,3,1920,1080,5760,806170704,0,0,0,1920,1080,False,2022-01-18T14:14:05.2125824+01:00
False,16,1920,1080,U8,3,1920,1080,5760,812511312,0,0,0,1920,1080,False,2022-01-18T14:14:05.2462976+01:00
False,16,1920,1080,U8,3,1920,1080,5760,818765904,0,0,0,1920,1080,False,2022-01-18T14:14:05.2799104+01:00
False,16,1920,1080,U8,3,1920,1080,5760,825094224,0,0,0,1920,1080,False,2022-01-18T14:14:05.3125120+01:00
False,16,1920,1080,U8,3,1920,1080,5760,806199376,0,0,0,1920,1080,False,2022-01-18T14:14:05.3453184+01:00
False,16,1920,1080,U8,3,1920,1080,5760,812458064,0,0,0,1920,1080,False,2022-01-18T14:14:05.3783040+01:00
False,16,1920,1080,U8,3,1920,1080,5760,831377488,0,0,0,1920,1080,False,2022-01-18T14:14:05.4130176+01:00
False,16,1920,1080,U8,3,1920,1080,5760,844468304,0,0,0,1920,1080,False,2022-01-18T14:14:05.4467712+01:00
False,16,1920,1080,U8,3,1920,1080,5760,806166608,0,0,0,1920,1080,False,2022-01-18T14:14:05.4793984+01:00
False,16,1920,1080,U8,3,1920,1080,5760,812474448,0,0,0,1920,1080,False,2022-01-18T14:14:05.5128960+01:00
False,16,1920,1080,U8,3,1920,1080,5760,850755664,0,0,0,1920,1080,False,2022-01-18T14:14:05.5463424+01:00
False,16,1920,1080,U8,3,1920,1080,5760,988082256,0,0,0,1920,1080,False,2022-01-18T14:14:05.5783040+01:00
False,16,1920,1080,U8,3,1920,1080,5760,994312272,0,0,0,1920,1080,False,2022-01-18T14:14:05.6113024+01:00
False,16,1920,1080,U8,3,1920,1080,5760,1000579152,0,0,0,1920,1080,False,2022-01-18T14:14:05.6466304+01:00
False,16,1920,1080,U8,3,1920,1080,5760,1149952080,0,0,0,1920,1080,False,2022-01-18T14:14:05.6791040+01:00
False,16,1920,1080,U8,3,1920,1080,5760,1156210768,0,0,0,1920,1080,False,2022-01-18T14:14:05.7117184+01:00
False,16,1920,1080,U8,3,1920,1080,5760,1162526800,0,0,0,1920,1080,False,2022-01-18T14:14:05.7453696+01:00
False,16,1920,1080,U8,3,1920,1080,5760,1168785488,0,0,0,1920,1080,False,2022-01-18T14:14:05.7797888+01:00
False,16,1920,1080,U8,3,1920,1080,5760,806187088,0,0,0,1920,1080,False,2022-01-18T14:14:05.8110848+01:00
False,16,1920,1080,U8,3,1920,1080,5760,812458064,0,0,0,1920,1080,False,2022-01-18T14:14:05.8451072+01:00
False,16,1920,1080,U8,3,1920,1080,5760,818774096,0,0,0,1920,1080,False,2022-01-18T14:14:05.8789760+01:00
False,16,1920,1080,U8,3,1920,1080,5760,825040976,0,0,0,1920,1080,False,2022-01-18T14:14:05.9131008+01:00
False,16,1920,1080,U8,3,1920,1080,5760,806199376,0,0,0,1920,1080,False,2022-01-18T14:14:05.9452416+01:00
False,16,1920,1080,U8,3,1920,1080,5760,812494928,0,0,0,1920,1080,False,2022-01-18T14:14:05.9781504+01:00
False,16,1920,1080,U8,3,1920,1080,5760,831377488,0,0,0,1920,1080,False,2022-01-18T14:14:06.0124544+01:00
False,16,1920,1080,U8,3,1920,1080,5760,844456016,0,0,0,1920,1080,False,2022-01-18T14:14:06.0456960+01:00
False,16,1920,1080,U8,3,1920,1080,5760,806207568,0,0,0,1920,1080,False,2022-01-18T14:14:06.0788608+01:00
False,16,1920,1080,U8,3,1920,1080,5760,812511312,0,0,0,1920,1080,False,2022-01-18T14:14:06.1121920+01:00
False,16,1920,1080,U8,3,1920,1080,5760,850726992,0,0,0,1920,1080,False,2022-01-18T14:14:06.1456128+01:00
False,16,1920,1080,U8,3,1920,1080,5760,988069968,0,0,0,1920,1080,False,2022-01-18T14:14:06.1782016+01:00
False,16,1920,1080,U8,3,1920,1080,5760,994312272,0,0,0,1920,1080,False,2022-01-18T14:14:06.2124288+01:00
False,16,1920,1080,U8,3,1920,1080,5760,1000583248,0,0,0,1920,1080,False,2022-01-18T14:14:06.2460800+01:00
False,16,1920,1080,U8,3,1920,1080,5760,1149943888,0,0,0,1920,1080,False,2022-01-18T14:14:06.2792576+01:00
False,16,1920,1080,U8,3,1920,1080,5760,1156239440,0,0,0,1920,1080,False,2022-01-18T14:14:06.3121664+01:00
False,16,1920,1080,U8,3,1920,1080,5760,1162481744,0,0,0,1920,1080,False,2022-01-18T14:14:06.3463808+01:00
False,16,1920,1080,U8,3,1920,1080,5760,1168826448,0,0,0,1920,1080,False,2022-01-18T14:14:06.3800704+01:00
False,16,1920,1080,U8,3,1920,1080,5760,806178896,0,0,0,1920,1080,False,2022-01-18T14:14:06.4125184+01:00
False,16,1920,1080,U8,3,1920,1080,5760,812458064,0,0,0,1920,1080,False,2022-01-18T14:14:06.4455040+01:00
False,16,1920,1080,U8,3,1920,1080,5760,818802768,0,0,0,1920,1080,False,2022-01-18T14:14:06.4796800+01:00
False,16,1920,1080,U8,3,1920,1080,5760,825086032,0,0,0,1920,1080,False,2022-01-18T14:14:06.5129728+01:00
False,16,1920,1080,U8,3,1920,1080,5760,806199376,0,0,0,1920,1080,False,2022-01-18T14:14:06.5459712+01:00
False,16,1920,1080,U8,3,1920,1080,5760,812458064,0,0,0,1920,1080,False,2022-01-18T14:14:06.5783936+01:00
False,16,1920,1080,U8,3,1920,1080,5760,831324240,0,0,0,1920,1080,False,2022-01-18T14:14:06.6122112+01:00
False,16,1920,1080,U8,3,1920,1080,5760,844484688,0,0,0,1920,1080,False,2022-01-18T14:14:06.6462336+01:00
False,16,1920,1080,U8,3,1920,1080,5760,806211664,0,0,0,1920,1080,False,2022-01-18T14:14:06.6785920+01:00
False,16,1920,1080,U8,3,1920,1080,5760,812474448,0,0,0,1920,1080,False,2022-01-18T14:14:06.7125376+01:00
False,16,1920,1080,U8,3,1920,1080,5760,850780240,0,0,0,1920,1080,False,2022-01-18T14:14:06.7462784+01:00
False,16,1920,1080,U8,3,1920,1080,5760,988020816,0,0,0,1920,1080,False,2022-01-18T14:14:06.7790080+01:00
False,16,1920,1080,U8,3,1920,1080,5760,994246736,0,0,0,1920,1080,False,2022-01-18T14:14:06.8119808+01:00
False,16,1920,1080,U8,3,1920,1080,5760,1000513616,0,0,0,1920,1080,False,2022-01-18T14:14:06.8457344+01:00
False,16,1920,1080,U8,3,1920,1080,5760,1149919312,0,0,0,1920,1080,False,2022-01-18T14:14:06.8791936+01:00
False,16,1920,1080,U8,3,1920,1080,5760,1156214864,0,0,0,1920,1080,False,2022-01-18T14:14:06.9122304+01:00
False,16,1920,1080,U8,3,1920,1080,5760,1162489936,0,0,0,1920,1080,False,2022-01-18T14:14:06.9455744+01:00
False,16,1920,1080,U8,3,1920,1080,5760,1168805968,0,0,0,1920,1080,False,2022-01-18T14:14:06.9794688+01:00
False,16,1920,1080,U8,3,1920,1080,5760,806162512,0,0,0,1920,1080,False,2022-01-18T14:14:07.0115456+01:00
False,16,1920,1080,U8,3,1920,1080,5760,812474448,0,0,0,1920,1080,False,2022-01-18T14:14:07.0457216+01:00
False,16,1920,1080,U8,3,1920,1080,5760,818757712,0,0,0,1920,1080,False,2022-01-18T14:14:07.0799232+01:00
False,16,1920,1080,U8,3,1920,1080,5760,825073744,0,0,0,1920,1080,False,2022-01-18T14:14:07.1148160+01:00
False,16,1920,1080,U8,3,1920,1080,5760,806203472,0,0,0,1920,1080,False,2022-01-18T14:14:07.1457920+01:00
False,16,1920,1080,U8,3,1920,1080,5760,812499024,0,0,0,1920,1080,False,2022-01-18T14:14:07.1800576+01:00
False,16,1920,1080,U8,3,1920,1080,5760,831385680,0,0,0,1920,1080,False,2022-01-18T14:14:07.2138112+01:00
False,16,1920,1080,U8,3,1920,1080,5760,844431440,0,0,0,1920,1080,False,2022-01-18T14:14:07.2469248+01:00
False,16,1920,1080,U8,3,1920,1080,5760,806170704,0,0,0,1920,1080,False,2022-01-18T14:14:07.2789888+01:00
False,16,1920,1080,U8,3,1920,1080,5760,812511312,0,0,0,1920,1080,False,2022-01-18T14:14:07.3125632+01:00
False,16,1920,1080,U8,3,1920,1080,5760,850657360,0,0,0,1920,1080,False,2022-01-18T14:14:07.3472896+01:00
False,16,1920,1080,U8,3,1920,1080,5760,988053584,0,0,0,1920,1080,False,2022-01-18T14:14:07.3792768+01:00
False,16,1920,1080,U8,3,1920,1080,5760,994361424,0,0,0,1920,1080,False,2022-01-18T14:14:07.4126848+01:00
False,16,1920,1080,U8,3,1920,1080,5760,1000632400,0,0,0,1920,1080,False,2022-01-18T14:14:07.4469632+01:00
False,16,1920,1080,U8,3,1920,1080,5760,1149919312,0,0,0,1920,1080,False,2022-01-18T14:14:07.4794624+01:00
False,16,1920,1080,U8,3,1920,1080,5760,1156198480,0,0,0,1920,1080,False,2022-01-18T14:14:07.5127808+01:00
False,16,1920,1080,U8,3,1920,1080,5760,1162481744,0,0,0,1920,1080,False,2022-01-18T14:14:07.5459840+01:00
False,16,1920,1080,U8,3,1920,1080,5760,1168781392,0,0,0,1920,1080,False,2022-01-18T14:14:07.5797120+01:00
False,16,1920,1080,U8,3,1920,1080,5760,806211664,0,0,0,1920,1080,False,2022-01-18T14:14:07.6123136+01:00
False,16,1920,1080,U8,3,1920,1080,5760,812474448,0,0,0,1920,1080,False,2022-01-18T14:14:07.6459776+01:00
False,16,1920,1080,U8,3,1920,1080,5760,818761808,0,0,0,1920,1080,False,2022-01-18T14:14:07.6794368+01:00
False,16,1920,1080,U8,3,1920,1080,5760,825094224,0,0,0,1920,1080,False,2022-01-18T14:14:07.7150592+01:00
False,16,1920,1080,U8,3,1920,1080,5760,806195280,0,0,0,1920,1080,False,2022-01-18T14:14:07.7456128+01:00
False,16,1920,1080,U8,3,1920,1080,5760,812478544,0,0,0,1920,1080,False,2022-01-18T14:14:07.7790720+01:00
False,16,1920,1080,U8,3,1920,1080,5760,831365200,0,0,0,1920,1080,False,2022-01-18T14:14:07.8130048+01:00
False,16,1920,1080,U8,3,1920,1080,5760,844443728,0,0,0,1920,1080,False,2022-01-18T14:14:07.8462720+01:00
False,16,1920,1080,U8,3,1920,1080,5760,806187088,0,0,0,1920,1080,False,2022-01-18T14:14:07.8794368+01:00
False,16,1920,1080,U8,3,1920,1080,5760,812494928,0,0,0,1920,1080,False,2022-01-18T14:14:07.9127808+01:00
False,16,1920,1080,U8,3,1920,1080,5760,850722896,0,0,0,1920,1080,False,2022-01-18T14:14:07.9462912+01:00
False,16,1920,1080,U8,3,1920,1080,5760,988082256,0,0,0,1920,1080,False,2022-01-18T14:14:07.9790848+01:00
False,16,1920,1080,U8,3,1920,1080,5760,994373712,0,0,0,1920,1080,False,2022-01-18T14:14:08.0124544+01:00
False,16,1920,1080,U8,3,1920,1080,5760,1000611920,0,0,0,1920,1080,False,2022-01-18T14:14:08.0463744+01:00
False,16,1920,1080,U8,3,1920,1080,5760,1149943888,0,0,0,1920,1080,False,2022-01-18T14:14:08.0790912+01:00
False,16,1920,1080,U8,3,1920,1080,5760,1156223056,0,0,0,1920,1080,False,2022-01-18T14:14:08.1125760+01:00
False,16,1920,1080,U8,3,1920,1080,5760,1162481744,0,0,0,1920,1080,False,2022-01-18T14:14:08.1468288+01:00
False,16,1920,1080,U8,3,1920,1080,5760,1168773200,0,0,0,1920,1080,False,2022-01-18T14:14:08.1804800+01:00
False,16,1920,1080,U8,3,1920,1080,5760,806207568,0,0,0,1920,1080,False,2022-01-18T14:14:08.2136576+01:00
False,16,1920,1080,U8,3,1920,1080,5760,812486736,0,0,0,1920,1080,False,2022-01-18T14:14:08.2472192+01:00
False,16,1920,1080,U8,3,1920,1080,5760,818745424,0,0,0,1920,1080,False,2022-01-18T14:14:08.2798976+01:00
False,16,1920,1080,U8,3,1920,1080,5760,825077840,0,0,0,1920,1080,False,2022-01-18T14:14:08.3144448+01:00
False,16,1920,1080,U8,3,1920,1080,5760,806187088,0,0,0,1920,1080,False,2022-01-18T14:14:08.3463296+01:00
False,16,1920,1080,U8,3,1920,1080,5760,812490832,0,0,0,1920,1080,False,2022-01-18T14:14:08.3804416+01:00
False,16,1920,1080,U8,3,1920,1080,5760,831373392,0,0,0,1920,1080,False,2022-01-18T14:14:08.4140032+01:00
False,16,1920,1080,U8,3,1920,1080,5760,844456016,0,0,0,1920,1080,False,2022-01-18T14:14:08.4470272+01:00
False,16,1920,1080,U8,3,1920,1080,5760,806182992,0,0,0,1920,1080,False,2022-01-18T14:14:08.4797952+01:00
False,16,1920,1080,U8,3,1920,1080,5760,812478544,0,0,0,1920,1080,False,2022-01-18T14:14:08.5130496+01:00
False,16,1920,1080,U8,3,1920,1080,5760,850751568,0,0,0,1920,1080,False,2022-01-18T14:14:08.5463552+01:00
False,16,1920,1080,U8,3,1920,1080,5760,988049488,0,0,0,1920,1080,False,2022-01-18T14:14:08.5790464+01:00
False,16,1920,1080,U8,3,1920,1080,5760,994353232,0,0,0,1920,1080,False,2022-01-18T14:14:08.6128128+01:00
False,16,1920,1080,U8,3,1920,1080,5760,1000640592,0,0,0,1920,1080,False,2022-01-18T14:14:08.6469504+01:00
False,16,1920,1080,U8,3,1920,1080,5760,1149919312,0,0,0,1920,1080,False,2022-01-18T14:14:08.6792832+01:00
False,16,1920,1080,U8,3,1920,1080,5760,1156235344,0,0,0,1920,1080,False,2022-01-18T14:14:08.7131520+01:00
False,16,1920,1080,U8,3,1920,1080,5760,1162489936,0,0,0,1920,1080,False,2022-01-18T14:14:08.7472896+01:00
False,16,1920,1080,U8,3,1920,1080,5760,1168801872,0,0,0,1920,1080,False,2022-01-18T14:14:08.7807232+01:00
False,16,1920,1080,U8,3,1920,1080,5760,806174800,0,0,0,1920,1080,False,2022-01-18T14:14:08.8140800+01:00
False,16,1920,1080,U8,3,1920,1080,5760,812503120,0,0,0,1920,1080,False,2022-01-18T14:14:08.8462976+01:00
False,16,1920,1080,U8,3,1920,1080,5760,818761808,0,0,0,1920,1080,False,2022-01-18T14:14:08.8812288+01:00
False,16,1920,1080,U8,3,1920,1080,5760,825073744,0,0,0,1920,1080,False,2022-01-18T14:14:08.9146112+01:00
False,16,1920,1080,U8,3,1920,1080,5760,806158416,0,0,0,1920,1080,False,2022-01-18T14:14:08.9477120+01:00
False,16,1920,1080,U8,3,1920,1080,5760,812437584,0,0,0,1920,1080,False,2022-01-18T14:14:08.9805184+01:00
False,16,1920,1080,U8,3,1920,1080,5760,831352912,0,0,0,1920,1080,False,2022-01-18T14:14:09.0139008+01:00
False,16,1920,1080,U8,3,1920,1080,5760,844435536,0,0,0,1920,1080,False,2022-01-18T14:14:09.0472320+01:00
False,16,1920,1080,U8,3,1920,1080,5760,806215760,0,0,0,1920,1080,False,2022-01-18T14:14:09.0802304+01:00
False,16,1920,1080,U8,3,1920,1080,5760,812507216,0,0,0,1920,1080,False,2022-01-18T14:14:09.1135872+01:00
False,16,1920,1080,U8,3,1920,1080,5760,850722896,0,0,0,1920,1080,False,2022-01-18T14:14:09.1469696+01:00
False,16,1920,1080,U8,3,1920,1080,5760,988082256,0,0,0,1920,1080,False,2022-01-18T14:14:09.1792128+01:00
False,16,1920,1080,U8,3,1920,1080,5760,994357328,0,0,0,1920,1080,False,2022-01-18T14:14:09.2133120+01:00
False,16,1920,1080,U8,3,1920,1080,5760,1000603728,0,0,0,1920,1080,False,2022-01-18T14:14:09.2462208+01:00
False,16,1920,1080,U8,3,1920,1080,5760,1149923408,0,0,0,1920,1080,False,2022-01-18T14:14:09.2792448+01:00
False,16,1920,1080,U8,3,1920,1080,5760,1156194384,0,0,0,1920,1080,False,2022-01-18T14:14:09.3117696+01:00
False,16,1920,1080,U8,3,1920,1080,5760,1162481744,0,0,0,1920,1080,False,2022-01-18T14:14:09.3459328+01:00
False,16,1920,1080,U8,3,1920,1080,5760,1168810064,0,0,0,1920,1080,False,2022-01-18T14:14:09.3799168+01:00
False,16,1920,1080,U8,3,1920,1080,5760,806199376,0,0,0,1920,1080,False,2022-01-18T14:14:09.4132352+01:00
False,16,1920,1080,U8,3,1920,1080,5760,812470352,0,0,0,1920,1080,False,2022-01-18T14:14:09.4459008+01:00
False,16,1920,1080,U8,3,1920,1080,5760,818774096,0,0,0,1920,1080,False,2022-01-18T14:14:09.4806528+01:00
False,16,1920,1080,U8,3,1920,1080,5760,825036880,0,0,0,1920,1080,False,2022-01-18T14:14:09.5136768+01:00
False,16,1920,1080,U8,3,1920,1080,5760,806166608,0,0,0,1920,1080,False,2022-01-18T14:14:09.5465728+01:00
False,16,1920,1080,U8,3,1920,1080,5760,812490832,0,0,0,1920,1080,False,2022-01-18T14:14:09.5803904+01:00
False,16,1920,1080,U8,3,1920,1080,5760,831336528,0,0,0,1920,1080,False,2022-01-18T14:14:09.6146304+01:00
False,16,1920,1080,U8,3,1920,1080,5760,844488784,0,0,0,1920,1080,False,2022-01-18T14:14:09.6475136+01:00
False,16,1920,1080,U8,3,1920,1080,5760,806191184,0,0,0,1920,1080,False,2022-01-18T14:14:09.6795904+01:00
False,16,1920,1080,U8,3,1920,1080,5760,812462160,0,0,0,1920,1080,False,2022-01-18T14:14:09.7138432+01:00
False,16,1920,1080,U8,3,1920,1080,5760,850763856,0,0,0,1920,1080,False,2022-01-18T14:14:09.7470464+01:00
False,16,1920,1080,U8,3,1920,1080,5760,988020816,0,0,0,1920,1080,False,2022-01-18T14:14:09.7808512+01:00
False,16,1920,1080,U8,3,1920,1080,5760,994291792,0,0,0,1920,1080,False,2022-01-18T14:14:09.8134656+01:00
False,16,1920,1080,U8,3,1920,1080,5760,1000595536,0,0,0,1920,1080,False,2022-01-18T14:14:09.8468352+01:00
False,16,1920,1080,U8,3,1920,1080,5760,1149915216,0,0,0,1920,1080,False,2022-01-18T14:14:09.8801408+01:00
False,16,1920,1080,U8,3,1920,1080,5760,1156235344,0,0,0,1920,1080,False,2022-01-18T14:14:09.9133056+01:00
False,16,1920,1080,U8,3,1920,1080,5760,1162514512,0,0,0,1920,1080,False,2022-01-18T14:14:09.9463680+01:00
False,16,1920,1080,U8,3,1920,1080,5760,1168814160,0,0,0,1920,1080,False,2022-01-18T14:14:09.9807360+01:00
False,16,1920,1080,U8,3,1920,1080,5760,806207568,0,0,0,1920,1080,False,2022-01-18T14:14:10.0121216+01:00
False,16,1920,1080,U8,3,1920,1080,5760,812494928,0,0,0,1920,1080,False,2022-01-18T14:14:10.0458368+01:00
False,16,1920,1080,U8,3,1920,1080,5760,818786384,0,0,0,1920,1080,False,2022-01-18T14:14:10.0792192+01:00
False,16,1920,1080,U8,3,1920,1080,5760,825036880,0,0,0,1920,1080,False,2022-01-18T14:14:10.1225344+01:00
False,16,1920,1080,U8,3,1920,1080,5760,806203472,0,0,0,1920,1080,False,2022-01-18T14:14:10.1528192+01:00
False,16,1920,1080,U8,3,1920,1080,5760,812486736,0,0,0,1920,1080,False,2022-01-18T14:14:10.1839360+01:00
False,16,1920,1080,U8,3,1920,1080,5760,831348816,0,0,0,1920,1080,False,2022-01-18T14:14:10.2138624+01:00
False,16,1920,1080,U8,3,1920,1080,5760,844488784,0,0,0,1920,1080,False,2022-01-18T14:14:10.2483456+01:00
False,16,1920,1080,U8,3,1920,1080,5760,806211664,0,0,0,1920,1080,False,2022-01-18T14:14:10.2800128+01:00
False,16,1920,1080,U8,3,1920,1080,5760,812449872,0,0,0,1920,1080,False,2022-01-18T14:14:10.3133568+01:00
False,16,1920,1080,U8,3,1920,1080,5760,850751568,0,0,0,1920,1080,False,2022-01-18T14:14:10.3469440+01:00
False,16,1920,1080,U8,3,1920,1080,5760,988061776,0,0,0,1920,1080,False,2022-01-18T14:14:10.3795840+01:00
False,16,1920,1080,U8,3,1920,1080,5760,994324560,0,0,0,1920,1080,False,2022-01-18T14:14:10.4134016+01:00
False,16,1920,1080,U8,3,1920,1080,5760,1000636496,0,0,0,1920,1080,False,2022-01-18T14:14:10.4468096+01:00
False,16,1920,1080,U8,3,1920,1080,5760,1149898832,0,0,0,1920,1080,False,2022-01-18T14:14:10.4799488+01:00
False,16,1920,1080,U8,3,1920,1080,5760,1156231248,0,0,0,1920,1080,False,2022-01-18T14:14:10.5127808+01:00
False,16,1920,1080,U8,3,1920,1080,5760,1162485840,0,0,0,1920,1080,False,2022-01-18T14:14:10.5462272+01:00
False,16,1920,1080,U8,3,1920,1080,5760,1168822352,0,0,0,1920,1080,False,2022-01-18T14:14:10.5807488+01:00
False,16,1920,1080,U8,3,1920,1080,5760,806162512,0,0,0,1920,1080,False,2022-01-18T14:14:10.6130048+01:00
False,16,1920,1080,U8,3,1920,1080,5760,812453968,0,0,0,1920,1080,False,2022-01-18T14:14:10.6469504+01:00
False,16,1920,1080,U8,3,1920,1080,5760,818757712,0,0,0,1920,1080,False,2022-01-18T14:14:10.6806400+01:00
False,16,1920,1080,U8,3,1920,1080,5760,825086032,0,0,0,1920,1080,False,2022-01-18T14:14:10.7140992+01:00
False,16,1920,1080,U8,3,1920,1080,5760,806191184,0,0,0,1920,1080,False,2022-01-18T14:14:10.7461632+01:00
False,16,1920,1080,U8,3,1920,1080,5760,812503120,0,0,0,1920,1080,False,2022-01-18T14:14:10.7801088+01:00
False,16,1920,1080,U8,3,1920,1080,5760,831361104,0,0,0,1920,1080,False,2022-01-18T14:14:10.8132736+01:00
False,16,1920,1080,U8,3,1920,1080,5760,844460112,0,0,0,1920,1080,False,2022-01-18T14:14:10.8476160+01:00
False,16,1920,1080,U8,3,1920,1080,5760,806191184,0,0,0,1920,1080,False,2022-01-18T14:14:10.8800768+01:00
False,16,1920,1080,U8,3,1920,1080,5760,812474448,0,0,0,1920,1080,False,2022-01-18T14:14:10.9136000+01:00
False,16,1920,1080,U8,3,1920,1080,5760,850767952,0,0,0,1920,1080,False,2022-01-18T14:14:10.9469824+01:00
False,16,1920,1080,U8,3,1920,1080,5760,988049488,0,0,0,1920,1080,False,2022-01-18T14:14:10.9794432+01:00
False,16,1920,1080,U8,3,1920,1080,5760,994373712,0,0,0,1920,1080,False,2022-01-18T14:14:11.0133504+01:00
False,16,1920,1080,U8,3,1920,1080,5760,1000665168,0,0,0,1920,1080,False,2022-01-18T14:14:11.0465664+01:00
False,16,1920,1080,U8,3,1920,1080,5760,1149927504,0,0,0,1920,1080,False,2022-01-18T14:14:11.0800640+01:00
False,16,1920,1080,U8,3,1920,1080,5760,1156206672,0,0,0,1920,1080,False,2022-01-18T14:14:11.1129088+01:00
False,16,1920,1080,U8,3,1920,1080,5760,1162510416,0,0,0,1920,1080,False,2022-01-18T14:14:11.1481088+01:00
False,16,1920,1080,U8,3,1920,1080,5760,1168777296,0,0,0,1920,1080,False,2022-01-18T14:14:11.1814144+01:00
False,16,1920,1080,U8,3,1920,1080,5760,806162512,0,0,0,1920,1080,False,2022-01-18T14:14:11.2135424+01:00
False,16,1920,1080,U8,3,1920,1080,5760,812462160,0,0,0,1920,1080,False,2022-01-18T14:14:11.2466048+01:00
False,16,1920,1080,U8,3,1920,1080,5760,818761808,0,0,0,1920,1080,False,2022-01-18T14:14:11.2807040+01:00
False,16,1920,1080,U8,3,1920,1080,5760,825057360,0,0,0,1920,1080,False,2022-01-18T14:14:11.3137408+01:00
False,16,1920,1080,U8,3,1920,1080,5760,806199376,0,0,0,1920,1080,False,2022-01-18T14:14:11.3470336+01:00
False,16,1920,1080,U8,3,1920,1080,5760,812511312,0,0,0,1920,1080,False,2022-01-18T14:14:11.3798784+01:00
False,16,1920,1080,U8,3,1920,1080,5760,831332432,0,0,0,1920,1080,False,2022-01-18T14:14:11.4132096+01:00
False,16,1920,1080,U8,3,1920,1080,5760,844435536,0,0,0,1920,1080,False,2022-01-18T14:14:11.4472192+01:00
False,16,1920,1080,U8,3,1920,1080,5760,806187088,0,0,0,1920,1080,False,2022-01-18T14:14:11.4799872+01:00
False,16,1920,1080,U8,3,1920,1080,5760,812449872,0,0,0,1920,1080,False,2022-01-18T14:14:11.5135488+01:00
False,16,1920,1080,U8,3,1920,1080,5760,850747472,0,0,0,1920,1080,False,2022-01-18T14:14:11.5477632+01:00
False,16,1920,1080,U8,3,1920,1080,5760,988082256,0,0,0,1920,1080,False,2022-01-18T14:14:11.5804928+01:00
False,16,1920,1080,U8,3,1920,1080,5760,994324560,0,0,0,1920,1080,False,2022-01-18T14:14:11.6131968+01:00
False,16,1920,1080,U8,3,1920,1080,5760,1000661072,0,0,0,1920,1080,False,2022-01-18T14:14:11.6476544+01:00
False,16,1920,1080,U8,3,1920,1080,5760,1149956176,0,0,0,1920,1080,False,2022-01-18T14:14:11.6805376+01:00
False,16,1920,1080,U8,3,1920,1080,5760,1156194384,0,0,0,1920,1080,False,2022-01-18T14:14:11.7136768+01:00
False,16,1920,1080,U8,3,1920,1080,5760,1162502224,0,0,0,1920,1080,False,2022-01-18T14:14:11.7466752+01:00
False,16,1920,1080,U8,3,1920,1080,5760,1168818256,0,0,0,1920,1080,False,2022-01-18T14:14:11.7809152+01:00
False,16,1920,1080,U8,3,1920,1080,5760,806166608,0,0,0,1920,1080,False,2022-01-18T14:14:11.8156032+01:00
False,16,1920,1080,U8,3,1920,1080,5760,812449872,0,0,0,1920,1080,False,2022-01-18T14:14:11.8461952+01:00
False,16,1920,1080,U8,3,1920,1080,5760,818704464,0,0,0,1920,1080,False,2022-01-18T14:14:11.8811008+01:00
False,16,1920,1080,U8,3,1920,1080,5760,824987728,0,0,0,1920,1080,False,2022-01-18T14:14:11.9163264+01:00
False,16,1920,1080,U8,3,1920,1080,5760,806162512,0,0,0,1920,1080,False,2022-01-18T14:14:11.9465600+01:00
False,16,1920,1080,U8,3,1920,1080,5760,831262800,0,0,0,1920,1080,False,2022-01-18T14:14:11.9798912+01:00
False,16,1920,1080,U8,3,1920,1080,5760,844492880,0,0,0,1920,1080,False,2022-01-18T14:14:12.0139904+01:00
False,16,1920,1080,U8,3,1920,1080,5760,850767952,0,0,0,1920,1080,False,2022-01-18T14:14:12.0471424+01:00
False,16,1920,1080,U8,3,1920,1080,5760,806170704,0,0,0,1920,1080,False,2022-01-18T14:14:12.0794624+01:00
False,16,1920,1080,U8,3,1920,1080,5760,831320144,0,0,0,1920,1080,False,2022-01-18T14:14:12.1135232+01:00
False,16,1920,1080,U8,3,1920,1080,5760,988024912,0,0,0,1920,1080,False,2022-01-18T14:14:12.1476608+01:00
False,16,1920,1080,U8,3,1920,1080,5760,994328656,0,0,0,1920,1080,False,2022-01-18T14:14:12.1802368+01:00
False,16,1920,1080,U8,3,1920,1080,5760,1000636496,0,0,0,1920,1080,False,2022-01-18T14:14:12.2128256+01:00
False,16,1920,1080,U8,3,1920,1080,5760,1149931600,0,0,0,1920,1080,False,2022-01-18T14:14:12.2478464+01:00
False,16,1920,1080,U8,3,1920,1080,5760,1156227152,0,0,0,1920,1080,False,2022-01-18T14:14:12.2804864+01:00
False,16,1920,1080,U8,3,1920,1080,5760,1162510416,0,0,0,1920,1080,False,2022-01-18T14:14:12.3126400+01:00
False,16,1920,1080,U8,3,1920,1080,5760,812449872,0,0,0,1920,1080,False,2022-01-18T14:14:12.3479040+01:00
False,16,1920,1080,U8,3,1920,1080,5760,1168814160,0,0,0,1920,1080,False,2022-01-18T14:14:12.3814400+01:00
False,16,1920,1080,U8,3,1920,1080,5760,806178896,0,0,0,1920,1080,False,2022-01-18T14:14:12.4141440+01:00
False,16,1920,1080,U8,3,1920,1080,5760,818729040,0,0,0,1920,1080,False,2022-01-18T14:14:12.4470144+01:00
False,16,1920,1080,U8,3,1920,1080,5760,824971344,0,0,0,1920,1080,False,2022-01-18T14:14:12.4811136+01:00
False,16,1920,1080,U8,3,1920,1080,5760,831295568,0,0,0,1920,1080,False,2022-01-18T14:14:12.5144832+01:00
False,16,1920,1080,U8,3,1920,1080,5760,806199376,0,0,0,1920,1080,False,2022-01-18T14:14:12.5468800+01:00
False,16,1920,1080,U8,3,1920,1080,5760,812490832,0,0,0,1920,1080,False,2022-01-18T14:14:12.5805440+01:00
False,16,1920,1080,U8,3,1920,1080,5760,844447824,0,0,0,1920,1080,False,2022-01-18T14:14:12.6138880+01:00
False,16,1920,1080,U8,3,1920,1080,5760,850780240,0,0,0,1920,1080,False,2022-01-18T14:14:12.6474368+01:00
False,16,1920,1080,U8,3,1920,1080,5760,806187088,0,0,0,1920,1080,False,2022-01-18T14:14:12.6799232+01:00
False,16,1920,1080,U8,3,1920,1080,5760,812490832,0,0,0,1920,1080,False,2022-01-18T14:14:12.7139840+01:00
False,16,1920,1080,U8,3,1920,1080,5760,988057680,0,0,0,1920,1080,False,2022-01-18T14:14:12.7471872+01:00
False,16,1920,1080,U8,3,1920,1080,5760,994361424,0,0,0,1920,1080,False,2022-01-18T14:14:12.7806336+01:00
False,16,1920,1080,U8,3,1920,1080,5760,1000661072,0,0,0,1920,1080,False,2022-01-18T14:14:12.8135296+01:00
False,16,1920,1080,U8,3,1920,1080,5760,1149911120,0,0,0,1920,1080,False,2022-01-18T14:14:12.8479616+01:00
False,16,1920,1080,U8,3,1920,1080,5760,1156190288,0,0,0,1920,1080,False,2022-01-18T14:14:12.8797696+01:00
False,16,1920,1080,U8,3,1920,1080,5760,1162514512,0,0,0,1920,1080,False,2022-01-18T14:14:12.9145728+01:00
False,16,1920,1080,U8,3,1920,1080,5760,818741328,0,0,0,1920,1080,False,2022-01-18T14:14:12.9486080+01:00
False,16,1920,1080,U8,3,1920,1080,5760,1168805968,0,0,0,1920,1080,False,2022-01-18T14:14:12.9808128+01:00
False,16,1920,1080,U8,3,1920,1080,5760,806158416,0,0,0,1920,1080,False,2022-01-18T14:14:13.0140416+01:00
False,16,1920,1080,U8,3,1920,1080,5760,812417104,0,0,0,1920,1080,False,2022-01-18T14:14:13.0467456+01:00
False,16,1920,1080,U8,3,1920,1080,5760,825028688,0,0,0,1920,1080,False,2022-01-18T14:14:13.0803456+01:00
False,16,1920,1080,U8,3,1920,1080,5760,831320144,0,0,0,1920,1080,False,2022-01-18T14:14:13.1149440+01:00
False,16,1920,1080,U8,3,1920,1080,5760,806199376,0,0,0,1920,1080,False,2022-01-18T14:14:13.1469696+01:00
False,16,1920,1080,U8,3,1920,1080,5760,812494928,0,0,0,1920,1080,False,2022-01-18T14:14:13.1807616+01:00
False,16,1920,1080,U8,3,1920,1080,5760,844484688,0,0,0,1920,1080,False,2022-01-18T14:14:13.2142208+01:00
False,16,1920,1080,U8,3,1920,1080,5760,850784336,0,0,0,1920,1080,False,2022-01-18T14:14:13.2481280+01:00
False,16,1920,1080,U8,3,1920,1080,5760,806207568,0,0,0,1920,1080,False,2022-01-18T14:14:13.2794624+01:00
False,16,1920,1080,U8,3,1920,1080,5760,812470352,0,0,0,1920,1080,False,2022-01-18T14:14:13.3137024+01:00
False,16,1920,1080,U8,3,1920,1080,5760,988033104,0,0,0,1920,1080,False,2022-01-18T14:14:13.3483008+01:00
False,16,1920,1080,U8,3,1920,1080,5760,994373712,0,0,0,1920,1080,False,2022-01-18T14:14:13.3809920+01:00
False,16,1920,1080,U8,3,1920,1080,5760,1000648784,0,0,0,1920,1080,False,2022-01-18T14:14:13.4137856+01:00
False,16,1920,1080,U8,3,1920,1080,5760,1149927504,0,0,0,1920,1080,False,2022-01-18T14:14:13.4479616+01:00
False,16,1920,1080,U8,3,1920,1080,5760,1156194384,0,0,0,1920,1080,False,2022-01-18T14:14:13.4807424+01:00
False,16,1920,1080,U8,3,1920,1080,5760,818741328,0,0,0,1920,1080,False,2022-01-18T14:14:13.5135872+01:00
False,16,1920,1080,U8,3,1920,1080,5760,1162506320,0,0,0,1920,1080,False,2022-01-18T14:14:13.5471232+01:00
False,16,1920,1080,U8,3,1920,1080,5760,1168789584,0,0,0,1920,1080,False,2022-01-18T14:14:13.5814016+01:00
False,16,1920,1080,U8,3,1920,1080,5760,806187088,0,0,0,1920,1080,False,2022-01-18T14:14:13.6139264+01:00
False,16,1920,1080,U8,3,1920,1080,5760,812499024,0,0,0,1920,1080,False,2022-01-18T14:14:13.6468864+01:00
False,16,1920,1080,U8,3,1920,1080,5760,818765904,0,0,0,1920,1080,False,2022-01-18T14:14:13.6810880+01:00
False,16,1920,1080,U8,3,1920,1080,5760,825045072,0,0,0,1920,1080,False,2022-01-18T14:14:13.7143296+01:00
False,16,1920,1080,U8,3,1920,1080,5760,806191184,0,0,0,1920,1080,False,2022-01-18T14:14:13.7464576+01:00
False,16,1920,1080,U8,3,1920,1080,5760,812458064,0,0,0,1920,1080,False,2022-01-18T14:14:13.7806848+01:00
False,16,1920,1080,U8,3,1920,1080,5760,831357008,0,0,0,1920,1080,False,2022-01-18T14:14:13.8138624+01:00
False,16,1920,1080,U8,3,1920,1080,5760,844472400,0,0,0,1920,1080,False,2022-01-18T14:14:13.8474112+01:00
False,16,1920,1080,U8,3,1920,1080,5760,806199376,0,0,0,1920,1080,False,2022-01-18T14:14:13.8809984+01:00
False,16,1920,1080,U8,3,1920,1080,5760,812482640,0,0,0,1920,1080,False,2022-01-18T14:14:13.9138688+01:00
False,16,1920,1080,U8,3,1920,1080,5760,850726992,0,0,0,1920,1080,False,2022-01-18T14:14:13.9470336+01:00
False,16,1920,1080,U8,3,1920,1080,5760,988069968,0,0,0,1920,1080,False,2022-01-18T14:14:13.9807616+01:00
False,16,1920,1080,U8,3,1920,1080,5760,994312272,0,0,0,1920,1080,False,2022-01-18T14:14:14.0136064+01:00
False,16,1920,1080,U8,3,1920,1080,5760,1000566864,0,0,0,1920,1080,False,2022-01-18T14:14:14.0469504+01:00
False,16,1920,1080,U8,3,1920,1080,5760,1149915216,0,0,0,1920,1080,False,2022-01-18T14:14:14.0807680+01:00
False,16,1920,1080,U8,3,1920,1080,5760,1156206672,0,0,0,1920,1080,False,2022-01-18T14:14:14.1136000+01:00
False,16,1920,1080,U8,3,1920,1080,5760,1162485840,0,0,0,1920,1080,False,2022-01-18T14:14:14.1469184+01:00
False,16,1920,1080,U8,3,1920,1080,5760,1168789584,0,0,0,1920,1080,False,2022-01-18T14:14:14.1803776+01:00
False,16,1920,1080,U8,3,1920,1080,5760,806187088,0,0,0,1920,1080,False,2022-01-18T14:14:14.2138624+01:00
False,16,1920,1080,U8,3,1920,1080,5760,812507216,0,0,0,1920,1080,False,2022-01-18T14:14:14.2479232+01:00
False,16,1920,1080,U8,3,1920,1080,5760,818802768,0,0,0,1920,1080,False,2022-01-18T14:14:14.2810240+01:00
False,16,1920,1080,U8,3,1920,1080,5760,825040976,0,0,0,1920,1080,False,2022-01-18T14:14:14.3142528+01:00
False,16,1920,1080,U8,3,1920,1080,5760,806162512,0,0,0,1920,1080,False,2022-01-18T14:14:14.3466880+01:00
False,16,1920,1080,U8,3,1920,1080,5760,812507216,0,0,0,1920,1080,False,2022-01-18T14:14:14.3809408+01:00
False,16,1920,1080,U8,3,1920,1080,5760,831348816,0,0,0,1920,1080,False,2022-01-18T14:14:14.4142720+01:00
False,16,1920,1080,U8,3,1920,1080,5760,844451920,0,0,0,1920,1080,False,2022-01-18T14:14:14.4473984+01:00
False,16,1920,1080,U8,3,1920,1080,5760,806207568,0,0,0,1920,1080,False,2022-01-18T14:14:14.4797952+01:00
False,16,1920,1080,U8,3,1920,1080,5760,812458064,0,0,0,1920,1080,False,2022-01-18T14:14:14.5137280+01:00
False,16,1920,1080,U8,3,1920,1080,5760,850784336,0,0,0,1920,1080,False,2022-01-18T14:14:14.5471744+01:00
False,16,1920,1080,U8,3,1920,1080,5760,988024912,0,0,0,1920,1080,False,2022-01-18T14:14:14.5808128+01:00
False,16,1920,1080,U8,3,1920,1080,5760,994345040,0,0,0,1920,1080,False,2022-01-18T14:14:14.6139648+01:00
False,16,1920,1080,U8,3,1920,1080,5760,1000640592,0,0,0,1920,1080,False,2022-01-18T14:14:14.6474240+01:00
False,16,1920,1080,U8,3,1920,1080,5760,1149939792,0,0,0,1920,1080,False,2022-01-18T14:14:14.6800000+01:00
False,16,1920,1080,U8,3,1920,1080,5760,1156206672,0,0,0,1920,1080,False,2022-01-18T14:14:14.7139200+01:00
False,16,1920,1080,U8,3,1920,1080,5760,1162510416,0,0,0,1920,1080,False,2022-01-18T14:14:14.7470208+01:00
False,16,1920,1080,U8,3,1920,1080,5760,1168773200,0,0,0,1920,1080,False,2022-01-18T14:14:14.7803520+01:00
False,16,1920,1080,U8,3,1920,1080,5760,806203472,0,0,0,1920,1080,False,2022-01-18T14:14:14.8141952+01:00
False,16,1920,1080,U8,3,1920,1080,5760,812511312,0,0,0,1920,1080,False,2022-01-18T14:14:14.8467200+01:00
False,16,1920,1080,U8,3,1920,1080,5760,818741328,0,0,0,1920,1080,False,2022-01-18T14:14:14.8811136+01:00
False,16,1920,1080,U8,3,1920,1080,5760,825024592,0,0,0,1920,1080,False,2022-01-18T14:14:14.9145088+01:00
False,16,1920,1080,U8,3,1920,1080,5760,806211664,0,0,0,1920,1080,False,2022-01-18T14:14:14.9465472+01:00
False,16,1920,1080,U8,3,1920,1080,5760,812478544,0,0,0,1920,1080,False,2022-01-18T14:14:14.9811968+01:00
False,16,1920,1080,U8,3,1920,1080,5760,831266896,0,0,0,1920,1080,False,2022-01-18T14:14:15.0136064+01:00
False,16,1920,1080,U8,3,1920,1080,5760,844492880,0,0,0,1920,1080,False,2022-01-18T14:14:15.0484352+01:00
False,16,1920,1080,U8,3,1920,1080,5760,806162512,0,0,0,1920,1080,False,2022-01-18T14:14:15.0808064+01:00
False,16,1920,1080,U8,3,1920,1080,5760,812478544,0,0,0,1920,1080,False,2022-01-18T14:14:15.1140736+01:00
False,16,1920,1080,U8,3,1920,1080,5760,850731088,0,0,0,1920,1080,False,2022-01-18T14:14:15.1484672+01:00
False,16,1920,1080,U8,3,1920,1080,5760,988065872,0,0,0,1920,1080,False,2022-01-18T14:14:15.1814016+01:00
False,16,1920,1080,U8,3,1920,1080,5760,994361424,0,0,0,1920,1080,False,2022-01-18T14:14:15.2141312+01:00
False,16,1920,1080,U8,3,1920,1080,5760,1000624208,0,0,0,1920,1080,False,2022-01-18T14:14:15.2475648+01:00
False,16,1920,1080,U8,3,1920,1080,5760,1149939792,0,0,0,1920,1080,False,2022-01-18T14:14:15.2799872+01:00
False,16,1920,1080,U8,3,1920,1080,5760,1156235344,0,0,0,1920,1080,False,2022-01-18T14:14:15.3131136+01:00
False,16,1920,1080,U8,3,1920,1080,5760,1162502224,0,0,0,1920,1080,False,2022-01-18T14:14:15.3472128+01:00
False,16,1920,1080,U8,3,1920,1080,5760,1168789584,0,0,0,1920,1080,False,2022-01-18T14:14:15.3822080+01:00
False,16,1920,1080,U8,3,1920,1080,5760,806158416,0,0,0,1920,1080,False,2022-01-18T14:14:15.4127104+01:00
False,16,1920,1080,U8,3,1920,1080,5760,812433488,0,0,0,1920,1080,False,2022-01-18T14:14:15.4471040+01:00
False,16,1920,1080,U8,3,1920,1080,5760,818729040,0,0,0,1920,1080,False,2022-01-18T14:14:15.4815616+01:00
False,16,1920,1080,U8,3,1920,1080,5760,825008208,0,0,0,1920,1080,False,2022-01-18T14:14:15.5147136+01:00
False,16,1920,1080,U8,3,1920,1080,5760,806170704,0,0,0,1920,1080,False,2022-01-18T14:14:15.5467392+01:00
False,16,1920,1080,U8,3,1920,1080,5760,831316048,0,0,0,1920,1080,False,2022-01-18T14:14:15.5796096+01:00
False,16,1920,1080,U8,3,1920,1080,5760,844476496,0,0,0,1920,1080,False,2022-01-18T14:14:15.6130816+01:00
False,16,1920,1080,U8,3,1920,1080,5760,850751568,0,0,0,1920,1080,False,2022-01-18T14:14:15.6475904+01:00
False,16,1920,1080,U8,3,1920,1080,5760,806215760,0,0,0,1920,1080,False,2022-01-18T14:14:15.6794240+01:00
False,16,1920,1080,U8,3,1920,1080,5760,831275088,0,0,0,1920,1080,False,2022-01-18T14:14:15.7139840+01:00
False,16,1920,1080,U8,3,1920,1080,5760,988078160,0,0,0,1920,1080,False,2022-01-18T14:14:15.7467008+01:00
False,16,1920,1080,U8,3,1920,1080,5760,994373712,0,0,0,1920,1080,False,2022-01-18T14:14:15.7794688+01:00
False,16,1920,1080,U8,3,1920,1080,5760,1000661072,0,0,0,1920,1080,False,2022-01-18T14:14:15.8142848+01:00
False,16,1920,1080,U8,3,1920,1080,5760,1149923408,0,0,0,1920,1080,False,2022-01-18T14:14:15.8473216+01:00
False,16,1920,1080,U8,3,1920,1080,5760,1156235344,0,0,0,1920,1080,False,2022-01-18T14:14:15.8797696+01:00
False,16,1920,1080,U8,3,1920,1080,5760,1162534992,0,0,0,1920,1080,False,2022-01-18T14:14:15.9139584+01:00
False,16,1920,1080,U8,3,1920,1080,5760,1168805968,0,0,0,1920,1080,False,2022-01-18T14:14:15.9468800+01:00
False,16,1920,1080,U8,3,1920,1080,5760,1175072848,0,0,0,1920,1080,False,2022-01-18T14:14:15.9802240+01:00
False,16,1920,1080,U8,3,1920,1080,5760,806219856,0,0,0,1920,1080,False,2022-01-18T14:14:16.0136576+01:00
False,16,1920,1080,U8,3,1920,1080,5760,812458064,0,0,0,1920,1080,False,2022-01-18T14:14:16.0466816+01:00
False,16,1920,1080,U8,3,1920,1080,5760,818802768,0,0,0,1920,1080,False,2022-01-18T14:14:16.0800640+01:00
False,16,1920,1080,U8,3,1920,1080,5760,825090128,0,0,0,1920,1080,False,2022-01-18T14:14:16.1165952+01:00
False,16,1920,1080,U8,3,1920,1080,5760,806178896,0,0,0,1920,1080,False,2022-01-18T14:14:16.1465728+01:00
False,16,1920,1080,U8,3,1920,1080,5760,812494928,0,0,0,1920,1080,False,2022-01-18T14:14:16.1815040+01:00
False,16,1920,1080,U8,3,1920,1080,5760,831369296,0,0,0,1920,1080,False,2022-01-18T14:14:16.2150656+01:00
False,16,1920,1080,U8,3,1920,1080,5760,844484688,0,0,0,1920,1080,False,2022-01-18T14:14:16.2477824+01:00
False,16,1920,1080,U8,3,1920,1080,5760,806215760,0,0,0,1920,1080,False,2022-01-18T14:14:16.2797312+01:00
False,16,1920,1080,U8,3,1920,1080,5760,812486736,0,0,0,1920,1080,False,2022-01-18T14:14:16.3139200+01:00
False,16,1920,1080,U8,3,1920,1080,5760,850735184,0,0,0,1920,1080,False,2022-01-18T14:14:16.3474688+01:00
False,16,1920,1080,U8,3,1920,1080,5760,988045392,0,0,0,1920,1080,False,2022-01-18T14:14:16.3814144+01:00
False,16,1920,1080,U8,3,1920,1080,5760,994324560,0,0,0,1920,1080,False,2022-01-18T14:14:16.4137216+01:00
False,16,1920,1080,U8,3,1920,1080,5760,1000632400,0,0,0,1920,1080,False,2022-01-18T14:14:16.4471936+01:00
False,16,1920,1080,U8,3,1920,1080,5760,1149923408,0,0,0,1920,1080,False,2022-01-18T14:14:16.4806400+01:00
False,16,1920,1080,U8,3,1920,1080,5760,1156206672,0,0,0,1920,1080,False,2022-01-18T14:14:16.5137024+01:00
False,16,1920,1080,U8,3,1920,1080,5760,1162489936,0,0,0,1920,1080,False,2022-01-18T14:14:16.5471104+01:00
False,16,1920,1080,U8,3,1920,1080,5760,1168810064,0,0,0,1920,1080,False,2022-01-18T14:14:16.5817344+01:00
False,16,1920,1080,U8,3,1920,1080,5760,806174800,0,0,0,1920,1080,False,2022-01-18T14:14:16.6141312+01:00
False,16,1920,1080,U8,3,1920,1080,5760,812494928,0,0,0,1920,1080,False,2022-01-18T14:14:16.6471296+01:00
False,16,1920,1080,U8,3,1920,1080,5760,818749520,0,0,0,1920,1080,False,2022-01-18T14:14:16.6805120+01:00
False,16,1920,1080,U8,3,1920,1080,5760,825065552,0,0,0,1920,1080,False,2022-01-18T14:14:16.7135360+01:00
False,16,1920,1080,U8,3,1920,1080,5760,806215760,0,0,0,1920,1080,False,2022-01-18T14:14:16.7466240+01:00
False,16,1920,1080,U8,3,1920,1080,5760,812458064,0,0,0,1920,1080,False,2022-01-18T14:14:16.7798144+01:00
False,16,1920,1080,U8,3,1920,1080,5760,831324240,0,0,0,1920,1080,False,2022-01-18T14:14:16.8142336+01:00
False,16,1920,1080,U8,3,1920,1080,5760,844492880,0,0,0,1920,1080,False,2022-01-18T14:14:16.8471680+01:00
False,16,1920,1080,U8,3,1920,1080,5760,806187088,0,0,0,1920,1080,False,2022-01-18T14:14:16.8797184+01:00
False,16,1920,1080,U8,3,1920,1080,5760,812449872,0,0,0,1920,1080,False,2022-01-18T14:14:16.9133440+01:00
False,16,1920,1080,U8,3,1920,1080,5760,850739280,0,0,0,1920,1080,False,2022-01-18T14:14:16.9470720+01:00
False,16,1920,1080,U8,3,1920,1080,5760,988069968,0,0,0,1920,1080,False,2022-01-18T14:14:16.9802752+01:00
False,16,1920,1080,U8,3,1920,1080,5760,994369616,0,0,0,1920,1080,False,2022-01-18T14:14:17.0131072+01:00
False,16,1920,1080,U8,3,1920,1080,5760,1000620112,0,0,0,1920,1080,False,2022-01-18T14:14:17.0472192+01:00
False,16,1920,1080,U8,3,1920,1080,5760,1149919312,0,0,0,1920,1080,False,2022-01-18T14:14:17.0799488+01:00
False,16,1920,1080,U8,3,1920,1080,5760,1156231248,0,0,0,1920,1080,False,2022-01-18T14:14:17.1129344+01:00
False,16,1920,1080,U8,3,1920,1080,5760,1162481744,0,0,0,1920,1080,False,2022-01-18T14:14:17.1476480+01:00
False,16,1920,1080,U8,3,1920,1080,5760,1168777296,0,0,0,1920,1080,False,2022-01-18T14:14:17.1821312+01:00
False,16,1920,1080,U8,3,1920,1080,5760,806158416,0,0,0,1920,1080,False,2022-01-18T14:14:17.2131840+01:00
False,16,1920,1080,U8,3,1920,1080,5760,812396624,0,0,0,1920,1080,False,2022-01-18T14:14:17.2470144+01:00
False,16,1920,1080,U8,3,1920,1080,5760,818708560,0,0,0,1920,1080,False,2022-01-18T14:14:17.2802304+01:00
False,16,1920,1080,U8,3,1920,1080,5760,824975440,0,0,0,1920,1080,False,2022-01-18T14:14:17.3135232+01:00
False,16,1920,1080,U8,3,1920,1080,5760,806166608,0,0,0,1920,1080,False,2022-01-18T14:14:17.3472000+01:00
False,16,1920,1080,U8,3,1920,1080,5760,831311952,0,0,0,1920,1080,False,2022-01-18T14:14:17.3801984+01:00
False,16,1920,1080,U8,3,1920,1080,5760,844476496,0,0,0,1920,1080,False,2022-01-18T14:14:17.4134144+01:00
False,16,1920,1080,U8,3,1920,1080,5760,850755664,0,0,0,1920,1080,False,2022-01-18T14:14:17.4467840+01:00
False,16,1920,1080,U8,3,1920,1080,5760,806219856,0,0,0,1920,1080,False,2022-01-18T14:14:17.4807936+01:00
False,16,1920,1080,U8,3,1920,1080,5760,831270992,0,0,0,1920,1080,False,2022-01-18T14:14:17.5131264+01:00
False,16,1920,1080,U8,3,1920,1080,5760,988078160,0,0,0,1920,1080,False,2022-01-18T14:14:17.5463552+01:00
False,16,1920,1080,U8,3,1920,1080,5760,994369616,0,0,0,1920,1080,False,2022-01-18T14:14:17.5810048+01:00
False,16,1920,1080,U8,3,1920,1080,5760,1000636496,0,0,0,1920,1080,False,2022-01-18T14:14:17.6138112+01:00
False,16,1920,1080,U8,3,1920,1080,5760,1149935696,0,0,0,1920,1080,False,2022-01-18T14:14:17.6462208+01:00
False,16,1920,1080,U8,3,1920,1080,5760,1156206672,0,0,0,1920,1080,False,2022-01-18T14:14:17.6809600+01:00
False,16,1920,1080,U8,3,1920,1080,5760,1162506320,0,0,0,1920,1080,False,2022-01-18T14:14:17.7140608+01:00
False,16,1920,1080,U8,3,1920,1080,5760,1168822352,0,0,0,1920,1080,False,2022-01-18T14:14:17.7471360+01:00
False,16,1920,1080,U8,3,1920,1080,5760,1175117904,0,0,0,1920,1080,False,2022-01-18T14:14:17.7805952+01:00
False,16,1920,1080,U8,3,1920,1080,5760,806174800,0,0,0,1920,1080,False,2022-01-18T14:14:17.8142208+01:00
False,16,1920,1080,U8,3,1920,1080,5760,812503120,0,0,0,1920,1080,False,2022-01-18T14:14:17.8467328+01:00
False,16,1920,1080,U8,3,1920,1080,5760,818778192,0,0,0,1920,1080,False,2022-01-18T14:14:17.8804224+01:00
False,16,1920,1080,U8,3,1920,1080,5760,825040976,0,0,0,1920,1080,False,2022-01-18T14:14:17.9140992+01:00
False,16,1920,1080,U8,3,1920,1080,5760,806166608,0,0,0,1920,1080,False,2022-01-18T14:14:17.9470848+01:00
False,16,1920,1080,U8,3,1920,1080,5760,812474448,0,0,0,1920,1080,False,2022-01-18T14:14:17.9803136+01:00
False,16,1920,1080,U8,3,1920,1080,5760,831361104,0,0,0,1920,1080,False,2022-01-18T14:14:18.0132224+01:00
False,16,1920,1080,U8,3,1920,1080,5760,844451920,0,0,0,1920,1080,False,2022-01-18T14:14:18.0466688+01:00
False,16,1920,1080,U8,3,1920,1080,5760,806170704,0,0,0,1920,1080,False,2022-01-18T14:14:18.0789376+01:00
False,16,1920,1080,U8,3,1920,1080,5760,812462160,0,0,0,1920,1080,False,2022-01-18T14:14:18.1130496+01:00
False,16,1920,1080,U8,3,1920,1080,5760,850767952,0,0,0,1920,1080,False,2022-01-18T14:14:18.1464448+01:00
False,16,1920,1080,U8,3,1920,1080,5760,988033104,0,0,0,1920,1080,False,2022-01-18T14:14:18.1789568+01:00
False,16,1920,1080,U8,3,1920,1080,5760,994353232,0,0,0,1920,1080,False,2022-01-18T14:14:18.2134272+01:00
False,16,1920,1080,U8,3,1920,1080,5760,1000665168,0,0,0,1920,1080,False,2022-01-18T14:14:18.2468736+01:00
False,16,1920,1080,U8,3,1920,1080,5760,1149935696,0,0,0,1920,1080,False,2022-01-18T14:14:18.2803328+01:00
False,16,1920,1080,U8,3,1920,1080,5760,1156214864,0,0,0,1920,1080,False,2022-01-18T14:14:18.3130112+01:00
False,16,1920,1080,U8,3,1920,1080,5760,1162477648,0,0,0,1920,1080,False,2022-01-18T14:14:18.3465600+01:00
False,16,1920,1080,U8,3,1920,1080,5760,1168724048,0,0,0,1920,1080,False,2022-01-18T14:14:18.3811584+01:00
False,16,1920,1080,U8,3,1920,1080,5760,806187088,0,0,0,1920,1080,False,2022-01-18T14:14:18.4132992+01:00
False,16,1920,1080,U8,3,1920,1080,5760,812470352,0,0,0,1920,1080,False,2022-01-18T14:14:18.4463872+01:00
False,16,1920,1080,U8,3,1920,1080,5760,818798672,0,0,0,1920,1080,False,2022-01-18T14:14:18.4802304+01:00
False,16,1920,1080,U8,3,1920,1080,5760,825094224,0,0,0,1920,1080,False,2022-01-18T14:14:18.5136384+01:00
False,16,1920,1080,U8,3,1920,1080,5760,806182992,0,0,0,1920,1080,False,2022-01-18T14:14:18.5459072+01:00
False,16,1920,1080,U8,3,1920,1080,5760,812503120,0,0,0,1920,1080,False,2022-01-18T14:14:18.5790848+01:00
False,16,1920,1080,U8,3,1920,1080,5760,831377488,0,0,0,1920,1080,False,2022-01-18T14:14:18.6133888+01:00
False,16,1920,1080,U8,3,1920,1080,5760,844484688,0,0,0,1920,1080,False,2022-01-18T14:14:18.6467968+01:00
False,16,1920,1080,U8,3,1920,1080,5760,806195280,0,0,0,1920,1080,False,2022-01-18T14:14:18.6788736+01:00
False,16,1920,1080,U8,3,1920,1080,5760,812511312,0,0,0,1920,1080,False,2022-01-18T14:14:18.7144576+01:00
False,16,1920,1080,U8,3,1920,1080,5760,850739280,0,0,0,1920,1080,False,2022-01-18T14:14:18.7462528+01:00
False,16,1920,1080,U8,3,1920,1080,5760,988041296,0,0,0,1920,1080,False,2022-01-18T14:14:18.7788416+01:00
False,16,1920,1080,U8,3,1920,1080,5760,994349136,0,0,0,1920,1080,False,2022-01-18T14:14:18.8139520+01:00
False,16,1920,1080,U8,3,1920,1080,5760,1000652880,0,0,0,1920,1080,False,2022-01-18T14:14:18.8472576+01:00
False,16,1920,1080,U8,3,1920,1080,5760,1149935696,0,0,0,1920,1080,False,2022-01-18T14:14:18.8821888+01:00
False,16,1920,1080,U8,3,1920,1080,5760,1156206672,0,0,0,1920,1080,False,2022-01-18T14:14:18.9139840+01:00
False,16,1920,1080,U8,3,1920,1080,5760,1162510416,0,0,0,1920,1080,False,2022-01-18T14:14:18.9467392+01:00
False,16,1920,1080,U8,3,1920,1080,5760,1168826448,0,0,0,1920,1080,False,2022-01-18T14:14:18.9795072+01:00
False,16,1920,1080,U8,3,1920,1080,5760,806158416,0,0,0,1920,1080,False,2022-01-18T14:14:19.0139776+01:00
False,16,1920,1080,U8,3,1920,1080,5760,812400720,0,0,0,1920,1080,False,2022-01-18T14:14:19.0474752+01:00
False,16,1920,1080,U8,3,1920,1080,5760,818679888,0,0,0,1920,1080,False,2022-01-18T14:14:19.0813952+01:00
False,16,1920,1080,U8,3,1920,1080,5760,825024592,0,0,0,1920,1080,False,2022-01-18T14:14:19.1149184+01:00
False,16,1920,1080,U8,3,1920,1080,5760,806191184,0,0,0,1920,1080,False,2022-01-18T14:14:19.1460992+01:00
False,16,1920,1080,U8,3,1920,1080,5760,831307856,0,0,0,1920,1080,False,2022-01-18T14:14:19.1792896+01:00
False,16,1920,1080,U8,3,1920,1080,5760,844484688,0,0,0,1920,1080,False,2022-01-18T14:14:19.2138368+01:00
False,16,1920,1080,U8,3,1920,1080,5760,850743376,0,0,0,1920,1080,False,2022-01-18T14:14:19.2475648+01:00
False,16,1920,1080,U8,3,1920,1080,5760,806211664,0,0,0,1920,1080,False,2022-01-18T14:14:19.2810624+01:00
False,16,1920,1080,U8,3,1920,1080,5760,831316048,0,0,0,1920,1080,False,2022-01-18T14:14:19.3130496+01:00
False,16,1920,1080,U8,3,1920,1080,5760,988061776,0,0,0,1920,1080,False,2022-01-18T14:14:19.3466368+01:00
False,16,1920,1080,U8,3,1920,1080,5760,994365520,0,0,0,1920,1080,False,2022-01-18T14:14:19.3793664+01:00
False,16,1920,1080,U8,3,1920,1080,5760,1000632400,0,0,0,1920,1080,False,2022-01-18T14:14:19.4134144+01:00
False,16,1920,1080,U8,3,1920,1080,5760,1149952080,0,0,0,1920,1080,False,2022-01-18T14:14:19.4468096+01:00
False,16,1920,1080,U8,3,1920,1080,5760,1156247632,0,0,0,1920,1080,False,2022-01-18T14:14:19.4800000+01:00
False,16,1920,1080,U8,3,1920,1080,5760,1162514512,0,0,0,1920,1080,False,2022-01-18T14:14:19.5131008+01:00
False,16,1920,1080,U8,3,1920,1080,5760,1168810064,0,0,0,1920,1080,False,2022-01-18T14:14:19.5464832+01:00
False,16,1920,1080,U8,3,1920,1080,5760,1175122000,0,0,0,1920,1080,False,2022-01-18T14:14:19.5801728+01:00
False,16,1920,1080,U8,3,1920,1080,5760,806158416,0,0,0,1920,1080,False,2022-01-18T14:14:19.6135552+01:00
False,16,1920,1080,U8,3,1920,1080,5760,812421200,0,0,0,1920,1080,False,2022-01-18T14:14:19.6463744+01:00
False,16,1920,1080,U8,3,1920,1080,5760,818716752,0,0,0,1920,1080,False,2022-01-18T14:14:19.6814848+01:00
False,16,1920,1080,U8,3,1920,1080,5760,825024592,0,0,0,1920,1080,False,2022-01-18T14:14:19.7134720+01:00
False,16,1920,1080,U8,3,1920,1080,5760,806203472,0,0,0,1920,1080,False,2022-01-18T14:14:19.7458432+01:00
False,16,1920,1080,U8,3,1920,1080,5760,831275088,0,0,0,1920,1080,False,2022-01-18T14:14:19.7789440+01:00
False,16,1920,1080,U8,3,1920,1080,5760,844480592,0,0,0,1920,1080,False,2022-01-18T14:14:19.8136064+01:00
False,16,1920,1080,U8,3,1920,1080,5760,850784336,0,0,0,1920,1080,False,2022-01-18T14:14:19.8471040+01:00
False,16,1920,1080,U8,3,1920,1080,5760,806191184,0,0,0,1920,1080,False,2022-01-18T14:14:19.8812928+01:00
False,16,1920,1080,U8,3,1920,1080,5760,831266896,0,0,0,1920,1080,False,2022-01-18T14:14:19.9132032+01:00
False,16,1920,1080,U8,3,1920,1080,5760,988053584,0,0,0,1920,1080,False,2022-01-18T14:14:19.9465728+01:00
False,16,1920,1080,U8,3,1920,1080,5760,994324560,0,0,0,1920,1080,False,2022-01-18T14:14:19.9792768+01:00
False,16,1920,1080,U8,3,1920,1080,5760,1000640592,0,0,0,1920,1080,False,2022-01-18T14:14:20.0133760+01:00
False,16,1920,1080,U8,3,1920,1080,5760,812449872,0,0,0,1920,1080,False,2022-01-18T14:14:20.0466944+01:00
False,16,1920,1080,U8,3,1920,1080,5760,1149911120,0,0,0,1920,1080,False,2022-01-18T14:14:20.0800128+01:00
False,16,1920,1080,U8,3,1920,1080,5760,1156214864,0,0,0,1920,1080,False,2022-01-18T14:14:20.1146624+01:00
False,16,1920,1080,U8,3,1920,1080,5760,1162526800,0,0,0,1920,1080,False,2022-01-18T14:14:20.1466496+01:00
False,16,1920,1080,U8,3,1920,1080,5760,1168793680,0,0,0,1920,1080,False,2022-01-18T14:14:20.1811200+01:00
False,16,1920,1080,U8,3,1920,1080,5760,806195280,0,0,0,1920,1080,False,2022-01-18T14:14:20.2144000+01:00
False,16,1920,1080,U8,3,1920,1080,5760,812494928,0,0,0,1920,1080,False,2022-01-18T14:14:20.2464000+01:00
False,16,1920,1080,U8,3,1920,1080,5760,818753616,0,0,0,1920,1080,False,2022-01-18T14:14:20.2799488+01:00
False,16,1920,1080,U8,3,1920,1080,5760,825049168,0,0,0,1920,1080,False,2022-01-18T14:14:20.3168000+01:00
False,16,1920,1080,U8,3,1920,1080,5760,806187088,0,0,0,1920,1080,False,2022-01-18T14:14:20.3482496+01:00
False,16,1920,1080,U8,3,1920,1080,5760,812494928,0,0,0,1920,1080,False,2022-01-18T14:14:20.3804288+01:00
False,16,1920,1080,U8,3,1920,1080,5760,831381584,0,0,0,1920,1080,False,2022-01-18T14:14:20.4139264+01:00
False,16,1920,1080,U8,3,1920,1080,5760,844451920,0,0,0,1920,1080,False,2022-01-18T14:14:20.4480640+01:00
False,16,1920,1080,U8,3,1920,1080,5760,806166608,0,0,0,1920,1080,False,2022-01-18T14:14:20.4791936+01:00
False,16,1920,1080,U8,3,1920,1080,5760,812482640,0,0,0,1920,1080,False,2022-01-18T14:14:20.5152000+01:00
False,16,1920,1080,U8,3,1920,1080,5760,850780240,0,0,0,1920,1080,False,2022-01-18T14:14:20.5469056+01:00
False,16,1920,1080,U8,3,1920,1080,5760,988029008,0,0,0,1920,1080,False,2022-01-18T14:14:20.5823872+01:00
False,16,1920,1080,U8,3,1920,1080,5760,994312272,0,0,0,1920,1080,False,2022-01-18T14:14:20.6150912+01:00
False,16,1920,1080,U8,3,1920,1080,5760,1000542288,0,0,0,1920,1080,False,2022-01-18T14:14:20.6485504+01:00
False,16,1920,1080,U8,3,1920,1080,5760,1149935696,0,0,0,1920,1080,False,2022-01-18T14:14:20.6819840+01:00
False,16,1920,1080,U8,3,1920,1080,5760,1156218960,0,0,0,1920,1080,False,2022-01-18T14:14:20.7134592+01:00
False,16,1920,1080,U8,3,1920,1080,5760,1162498128,0,0,0,1920,1080,False,2022-01-18T14:14:20.7479936+01:00
False,16,1920,1080,U8,3,1920,1080,5760,1168814160,0,0,0,1920,1080,False,2022-01-18T14:14:20.7809280+01:00
False,16,1920,1080,U8,3,1920,1080,5760,806187088,0,0,0,1920,1080,False,2022-01-18T14:14:20.8135296+01:00
False,16,1920,1080,U8,3,1920,1080,5760,812494928,0,0,0,1920,1080,False,2022-01-18T14:14:20.8463104+01:00
False,16,1920,1080,U8,3,1920,1080,5760,818794576,0,0,0,1920,1080,False,2022-01-18T14:14:20.8827520+01:00
False,16,1920,1080,U8,3,1920,1080,5760,825094224,0,0,0,1920,1080,False,2022-01-18T14:14:20.9140352+01:00
False,16,1920,1080,U8,3,1920,1080,5760,806158416,0,0,0,1920,1080,False,2022-01-18T14:14:20.9464192+01:00
False,16,1920,1080,U8,3,1920,1080,5760,812441680,0,0,0,1920,1080,False,2022-01-18T14:14:20.9804800+01:00
False,16,1920,1080,U8,3,1920,1080,5760,831332432,0,0,0,1920,1080,False,2022-01-18T14:14:21.0135936+01:00
False,16,1920,1080,U8,3,1920,1080,5760,844476496,0,0,0,1920,1080,False,2022-01-18T14:14:21.0471680+01:00
False,16,1920,1080,U8,3,1920,1080,5760,806178896,0,0,0,1920,1080,False,2022-01-18T14:14:21.0792960+01:00
False,16,1920,1080,U8,3,1920,1080,5760,812478544,0,0,0,1920,1080,False,2022-01-18T14:14:21.1151360+01:00
False,16,1920,1080,U8,3,1920,1080,5760,850755664,0,0,0,1920,1080,False,2022-01-18T14:14:21.1470720+01:00
False,16,1920,1080,U8,3,1920,1080,5760,988020816,0,0,0,1920,1080,False,2022-01-18T14:14:21.1804928+01:00
False,16,1920,1080,U8,3,1920,1080,5760,994259024,0,0,0,1920,1080,False,2022-01-18T14:14:21.2147072+01:00
False,16,1920,1080,U8,3,1920,1080,5760,1000587344,0,0,0,1920,1080,False,2022-01-18T14:14:21.2466816+01:00
False,16,1920,1080,U8,3,1920,1080,5760,1149923408,0,0,0,1920,1080,False,2022-01-18T14:14:21.2803200+01:00
False,16,1920,1080,U8,3,1920,1080,5760,1156235344,0,0,0,1920,1080,False,2022-01-18T14:14:21.3132928+01:00
False,16,1920,1080,U8,3,1920,1080,5760,1162489936,0,0,0,1920,1080,False,2022-01-18T14:14:21.3465088+01:00
False,16,1920,1080,U8,3,1920,1080,5760,1168801872,0,0,0,1920,1080,False,2022-01-18T14:14:21.3826304+01:00
False,16,1920,1080,U8,3,1920,1080,5760,806191184,0,0,0,1920,1080,False,2022-01-18T14:14:21.4134784+01:00
False,16,1920,1080,U8,3,1920,1080,5760,812453968,0,0,0,1920,1080,False,2022-01-18T14:14:21.4477440+01:00
False,16,1920,1080,U8,3,1920,1080,5760,818761808,0,0,0,1920,1080,False,2022-01-18T14:14:21.4800896+01:00
False,16,1920,1080,U8,3,1920,1080,5760,825036880,0,0,0,1920,1080,False,2022-01-18T14:14:21.5143168+01:00
False,16,1920,1080,U8,3,1920,1080,5760,806203472,0,0,0,1920,1080,False,2022-01-18T14:14:21.5467648+01:00
False,16,1920,1080,U8,3,1920,1080,5760,812458064,0,0,0,1920,1080,False,2022-01-18T14:14:21.5802624+01:00
False,16,1920,1080,U8,3,1920,1080,5760,831324240,0,0,0,1920,1080,False,2022-01-18T14:14:21.6137344+01:00
False,16,1920,1080,U8,3,1920,1080,5760,844439632,0,0,0,1920,1080,False,2022-01-18T14:14:21.6482048+01:00
False,16,1920,1080,U8,3,1920,1080,5760,806158416,0,0,0,1920,1080,False,2022-01-18T14:14:21.6805632+01:00
False,16,1920,1080,U8,3,1920,1080,5760,812421200,0,0,0,1920,1080,False,2022-01-18T14:14:21.7143680+01:00
False,16,1920,1080,U8,3,1920,1080,5760,850731088,0,0,0,1920,1080,False,2022-01-18T14:14:21.7485696+01:00
False,16,1920,1080,U8,3,1920,1080,5760,988037200,0,0,0,1920,1080,False,2022-01-18T14:14:21.7802112+01:00
False,16,1920,1080,U8,3,1920,1080,5760,994316368,0,0,0,1920,1080,False,2022-01-18T14:14:21.8133888+01:00
False,16,1920,1080,U8,3,1920,1080,5760,1000603728,0,0,0,1920,1080,False,2022-01-18T14:14:21.8482304+01:00
False,16,1920,1080,U8,3,1920,1080,5760,1149911120,0,0,0,1920,1080,False,2022-01-18T14:14:21.8808064+01:00
False,16,1920,1080,U8,3,1920,1080,5760,1156190288,0,0,0,1920,1080,False,2022-01-18T14:14:21.9138432+01:00
False,16,1920,1080,U8,3,1920,1080,5760,1162477648,0,0,0,1920,1080,False,2022-01-18T14:14:21.9480064+01:00
False,16,1920,1080,U8,3,1920,1080,5760,1168752720,0,0,0,1920,1080,False,2022-01-18T14:14:21.9813888+01:00
False,16,1920,1080,U8,3,1920,1080,5760,806211664,0,0,0,1920,1080,False,2022-01-18T14:14:22.0164224+01:00
False,16,1920,1080,U8,3,1920,1080,5760,812507216,0,0,0,1920,1080,False,2022-01-18T14:14:22.0474368+01:00
False,16,1920,1080,U8,3,1920,1080,5760,818794576,0,0,0,1920,1080,False,2022-01-18T14:14:22.0826880+01:00
False,16,1920,1080,U8,3,1920,1080,5760,825090128,0,0,0,1920,1080,False,2022-01-18T14:14:22.1158400+01:00
False,16,1920,1080,U8,3,1920,1080,5760,806158416,0,0,0,1920,1080,False,2022-01-18T14:14:22.1465600+01:00
False,16,1920,1080,U8,3,1920,1080,5760,812400720,0,0,0,1920,1080,False,2022-01-18T14:14:22.1799296+01:00
False,16,1920,1080,U8,3,1920,1080,5760,831352912,0,0,0,1920,1080,False,2022-01-18T14:14:22.2148352+01:00
False,16,1920,1080,U8,3,1920,1080,5760,844488784,0,0,0,1920,1080,False,2022-01-18T14:14:22.2471936+01:00
False,16,1920,1080,U8,3,1920,1080,5760,806174800,0,0,0,1920,1080,False,2022-01-18T14:14:22.2792064+01:00
False,16,1920,1080,U8,3,1920,1080,5760,812474448,0,0,0,1920,1080,False,2022-01-18T14:14:22.3146752+01:00
False,16,1920,1080,U8,3,1920,1080,5760,850731088,0,0,0,1920,1080,False,2022-01-18T14:14:22.3482624+01:00
False,16,1920,1080,U8,3,1920,1080,5760,988053584,0,0,0,1920,1080,False,2022-01-18T14:14:22.3807744+01:00
False,16,1920,1080,U8,3,1920,1080,5760,994332752,0,0,0,1920,1080,False,2022-01-18T14:14:22.4146816+01:00
False,16,1920,1080,U8,3,1920,1080,5760,1000665168,0,0,0,1920,1080,False,2022-01-18T14:14:22.4469376+01:00
False,16,1920,1080,U8,3,1920,1080,5760,1149911120,0,0,0,1920,1080,False,2022-01-18T14:14:22.4802560+01:00
False,16,1920,1080,U8,3,1920,1080,5760,1156194384,0,0,0,1920,1080,False,2022-01-18T14:14:22.5144960+01:00
False,16,1920,1080,U8,3,1920,1080,5760,1162506320,0,0,0,1920,1080,False,2022-01-18T14:14:22.5466496+01:00
False,16,1920,1080,U8,3,1920,1080,5760,1168769104,0,0,0,1920,1080,False,2022-01-18T14:14:22.5813376+01:00
False,16,1920,1080,U8,3,1920,1080,5760,806178896,0,0,0,1920,1080,False,2022-01-18T14:14:22.6150528+01:00
False,16,1920,1080,U8,3,1920,1080,5760,812494928,0,0,0,1920,1080,False,2022-01-18T14:14:22.6466688+01:00
False,16,1920,1080,U8,3,1920,1080,5760,818774096,0,0,0,1920,1080,False,2022-01-18T14:14:22.6808064+01:00
False,16,1920,1080,U8,3,1920,1080,5760,825036880,0,0,0,1920,1080,False,2022-01-18T14:14:22.7140736+01:00
False,16,1920,1080,U8,3,1920,1080,5760,806187088,0,0,0,1920,1080,False,2022-01-18T14:14:22.7462272+01:00
False,16,1920,1080,U8,3,1920,1080,5760,812458064,0,0,0,1920,1080,False,2022-01-18T14:14:22.7804544+01:00
False,16,1920,1080,U8,3,1920,1080,5760,831365200,0,0,0,1920,1080,False,2022-01-18T14:14:22.8136320+01:00
False,16,1920,1080,U8,3,1920,1080,5760,844439632,0,0,0,1920,1080,False,2022-01-18T14:14:22.8478848+01:00
False,16,1920,1080,U8,3,1920,1080,5760,806182992,0,0,0,1920,1080,False,2022-01-18T14:14:22.8801664+01:00
False,16,1920,1080,U8,3,1920,1080,5760,812511312,0,0,0,1920,1080,False,2022-01-18T14:14:22.9135360+01:00
False,16,1920,1080,U8,3,1920,1080,5760,850755664,0,0,0,1920,1080,False,2022-01-18T14:14:22.9476864+01:00
False,16,1920,1080,U8,3,1920,1080,5760,988061776,0,0,0,1920,1080,False,2022-01-18T14:14:22.9800448+01:00
False,16,1920,1080,U8,3,1920,1080,5760,994336848,0,0,0,1920,1080,False,2022-01-18T14:14:23.0145792+01:00
False,16,1920,1080,U8,3,1920,1080,5760,1000661072,0,0,0,1920,1080,False,2022-01-18T14:14:23.0469888+01:00
False,16,1920,1080,U8,3,1920,1080,5760,1149956176,0,0,0,1920,1080,False,2022-01-18T14:14:23.0802944+01:00
False,16,1920,1080,U8,3,1920,1080,5760,1156218960,0,0,0,1920,1080,False,2022-01-18T14:14:23.1134848+01:00
False,16,1920,1080,U8,3,1920,1080,5760,1162522704,0,0,0,1920,1080,False,2022-01-18T14:14:23.1477760+01:00
False,16,1920,1080,U8,3,1920,1080,5760,1168805968,0,0,0,1920,1080,False,2022-01-18T14:14:23.1812224+01:00
False,16,1920,1080,U8,3,1920,1080,5760,806199376,0,0,0,1920,1080,False,2022-01-18T14:14:23.2137856+01:00
False,16,1920,1080,U8,3,1920,1080,5760,812486736,0,0,0,1920,1080,False,2022-01-18T14:14:23.2477568+01:00
False,16,1920,1080,U8,3,1920,1080,5760,818761808,0,0,0,1920,1080,False,2022-01-18T14:14:23.2809472+01:00
False,16,1920,1080,U8,3,1920,1080,5760,825049168,0,0,0,1920,1080,False,2022-01-18T14:14:23.3151872+01:00
False,16,1920,1080,U8,3,1920,1080,5760,806166608,0,0,0,1920,1080,False,2022-01-18T14:14:23.3473792+01:00
False,16,1920,1080,U8,3,1920,1080,5760,812458064,0,0,0,1920,1080,False,2022-01-18T14:14:23.3804288+01:00
False,16,1920,1080,U8,3,1920,1080,5760,831324240,0,0,0,1920,1080,False,2022-01-18T14:14:23.4153088+01:00
False,16,1920,1080,U8,3,1920,1080,5760,844439632,0,0,0,1920,1080,False,2022-01-18T14:14:23.4483200+01:00
False,16,1920,1080,U8,3,1920,1080,5760,806203472,0,0,0,1920,1080,False,2022-01-18T14:14:23.4807424+01:00
False,16,1920,1080,U8,3,1920,1080,5760,812503120,0,0,0,1920,1080,False,2022-01-18T14:14:23.5136000+01:00
False,16,1920,1080,U8,3,1920,1080,5760,850743376,0,0,0,1920,1080,False,2022-01-18T14:14:23.5469824+01:00
False,16,1920,1080,U8,3,1920,1080,5760,988082256,0,0,0,1920,1080,False,2022-01-18T14:14:23.5806464+01:00
False,16,1920,1080,U8,3,1920,1080,5760,994324560,0,0,0,1920,1080,False,2022-01-18T14:14:23.6138240+01:00
False,16,1920,1080,U8,3,1920,1080,5760,1000620112,0,0,0,1920,1080,False,2022-01-18T14:14:23.6470784+01:00
False,16,1920,1080,U8,3,1920,1080,5760,1149898832,0,0,0,1920,1080,False,2022-01-18T14:14:23.6805632+01:00
False,16,1920,1080,U8,3,1920,1080,5760,1156194384,0,0,0,1920,1080,False,2022-01-18T14:14:23.7131904+01:00
False,16,1920,1080,U8,3,1920,1080,5760,1162514512,0,0,0,1920,1080,False,2022-01-18T14:14:23.7477888+01:00
False,16,1920,1080,U8,3,1920,1080,5760,1168789584,0,0,0,1920,1080,False,2022-01-18T14:14:23.7811200+01:00
False,16,1920,1080,U8,3,1920,1080,5760,806199376,0,0,0,1920,1080,False,2022-01-18T14:14:23.8135168+01:00
False,16,1920,1080,U8,3,1920,1080,5760,812511312,0,0,0,1920,1080,False,2022-01-18T14:14:23.8469632+01:00
False,16,1920,1080,U8,3,1920,1080,5760,818794576,0,0,0,1920,1080,False,2022-01-18T14:14:23.8810368+01:00
False,16,1920,1080,U8,3,1920,1080,5760,825073744,0,0,0,1920,1080,False,2022-01-18T14:14:23.9153792+01:00
False,16,1920,1080,U8,3,1920,1080,5760,806170704,0,0,0,1920,1080,False,2022-01-18T14:14:23.9468672+01:00
False,16,1920,1080,U8,3,1920,1080,5760,812490832,0,0,0,1920,1080,False,2022-01-18T14:14:23.9803776+01:00
False,16,1920,1080,U8,3,1920,1080,5760,831344720,0,0,0,1920,1080,False,2022-01-18T14:14:24.0139648+01:00
False,16,1920,1080,U8,3,1920,1080,5760,844468304,0,0,0,1920,1080,False,2022-01-18T14:14:24.0481280+01:00
False,16,1920,1080,U8,3,1920,1080,5760,806207568,0,0,0,1920,1080,False,2022-01-18T14:14:24.0805888+01:00
False,16,1920,1080,U8,3,1920,1080,5760,812474448,0,0,0,1920,1080,False,2022-01-18T14:14:24.1136384+01:00
False,16,1920,1080,U8,3,1920,1080,5760,850772048,0,0,0,1920,1080,False,2022-01-18T14:14:24.1483008+01:00
False,16,1920,1080,U8,3,1920,1080,5760,988037200,0,0,0,1920,1080,False,2022-01-18T14:14:24.1803392+01:00
False,16,1920,1080,U8,3,1920,1080,5760,994320464,0,0,0,1920,1080,False,2022-01-18T14:14:24.2143872+01:00
False,16,1920,1080,U8,3,1920,1080,5760,1000636496,0,0,0,1920,1080,False,2022-01-18T14:14:24.2480640+01:00
False,16,1920,1080,U8,3,1920,1080,5760,1149952080,0,0,0,1920,1080,False,2022-01-18T14:14:24.2804608+01:00
False,16,1920,1080,U8,3,1920,1080,5760,1156186192,0,0,0,1920,1080,False,2022-01-18T14:14:24.3146112+01:00
False,16,1920,1080,U8,3,1920,1080,5760,1162465360,0,0,0,1920,1080,False,2022-01-18T14:14:24.3478784+01:00
False,16,1920,1080,U8,3,1920,1080,5760,1168752720,0,0,0,1920,1080,False,2022-01-18T14:14:24.3824128+01:00
False,16,1920,1080,U8,3,1920,1080,5760,806182992,0,0,0,1920,1080,False,2022-01-18T14:14:24.4149760+01:00
False,16,1920,1080,U8,3,1920,1080,5760,812478544,0,0,0,1920,1080,False,2022-01-18T14:14:24.4479488+01:00
False,16,1920,1080,U8,3,1920,1080,5760,818778192,0,0,0,1920,1080,False,2022-01-18T14:14:24.4812672+01:00
False,16,1920,1080,U8,3,1920,1080,5760,825073744,0,0,0,1920,1080,False,2022-01-18T14:14:24.5167360+01:00
False,16,1920,1080,U8,3,1920,1080,5760,806215760,0,0,0,1920,1080,False,2022-01-18T14:14:24.5479040+01:00
False,16,1920,1080,U8,3,1920,1080,5760,812511312,0,0,0,1920,1080,False,2022-01-18T14:14:24.5806848+01:00
False,16,1920,1080,U8,3,1920,1080,5760,831377488,0,0,0,1920,1080,False,2022-01-18T14:14:24.6149760+01:00
False,16,1920,1080,U8,3,1920,1080,5760,844439632,0,0,0,1920,1080,False,2022-01-18T14:14:24.6496000+01:00
False,16,1920,1080,U8,3,1920,1080,5760,806162512,0,0,0,1920,1080,False,2022-01-18T14:14:24.6825344+01:00
False,16,1920,1080,U8,3,1920,1080,5760,812486736,0,0,0,1920,1080,False,2022-01-18T14:14:24.7159296+01:00
False,16,1920,1080,U8,3,1920,1080,5760,850776144,0,0,0,1920,1080,False,2022-01-18T14:14:24.7492480+01:00
False,16,1920,1080,U8,3,1920,1080,5760,988082256,0,0,0,1920,1080,False,2022-01-18T14:14:24.7822592+01:00
False,16,1920,1080,U8,3,1920,1080,5760,994373712,0,0,0,1920,1080,False,2022-01-18T14:14:24.8157440+01:00
False,16,1920,1080,U8,3,1920,1080,5760,1000628304,0,0,0,1920,1080,False,2022-01-18T14:14:24.8496384+01:00
False,16,1920,1080,U8,3,1920,1080,5760,1149927504,0,0,0,1920,1080,False,2022-01-18T14:14:24.8825984+01:00
False,16,1920,1080,U8,3,1920,1080,5760,1156223056,0,0,0,1920,1080,False,2022-01-18T14:14:24.9154688+01:00
False,16,1920,1080,U8,3,1920,1080,5760,1162530896,0,0,0,1920,1080,False,2022-01-18T14:14:24.9497856+01:00
False,16,1920,1080,U8,3,1920,1080,5760,1168789584,0,0,0,1920,1080,False,2022-01-18T14:14:24.9830400+01:00
False,16,1920,1080,U8,3,1920,1080,5760,806215760,0,0,0,1920,1080,False,2022-01-18T14:14:25.0156032+01:00
False,16,1920,1080,U8,3,1920,1080,5760,812449872,0,0,0,1920,1080,False,2022-01-18T14:14:25.0479232+01:00
False,16,1920,1080,U8,3,1920,1080,5760,818675792,0,0,0,1920,1080,False,2022-01-18T14:14:25.0826368+01:00
False,16,1920,1080,U8,3,1920,1080,5760,824901712,0,0,0,1920,1080,False,2022-01-18T14:14:25.1156864+01:00
False,16,1920,1080,U8,3,1920,1080,5760,806191184,0,0,0,1920,1080,False,2022-01-18T14:14:25.1491840+01:00
False,16,1920,1080,U8,3,1920,1080,5760,831144016,0,0,0,1920,1080,False,2022-01-18T14:14:25.1821696+01:00
False,16,1920,1080,U8,3,1920,1080,5760,844492880,0,0,0,1920,1080,False,2022-01-18T14:14:25.2153216+01:00
False,16,1920,1080,U8,3,1920,1080,5760,812449872,0,0,0,1920,1080,False,2022-01-18T14:14:25.2498688+01:00
False,16,1920,1080,U8,3,1920,1080,5760,806178896,0,0,0,1920,1080,False,2022-01-18T14:14:25.2820736+01:00
False,16,1920,1080,U8,3,1920,1080,5760,831160400,0,0,0,1920,1080,False,2022-01-18T14:14:25.3148288+01:00
False,16,1920,1080,U8,3,1920,1080,5760,850743376,0,0,0,1920,1080,False,2022-01-18T14:14:25.3509760+01:00
False,16,1920,1080,U8,3,1920,1080,5760,988037200,0,0,0,1920,1080,False,2022-01-18T14:14:25.3810432+01:00
False,16,1920,1080,U8,3,1920,1080,5760,994340944,0,0,0,1920,1080,False,2022-01-18T14:14:25.4152960+01:00
False,16,1920,1080,U8,3,1920,1080,5760,1000656976,0,0,0,1920,1080,False,2022-01-18T14:14:25.4496128+01:00
False,16,1920,1080,U8,3,1920,1080,5760,1149915216,0,0,0,1920,1080,False,2022-01-18T14:14:25.4822656+01:00
False,16,1920,1080,U8,3,1920,1080,5760,1156247632,0,0,0,1920,1080,False,2022-01-18T14:14:25.5152000+01:00
False,16,1920,1080,U8,3,1920,1080,5760,1162494032,0,0,0,1920,1080,False,2022-01-18T14:14:25.5494656+01:00
False,16,1920,1080,U8,3,1920,1080,5760,1168793680,0,0,0,1920,1080,False,2022-01-18T14:14:25.5830016+01:00
False,16,1920,1080,U8,3,1920,1080,5760,806166608,0,0,0,1920,1080,False,2022-01-18T14:14:25.6163584+01:00
False,16,1920,1080,U8,3,1920,1080,5760,812511312,0,0,0,1920,1080,False,2022-01-18T14:14:25.6490624+01:00
False,16,1920,1080,U8,3,1920,1080,5760,818749520,0,0,0,1920,1080,False,2022-01-18T14:14:25.6822144+01:00
False,16,1920,1080,U8,3,1920,1080,5760,825065552,0,0,0,1920,1080,False,2022-01-18T14:14:25.7169536+01:00
False,16,1920,1080,U8,3,1920,1080,5760,806207568,0,0,0,1920,1080,False,2022-01-18T14:14:25.7487360+01:00
False,16,1920,1080,U8,3,1920,1080,5760,812474448,0,0,0,1920,1080,False,2022-01-18T14:14:25.7816960+01:00
False,16,1920,1080,U8,3,1920,1080,5760,831361104,0,0,0,1920,1080,False,2022-01-18T14:14:25.8164736+01:00
False,16,1920,1080,U8,3,1920,1080,5760,844472400,0,0,0,1920,1080,False,2022-01-18T14:14:25.8496384+01:00
False,16,1920,1080,U8,3,1920,1080,5760,806170704,0,0,0,1920,1080,False,2022-01-18T14:14:25.8821504+01:00
False,16,1920,1080,U8,3,1920,1080,5760,812486736,0,0,0,1920,1080,False,2022-01-18T14:14:25.9147520+01:00
False,16,1920,1080,U8,3,1920,1080,5760,850772048,0,0,0,1920,1080,False,2022-01-18T14:14:25.9497728+01:00
False,16,1920,1080,U8,3,1920,1080,5760,988041296,0,0,0,1920,1080,False,2022-01-18T14:14:25.9821568+01:00
False,16,1920,1080,U8,3,1920,1080,5760,994365520,0,0,0,1920,1080,False,2022-01-18T14:14:26.0148352+01:00
False,16,1920,1080,U8,3,1920,1080,5760,1000656976,0,0,0,1920,1080,False,2022-01-18T14:14:26.0495872+01:00
False,16,1920,1080,U8,3,1920,1080,5760,1149956176,0,0,0,1920,1080,False,2022-01-18T14:14:26.0813824+01:00
False,16,1920,1080,U8,3,1920,1080,5760,1156190288,0,0,0,1920,1080,False,2022-01-18T14:14:26.1147264+01:00
False,16,1920,1080,U8,3,1920,1080,5760,1162514512,0,0,0,1920,1080,False,2022-01-18T14:14:26.1495424+01:00
False,16,1920,1080,U8,3,1920,1080,5760,1168814160,0,0,0,1920,1080,False,2022-01-18T14:14:26.1829632+01:00
False,16,1920,1080,U8,3,1920,1080,5760,806182992,0,0,0,1920,1080,False,2022-01-18T14:14:26.2148096+01:00
False,16,1920,1080,U8,3,1920,1080,5760,812482640,0,0,0,1920,1080,False,2022-01-18T14:14:26.2492416+01:00
False,16,1920,1080,U8,3,1920,1080,5760,818786384,0,0,0,1920,1080,False,2022-01-18T14:14:26.2824448+01:00
False,16,1920,1080,U8,3,1920,1080,5760,825065552,0,0,0,1920,1080,False,2022-01-18T14:14:26.3168256+01:00
False,16,1920,1080,U8,3,1920,1080,5760,806195280,0,0,0,1920,1080,False,2022-01-18T14:14:26.3490176+01:00
False,16,1920,1080,U8,3,1920,1080,5760,812466256,0,0,0,1920,1080,False,2022-01-18T14:14:26.3820416+01:00
False,16,1920,1080,U8,3,1920,1080,5760,831377488,0,0,0,1920,1080,False,2022-01-18T14:14:26.4163328+01:00
False,16,1920,1080,U8,3,1920,1080,5760,844435536,0,0,0,1920,1080,False,2022-01-18T14:14:26.4498816+01:00
False,16,1920,1080,U8,3,1920,1080,5760,806199376,0,0,0,1920,1080,False,2022-01-18T14:14:26.4816256+01:00
False,16,1920,1080,U8,3,1920,1080,5760,812453968,0,0,0,1920,1080,False,2022-01-18T14:14:26.5149824+01:00
False,16,1920,1080,U8,3,1920,1080,5760,850780240,0,0,0,1920,1080,False,2022-01-18T14:14:26.5484928+01:00
False,16,1920,1080,U8,3,1920,1080,5760,988078160,0,0,0,1920,1080,False,2022-01-18T14:14:26.5822592+01:00
False,16,1920,1080,U8,3,1920,1080,5760,994357328,0,0,0,1920,1080,False,2022-01-18T14:14:26.6160128+01:00
False,16,1920,1080,U8,3,1920,1080,5760,1000661072,0,0,0,1920,1080,False,2022-01-18T14:14:26.6493824+01:00
False,16,1920,1080,U8,3,1920,1080,5760,1149894736,0,0,0,1920,1080,False,2022-01-18T14:14:26.6820608+01:00
False,16,1920,1080,U8,3,1920,1080,5760,1156145232,0,0,0,1920,1080,False,2022-01-18T14:14:26.7158656+01:00
False,16,1920,1080,U8,3,1920,1080,5760,1162428496,0,0,0,1920,1080,False,2022-01-18T14:14:26.7492864+01:00
False,16,1920,1080,U8,3,1920,1080,5760,1168715856,0,0,0,1920,1080,False,2022-01-18T14:14:26.7827328+01:00
False,16,1920,1080,U8,3,1920,1080,5760,806211664,0,0,0,1920,1080,False,2022-01-18T14:14:26.8158976+01:00
False,16,1920,1080,U8,3,1920,1080,5760,812494928,0,0,0,1920,1080,False,2022-01-18T14:14:26.8487680+01:00
False,16,1920,1080,U8,3,1920,1080,5760,818794576,0,0,0,1920,1080,False,2022-01-18T14:14:26.8823424+01:00
False,16,1920,1080,U8,3,1920,1080,5760,825073744,0,0,0,1920,1080,False,2022-01-18T14:14:26.9156992+01:00
False,16,1920,1080,U8,3,1920,1080,5760,806166608,0,0,0,1920,1080,False,2022-01-18T14:14:26.9485824+01:00
False,16,1920,1080,U8,3,1920,1080,5760,812462160,0,0,0,1920,1080,False,2022-01-18T14:14:26.9817344+01:00
False,16,1920,1080,U8,3,1920,1080,5760,831344720,0,0,0,1920,1080,False,2022-01-18T14:14:27.0151680+01:00
False,16,1920,1080,U8,3,1920,1080,5760,844468304,0,0,0,1920,1080,False,2022-01-18T14:14:27.0489088+01:00
False,16,1920,1080,U8,3,1920,1080,5760,806215760,0,0,0,1920,1080,False,2022-01-18T14:14:27.0819712+01:00
False,16,1920,1080,U8,3,1920,1080,5760,812482640,0,0,0,1920,1080,False,2022-01-18T14:14:27.1152768+01:00
False,16,1920,1080,U8,3,1920,1080,5760,850731088,0,0,0,1920,1080,False,2022-01-18T14:14:27.1494016+01:00
False,16,1920,1080,U8,3,1920,1080,5760,988082256,0,0,0,1920,1080,False,2022-01-18T14:14:27.1823488+01:00
False,16,1920,1080,U8,3,1920,1080,5760,994361424,0,0,0,1920,1080,False,2022-01-18T14:14:27.2153984+01:00
False,16,1920,1080,U8,3,1920,1080,5760,1000648784,0,0,0,1920,1080,False,2022-01-18T14:14:27.2486400+01:00
False,16,1920,1080,U8,3,1920,1080,5760,1149943888,0,0,0,1920,1080,False,2022-01-18T14:14:27.2821120+01:00
False,16,1920,1080,U8,3,1920,1080,5760,1156190288,0,0,0,1920,1080,False,2022-01-18T14:14:27.3148416+01:00
False,16,1920,1080,U8,3,1920,1080,5760,1162498128,0,0,0,1920,1080,False,2022-01-18T14:14:27.3494656+01:00
False,16,1920,1080,U8,3,1920,1080,5760,1168785488,0,0,0,1920,1080,False,2022-01-18T14:14:27.3829632+01:00
False,16,1920,1080,U8,3,1920,1080,5760,806207568,0,0,0,1920,1080,False,2022-01-18T14:14:27.4154112+01:00
False,16,1920,1080,U8,3,1920,1080,5760,812449872,0,0,0,1920,1080,False,2022-01-18T14:14:27.4496384+01:00
False,16,1920,1080,U8,3,1920,1080,5760,818729040,0,0,0,1920,1080,False,2022-01-18T14:14:27.4831232+01:00
False,16,1920,1080,U8,3,1920,1080,5760,825000016,0,0,0,1920,1080,False,2022-01-18T14:14:27.5171968+01:00
False,16,1920,1080,U8,3,1920,1080,5760,806199376,0,0,0,1920,1080,False,2022-01-18T14:14:27.5494400+01:00
False,16,1920,1080,U8,3,1920,1080,5760,831307856,0,0,0,1920,1080,False,2022-01-18T14:14:27.5825664+01:00
False,16,1920,1080,U8,3,1920,1080,5760,844492880,0,0,0,1920,1080,False,2022-01-18T14:14:27.6157696+01:00
False,16,1920,1080,U8,3,1920,1080,5760,850759760,0,0,0,1920,1080,False,2022-01-18T14:14:27.6501632+01:00
False,16,1920,1080,U8,3,1920,1080,5760,806182992,0,0,0,1920,1080,False,2022-01-18T14:14:27.6813952+01:00
False,16,1920,1080,U8,3,1920,1080,5760,831316048,0,0,0,1920,1080,False,2022-01-18T14:14:27.7155712+01:00
False,16,1920,1080,U8,3,1920,1080,5760,988037200,0,0,0,1920,1080,False,2022-01-18T14:14:27.7485056+01:00
False,16,1920,1080,U8,3,1920,1080,5760,994361424,0,0,0,1920,1080,False,2022-01-18T14:14:27.7822464+01:00
False,16,1920,1080,U8,3,1920,1080,5760,1000607824,0,0,0,1920,1080,False,2022-01-18T14:14:27.8154112+01:00
False,16,1920,1080,U8,3,1920,1080,5760,1149943888,0,0,0,1920,1080,False,2022-01-18T14:14:27.8497280+01:00
False,16,1920,1080,U8,3,1920,1080,5760,1156239440,0,0,0,1920,1080,False,2022-01-18T14:14:27.8823040+01:00
False,16,1920,1080,U8,3,1920,1080,5760,1162530896,0,0,0,1920,1080,False,2022-01-18T14:14:27.9154176+01:00
False,16,1920,1080,U8,3,1920,1080,5760,1168773200,0,0,0,1920,1080,False,2022-01-18T14:14:27.9488128+01:00
False,16,1920,1080,U8,3,1920,1080,5760,1175076944,0,0,0,1920,1080,False,2022-01-18T14:14:27.9830656+01:00
False,16,1920,1080,U8,3,1920,1080,5760,806219856,0,0,0,1920,1080,False,2022-01-18T14:14:28.0150784+01:00
False,16,1920,1080,U8,3,1920,1080,5760,812511312,0,0,0,1920,1080,False,2022-01-18T14:14:28.0488320+01:00
False,16,1920,1080,U8,3,1920,1080,5760,818802768,0,0,0,1920,1080,False,2022-01-18T14:14:28.0820480+01:00
False,16,1920,1080,U8,3,1920,1080,5760,825073744,0,0,0,1920,1080,False,2022-01-18T14:14:28.1162752+01:00
False,16,1920,1080,U8,3,1920,1080,5760,806178896,0,0,0,1920,1080,False,2022-01-18T14:14:28.1483392+01:00
False,16,1920,1080,U8,3,1920,1080,5760,812482640,0,0,0,1920,1080,False,2022-01-18T14:14:28.1823872+01:00
False,16,1920,1080,U8,3,1920,1080,5760,831381584,0,0,0,1920,1080,False,2022-01-18T14:14:28.2155776+01:00
False,16,1920,1080,U8,3,1920,1080,5760,844451920,0,0,0,1920,1080,False,2022-01-18T14:14:28.2487680+01:00
False,16,1920,1080,U8,3,1920,1080,5760,806187088,0,0,0,1920,1080,False,2022-01-18T14:14:28.2818944+01:00
False,16,1920,1080,U8,3,1920,1080,5760,812458064,0,0,0,1920,1080,False,2022-01-18T14:14:28.3151232+01:00
False,16,1920,1080,U8,3,1920,1080,5760,850743376,0,0,0,1920,1080,False,2022-01-18T14:14:28.3496704+01:00
False,16,1920,1080,U8,3,1920,1080,5760,988033104,0,0,0,1920,1080,False,2022-01-18T14:14:28.3820160+01:00
False,16,1920,1080,U8,3,1920,1080,5760,994316368,0,0,0,1920,1080,False,2022-01-18T14:14:28.4152320+01:00
False,16,1920,1080,U8,3,1920,1080,5760,1000632400,0,0,0,1920,1080,False,2022-01-18T14:14:28.4486912+01:00
False,16,1920,1080,U8,3,1920,1080,5760,1149939792,0,0,0,1920,1080,False,2022-01-18T14:14:28.4819968+01:00
False,16,1920,1080,U8,3,1920,1080,5760,1156210768,0,0,0,1920,1080,False,2022-01-18T14:14:28.5140480+01:00
False,16,1920,1080,U8,3,1920,1080,5760,1162514512,0,0,0,1920,1080,False,2022-01-18T14:14:28.5482880+01:00
False,16,1920,1080,U8,3,1920,1080,5760,1168781392,0,0,0,1920,1080,False,2022-01-18T14:14:28.5819520+01:00
False,16,1920,1080,U8,3,1920,1080,5760,806199376,0,0,0,1920,1080,False,2022-01-18T14:14:28.6152960+01:00
False,16,1920,1080,U8,3,1920,1080,5760,812507216,0,0,0,1920,1080,False,2022-01-18T14:14:28.6481408+01:00
False,16,1920,1080,U8,3,1920,1080,5760,818757712,0,0,0,1920,1080,False,2022-01-18T14:14:28.6822784+01:00
False,16,1920,1080,U8,3,1920,1080,5760,825036880,0,0,0,1920,1080,False,2022-01-18T14:14:28.7173888+01:00
False,16,1920,1080,U8,3,1920,1080,5760,806182992,0,0,0,1920,1080,False,2022-01-18T14:14:28.7481728+01:00
False,16,1920,1080,U8,3,1920,1080,5760,812470352,0,0,0,1920,1080,False,2022-01-18T14:14:28.7810944+01:00
False,16,1920,1080,U8,3,1920,1080,5760,831344720,0,0,0,1920,1080,False,2022-01-18T14:14:28.8153088+01:00
False,16,1920,1080,U8,3,1920,1080,5760,844456016,0,0,0,1920,1080,False,2022-01-18T14:14:28.8490496+01:00
False,16,1920,1080,U8,3,1920,1080,5760,806195280,0,0,0,1920,1080,False,2022-01-18T14:14:28.8820736+01:00
False,16,1920,1080,U8,3,1920,1080,5760,812494928,0,0,0,1920,1080,False,2022-01-18T14:14:28.9151360+01:00
False,16,1920,1080,U8,3,1920,1080,5760,850722896,0,0,0,1920,1080,False,2022-01-18T14:14:28.9485312+01:00
False,16,1920,1080,U8,3,1920,1080,5760,988024912,0,0,0,1920,1080,False,2022-01-18T14:14:28.9816960+01:00
False,16,1920,1080,U8,3,1920,1080,5760,994316368,0,0,0,1920,1080,False,2022-01-18T14:14:29.0150656+01:00
False,16,1920,1080,U8,3,1920,1080,5760,1000648784,0,0,0,1920,1080,False,2022-01-18T14:14:29.0486272+01:00
False,16,1920,1080,U8,3,1920,1080,5760,1149907024,0,0,0,1920,1080,False,2022-01-18T14:14:29.0821248+01:00
False,16,1920,1080,U8,3,1920,1080,5760,1156235344,0,0,0,1920,1080,False,2022-01-18T14:14:29.1143680+01:00
False,16,1920,1080,U8,3,1920,1080,5760,1162534992,0,0,0,1920,1080,False,2022-01-18T14:14:29.1488384+01:00
False,16,1920,1080,U8,3,1920,1080,5760,1168773200,0,0,0,1920,1080,False,2022-01-18T14:14:29.1820544+01:00
False,16,1920,1080,U8,3,1920,1080,5760,806199376,0,0,0,1920,1080,False,2022-01-18T14:14:29.2155648+01:00
False,16,1920,1080,U8,3,1920,1080,5760,812466256,0,0,0,1920,1080,False,2022-01-18T14:14:29.2485632+01:00
False,16,1920,1080,U8,3,1920,1080,5760,818761808,0,0,0,1920,1080,False,2022-01-18T14:14:29.2820224+01:00
False,16,1920,1080,U8,3,1920,1080,5760,825032784,0,0,0,1920,1080,False,2022-01-18T14:14:29.3159808+01:00
False,16,1920,1080,U8,3,1920,1080,5760,806170704,0,0,0,1920,1080,False,2022-01-18T14:14:29.3487232+01:00
False,16,1920,1080,U8,3,1920,1080,5760,812507216,0,0,0,1920,1080,False,2022-01-18T14:14:29.3812480+01:00
False,16,1920,1080,U8,3,1920,1080,5760,831258704,0,0,0,1920,1080,False,2022-01-18T14:14:29.4158720+01:00
False,16,1920,1080,U8,3,1920,1080,5760,844451920,0,0,0,1920,1080,False,2022-01-18T14:14:29.4491776+01:00
False,16,1920,1080,U8,3,1920,1080,5760,806170704,0,0,0,1920,1080,False,2022-01-18T14:14:29.4816128+01:00
False,16,1920,1080,U8,3,1920,1080,5760,812503120,0,0,0,1920,1080,False,2022-01-18T14:14:29.5145728+01:00
False,16,1920,1080,U8,3,1920,1080,5760,850776144,0,0,0,1920,1080,False,2022-01-18T14:14:29.5497728+01:00
False,16,1920,1080,U8,3,1920,1080,5760,988029008,0,0,0,1920,1080,False,2022-01-18T14:14:29.5814912+01:00
False,16,1920,1080,U8,3,1920,1080,5760,994332752,0,0,0,1920,1080,False,2022-01-18T14:14:29.6153856+01:00
False,16,1920,1080,U8,3,1920,1080,5760,1000640592,0,0,0,1920,1080,False,2022-01-18T14:14:29.6490752+01:00
False,16,1920,1080,U8,3,1920,1080,5760,1149907024,0,0,0,1920,1080,False,2022-01-18T14:14:29.6814208+01:00
False,16,1920,1080,U8,3,1920,1080,5760,1156198480,0,0,0,1920,1080,False,2022-01-18T14:14:29.7154944+01:00
False,16,1920,1080,U8,3,1920,1080,5760,1162506320,0,0,0,1920,1080,False,2022-01-18T14:14:29.7495936+01:00
False,16,1920,1080,U8,3,1920,1080,5760,1168777296,0,0,0,1920,1080,False,2022-01-18T14:14:29.7818752+01:00
False,16,1920,1080,U8,3,1920,1080,5760,806203472,0,0,0,1920,1080,False,2022-01-18T14:14:29.8152064+01:00
False,16,1920,1080,U8,3,1920,1080,5760,812458064,0,0,0,1920,1080,False,2022-01-18T14:14:29.8486400+01:00
False,16,1920,1080,U8,3,1920,1080,5760,818794576,0,0,0,1920,1080,False,2022-01-18T14:14:29.8820992+01:00
False,16,1920,1080,U8,3,1920,1080,5760,825077840,0,0,0,1920,1080,False,2022-01-18T14:14:29.9163776+01:00
False,16,1920,1080,U8,3,1920,1080,5760,806158416,0,0,0,1920,1080,False,2022-01-18T14:14:29.9485696+01:00
False,16,1920,1080,U8,3,1920,1080,5760,812388432,0,0,0,1920,1080,False,2022-01-18T14:14:29.9822976+01:00
False,16,1920,1080,U8,3,1920,1080,5760,831336528,0,0,0,1920,1080,False,2022-01-18T14:14:30.0156160+01:00
False,16,1920,1080,U8,3,1920,1080,5760,844476496,0,0,0,1920,1080,False,2022-01-18T14:14:30.0486784+01:00
False,16,1920,1080,U8,3,1920,1080,5760,806182992,0,0,0,1920,1080,False,2022-01-18T14:14:30.0824832+01:00
False,16,1920,1080,U8,3,1920,1080,5760,812453968,0,0,0,1920,1080,False,2022-01-18T14:14:30.1157504+01:00
False,16,1920,1080,U8,3,1920,1080,5760,850731088,0,0,0,1920,1080,False,2022-01-18T14:14:30.1489792+01:00
False,16,1920,1080,U8,3,1920,1080,5760,988045392,0,0,0,1920,1080,False,2022-01-18T14:14:30.1813888+01:00
False,16,1920,1080,U8,3,1920,1080,5760,994345040,0,0,0,1920,1080,False,2022-01-18T14:14:30.2144128+01:00
False,16,1920,1080,U8,3,1920,1080,5760,1000616016,0,0,0,1920,1080,False,2022-01-18T14:14:30.2485760+01:00
False,16,1920,1080,U8,3,1920,1080,5760,1149947984,0,0,0,1920,1080,False,2022-01-18T14:14:30.2823040+01:00
False,16,1920,1080,U8,3,1920,1080,5760,1156210768,0,0,0,1920,1080,False,2022-01-18T14:14:30.3153152+01:00
False,16,1920,1080,U8,3,1920,1080,5760,1162514512,0,0,0,1920,1080,False,2022-01-18T14:14:30.3486592+01:00
False,16,1920,1080,U8,3,1920,1080,5760,1168814160,0,0,0,1920,1080,False,2022-01-18T14:14:30.3820928+01:00
False,16,1920,1080,U8,3,1920,1080,5760,806162512,0,0,0,1920,1080,False,2022-01-18T14:14:30.4154368+01:00
False,16,1920,1080,U8,3,1920,1080,5760,812453968,0,0,0,1920,1080,False,2022-01-18T14:14:30.4482560+01:00
False,16,1920,1080,U8,3,1920,1080,5760,818798672,0,0,0,1920,1080,False,2022-01-18T14:14:30.4816640+01:00
False,16,1920,1080,U8,3,1920,1080,5760,825081936,0,0,0,1920,1080,False,2022-01-18T14:14:30.5159296+01:00
False,16,1920,1080,U8,3,1920,1080,5760,806211664,0,0,0,1920,1080,False,2022-01-18T14:14:30.5481984+01:00
False,16,1920,1080,U8,3,1920,1080,5760,812494928,0,0,0,1920,1080,False,2022-01-18T14:14:30.5825024+01:00
False,16,1920,1080,U8,3,1920,1080,5760,831352912,0,0,0,1920,1080,False,2022-01-18T14:14:30.6157440+01:00
False,16,1920,1080,U8,3,1920,1080,5760,844435536,0,0,0,1920,1080,False,2022-01-18T14:14:30.6491264+01:00
False,16,1920,1080,U8,3,1920,1080,5760,806187088,0,0,0,1920,1080,False,2022-01-18T14:14:30.6814848+01:00
False,16,1920,1080,U8,3,1920,1080,5760,812499024,0,0,0,1920,1080,False,2022-01-18T14:14:30.7156992+01:00
False,16,1920,1080,U8,3,1920,1080,5760,850784336,0,0,0,1920,1080,False,2022-01-18T14:14:30.7486336+01:00
False,16,1920,1080,U8,3,1920,1080,5760,988049488,0,0,0,1920,1080,False,2022-01-18T14:14:30.7814016+01:00
False,16,1920,1080,U8,3,1920,1080,5760,994320464,0,0,0,1920,1080,False,2022-01-18T14:14:30.8151936+01:00
False,16,1920,1080,U8,3,1920,1080,5760,1000620112,0,0,0,1920,1080,False,2022-01-18T14:14:30.8488960+01:00
False,16,1920,1080,U8,3,1920,1080,5760,1149923408,0,0,0,1920,1080,False,2022-01-18T14:14:30.8822784+01:00
False,16,1920,1080,U8,3,1920,1080,5760,1156218960,0,0,0,1920,1080,False,2022-01-18T14:14:30.9144576+01:00
False,16,1920,1080,U8,3,1920,1080,5760,1162489936,0,0,0,1920,1080,False,2022-01-18T14:14:30.9487744+01:00
False,16,1920,1080,U8,3,1920,1080,5760,1168797776,0,0,0,1920,1080,False,2022-01-18T14:14:30.9822336+01:00
False,16,1920,1080,U8,3,1920,1080,5760,806191184,0,0,0,1920,1080,False,2022-01-18T14:14:31.0157312+01:00
False,16,1920,1080,U8,3,1920,1080,5760,812482640,0,0,0,1920,1080,False,2022-01-18T14:14:31.0483072+01:00
False,16,1920,1080,U8,3,1920,1080,5760,818774096,0,0,0,1920,1080,False,2022-01-18T14:14:31.0828288+01:00
False,16,1920,1080,U8,3,1920,1080,5760,825081936,0,0,0,1920,1080,False,2022-01-18T14:14:31.1160576+01:00
False,16,1920,1080,U8,3,1920,1080,5760,806162512,0,0,0,1920,1080,False,2022-01-18T14:14:31.1485056+01:00
False,16,1920,1080,U8,3,1920,1080,5760,812474448,0,0,0,1920,1080,False,2022-01-18T14:14:31.1814784+01:00
False,16,1920,1080,U8,3,1920,1080,5760,831361104,0,0,0,1920,1080,False,2022-01-18T14:14:31.2161920+01:00
False,16,1920,1080,U8,3,1920,1080,5760,844435536,0,0,0,1920,1080,False,2022-01-18T14:14:31.2495744+01:00
False,16,1920,1080,U8,3,1920,1080,5760,806158416,0,0,0,1920,1080,False,2022-01-18T14:14:31.2826240+01:00
False,16,1920,1080,U8,3,1920,1080,5760,812404816,0,0,0,1920,1080,False,2022-01-18T14:14:31.3156608+01:00
False,16,1920,1080,U8,3,1920,1080,5760,850759760,0,0,0,1920,1080,False,2022-01-18T14:14:31.3489152+01:00
False,16,1920,1080,U8,3,1920,1080,5760,988065872,0,0,0,1920,1080,False,2022-01-18T14:14:31.3815040+01:00
False,16,1920,1080,U8,3,1920,1080,5760,994345040,0,0,0,1920,1080,False,2022-01-18T14:14:31.4162176+01:00
False,16,1920,1080,U8,3,1920,1080,5760,1000648784,0,0,0,1920,1080,False,2022-01-18T14:14:31.4494208+01:00
False,16,1920,1080,U8,3,1920,1080,5760,1149894736,0,0,0,1920,1080,False,2022-01-18T14:14:31.4818304+01:00
False,16,1920,1080,U8,3,1920,1080,5760,1156120656,0,0,0,1920,1080,False,2022-01-18T14:14:31.5150848+01:00
False,16,1920,1080,U8,3,1920,1080,5760,1162346576,0,0,0,1920,1080,False,2022-01-18T14:14:31.5489024+01:00
False,16,1920,1080,U8,3,1920,1080,5760,1168580688,0,0,0,1920,1080,False,2022-01-18T14:14:31.5824384+01:00
False,16,1920,1080,U8,3,1920,1080,5760,806203472,0,0,0,1920,1080,False,2022-01-18T14:14:31.6159488+01:00
False,16,1920,1080,U8,3,1920,1080,5760,812478544,0,0,0,1920,1080,False,2022-01-18T14:14:31.6488704+01:00
False,16,1920,1080,U8,3,1920,1080,5760,818741328,0,0,0,1920,1080,False,2022-01-18T14:14:31.6823168+01:00
False,16,1920,1080,U8,3,1920,1080,5760,824967248,0,0,0,1920,1080,False,2022-01-18T14:14:31.7166720+01:00
False,16,1920,1080,U8,3,1920,1080,5760,806166608,0,0,0,1920,1080,False,2022-01-18T14:14:31.7497856+01:00
False,16,1920,1080,U8,3,1920,1080,5760,812449872,0,0,0,1920,1080,False,2022-01-18T14:14:31.7814400+01:00
False,16,1920,1080,U8,3,1920,1080,5760,831238224,0,0,0,1920,1080,False,2022-01-18T14:14:31.8161792+01:00
False,16,1920,1080,U8,3,1920,1080,5760,844451920,0,0,0,1920,1080,False,2022-01-18T14:14:31.8496000+01:00
False,16,1920,1080,U8,3,1920,1080,5760,806162512,0,0,0,1920,1080,False,2022-01-18T14:14:31.8819840+01:00
False,16,1920,1080,U8,3,1920,1080,5760,812462160,0,0,0,1920,1080,False,2022-01-18T14:14:31.9168256+01:00
False,16,1920,1080,U8,3,1920,1080,5760,850726992,0,0,0,1920,1080,False,2022-01-18T14:14:31.9495424+01:00
False,16,1920,1080,U8,3,1920,1080,5760,988041296,0,0,0,1920,1080,False,2022-01-18T14:14:31.9814144+01:00
False,16,1920,1080,U8,3,1920,1080,5760,994357328,0,0,0,1920,1080,False,2022-01-18T14:14:32.0154880+01:00
False,16,1920,1080,U8,3,1920,1080,5760,1000624208,0,0,0,1920,1080,False,2022-01-18T14:14:32.0492160+01:00
False,16,1920,1080,U8,3,1920,1080,5760,1149927504,0,0,0,1920,1080,False,2022-01-18T14:14:32.0813568+01:00
False,16,1920,1080,U8,3,1920,1080,5760,1156227152,0,0,0,1920,1080,False,2022-01-18T14:14:32.1161088+01:00
False,16,1920,1080,U8,3,1920,1080,5760,1162534992,0,0,0,1920,1080,False,2022-01-18T14:14:32.1495680+01:00
False,16,1920,1080,U8,3,1920,1080,5760,1168801872,0,0,0,1920,1080,False,2022-01-18T14:14:32.1819136+01:00
False,16,1920,1080,U8,3,1920,1080,5760,806195280,0,0,0,1920,1080,False,2022-01-18T14:14:32.2157184+01:00
False,16,1920,1080,U8,3,1920,1080,5760,812494928,0,0,0,1920,1080,False,2022-01-18T14:14:32.2482304+01:00
False,16,1920,1080,U8,3,1920,1080,5760,818798672,0,0,0,1920,1080,False,2022-01-18T14:14:32.2817280+01:00
False,16,1920,1080,U8,3,1920,1080,5760,825090128,0,0,0,1920,1080,False,2022-01-18T14:14:32.3164928+01:00
False,16,1920,1080,U8,3,1920,1080,5760,806187088,0,0,0,1920,1080,False,2022-01-18T14:14:32.3485440+01:00
False,16,1920,1080,U8,3,1920,1080,5760,812458064,0,0,0,1920,1080,False,2022-01-18T14:14:32.3815680+01:00
False,16,1920,1080,U8,3,1920,1080,5760,831377488,0,0,0,1920,1080,False,2022-01-18T14:14:32.4162816+01:00
False,16,1920,1080,U8,3,1920,1080,5760,844468304,0,0,0,1920,1080,False,2022-01-18T14:14:32.4495872+01:00
False,16,1920,1080,U8,3,1920,1080,5760,806191184,0,0,0,1920,1080,False,2022-01-18T14:14:32.4818432+01:00
False,16,1920,1080,U8,3,1920,1080,5760,812453968,0,0,0,1920,1080,False,2022-01-18T14:14:32.5162368+01:00
False,16,1920,1080,U8,3,1920,1080,5760,850784336,0,0,0,1920,1080,False,2022-01-18T14:14:32.5492736+01:00
False,16,1920,1080,U8,3,1920,1080,5760,988065872,0,0,0,1920,1080,False,2022-01-18T14:14:32.5814272+01:00
False,16,1920,1080,U8,3,1920,1080,5760,994336848,0,0,0,1920,1080,False,2022-01-18T14:14:32.6143488+01:00
False,16,1920,1080,U8,3,1920,1080,5760,1000652880,0,0,0,1920,1080,False,2022-01-18T14:14:32.6489600+01:00
False,16,1920,1080,U8,3,1920,1080,5760,1149947984,0,0,0,1920,1080,False,2022-01-18T14:14:32.6819200+01:00
False,16,1920,1080,U8,3,1920,1080,5760,1156190288,0,0,0,1920,1080,False,2022-01-18T14:14:32.7164416+01:00
False,16,1920,1080,U8,3,1920,1080,5760,1162494032,0,0,0,1920,1080,False,2022-01-18T14:14:32.7494016+01:00
False,16,1920,1080,U8,3,1920,1080,5760,1168805968,0,0,0,1920,1080,False,2022-01-18T14:14:32.7820288+01:00
False,16,1920,1080,U8,3,1920,1080,5760,806166608,0,0,0,1920,1080,False,2022-01-18T14:14:32.8154112+01:00
False,16,1920,1080,U8,3,1920,1080,5760,812453968,0,0,0,1920,1080,False,2022-01-18T14:14:32.8485504+01:00
False,16,1920,1080,U8,3,1920,1080,5760,818774096,0,0,0,1920,1080,False,2022-01-18T14:14:32.8818688+01:00
False,16,1920,1080,U8,3,1920,1080,5760,825057360,0,0,0,1920,1080,False,2022-01-18T14:14:32.9178752+01:00
False,16,1920,1080,U8,3,1920,1080,5760,806207568,0,0,0,1920,1080,False,2022-01-18T14:14:32.9490304+01:00
False,16,1920,1080,U8,3,1920,1080,5760,812486736,0,0,0,1920,1080,False,2022-01-18T14:14:32.9818752+01:00
False,16,1920,1080,U8,3,1920,1080,5760,831332432,0,0,0,1920,1080,False,2022-01-18T14:14:33.0165120+01:00
False,16,1920,1080,U8,3,1920,1080,5760,844484688,0,0,0,1920,1080,False,2022-01-18T14:14:33.0496640+01:00
False,16,1920,1080,U8,3,1920,1080,5760,806158416,0,0,0,1920,1080,False,2022-01-18T14:14:33.0815616+01:00
False,16,1920,1080,U8,3,1920,1080,5760,812384336,0,0,0,1920,1080,False,2022-01-18T14:14:33.1147648+01:00
False,16,1920,1080,U8,3,1920,1080,5760,850731088,0,0,0,1920,1080,False,2022-01-18T14:14:33.1493888+01:00
False,16,1920,1080,U8,3,1920,1080,5760,988057680,0,0,0,1920,1080,False,2022-01-18T14:14:33.1819776+01:00
False,16,1920,1080,U8,3,1920,1080,5760,994353232,0,0,0,1920,1080,False,2022-01-18T14:14:33.2150656+01:00
False,16,1920,1080,U8,3,1920,1080,5760,1000603728,0,0,0,1920,1080,False,2022-01-18T14:14:33.2479872+01:00
False,16,1920,1080,U8,3,1920,1080,5760,1149902928,0,0,0,1920,1080,False,2022-01-18T14:14:33.2817408+01:00
False,16,1920,1080,U8,3,1920,1080,5760,1156202576,0,0,0,1920,1080,False,2022-01-18T14:14:33.3158272+01:00
False,16,1920,1080,U8,3,1920,1080,5760,1162477648,0,0,0,1920,1080,False,2022-01-18T14:14:33.3491072+01:00
False,16,1920,1080,U8,3,1920,1080,5760,1168719952,0,0,0,1920,1080,False,2022-01-18T14:14:33.3827072+01:00
False,16,1920,1080,U8,3,1920,1080,5760,806199376,0,0,0,1920,1080,False,2022-01-18T14:14:33.4159360+01:00
False,16,1920,1080,U8,3,1920,1080,5760,812453968,0,0,0,1920,1080,False,2022-01-18T14:14:33.4489216+01:00
False,16,1920,1080,U8,3,1920,1080,5760,818761808,0,0,0,1920,1080,False,2022-01-18T14:14:33.4828672+01:00
False,16,1920,1080,U8,3,1920,1080,5760,825077840,0,0,0,1920,1080,False,2022-01-18T14:14:33.5164800+01:00
False,16,1920,1080,U8,3,1920,1080,5760,806158416,0,0,0,1920,1080,False,2022-01-18T14:14:33.5487616+01:00
False,16,1920,1080,U8,3,1920,1080,5760,812441680,0,0,0,1920,1080,False,2022-01-18T14:14:33.5825664+01:00
False,16,1920,1080,U8,3,1920,1080,5760,831352912,0,0,0,1920,1080,False,2022-01-18T14:14:33.6158592+01:00
False,16,1920,1080,U8,3,1920,1080,5760,844492880,0,0,0,1920,1080,False,2022-01-18T14:14:33.6493568+01:00
False,16,1920,1080,U8,3,1920,1080,5760,806174800,0,0,0,1920,1080,False,2022-01-18T14:14:33.6824960+01:00
False,16,1920,1080,U8,3,1920,1080,5760,812474448,0,0,0,1920,1080,False,2022-01-18T14:14:33.7162880+01:00
False,16,1920,1080,U8,3,1920,1080,5760,850751568,0,0,0,1920,1080,False,2022-01-18T14:14:33.7497344+01:00
False,16,1920,1080,U8,3,1920,1080,5760,988045392,0,0,0,1920,1080,False,2022-01-18T14:14:33.7825152+01:00
False,16,1920,1080,U8,3,1920,1080,5760,994353232,0,0,0,1920,1080,False,2022-01-18T14:14:33.8156288+01:00
False,16,1920,1080,U8,3,1920,1080,5760,1000644688,0,0,0,1920,1080,False,2022-01-18T14:14:33.8491648+01:00
False,16,1920,1080,U8,3,1920,1080,5760,1149902928,0,0,0,1920,1080,False,2022-01-18T14:14:33.8827264+01:00
False,16,1920,1080,U8,3,1920,1080,5760,1156206672,0,0,0,1920,1080,False,2022-01-18T14:14:33.9159936+01:00
False,16,1920,1080,U8,3,1920,1080,5760,1162526800,0,0,0,1920,1080,False,2022-01-18T14:14:33.9495680+01:00
False,16,1920,1080,U8,3,1920,1080,5760,1168801872,0,0,0,1920,1080,False,2022-01-18T14:14:33.9826688+01:00
False,16,1920,1080,U8,3,1920,1080,5760,806178896,0,0,0,1920,1080,False,2022-01-18T14:14:34.0160384+01:00
False,16,1920,1080,U8,3,1920,1080,5760,812458064,0,0,0,1920,1080,False,2022-01-18T14:14:34.0477440+01:00
False,16,1920,1080,U8,3,1920,1080,5760,818749520,0,0,0,1920,1080,False,2022-01-18T14:14:34.0828544+01:00
False,16,1920,1080,U8,3,1920,1080,5760,825045072,0,0,0,1920,1080,False,2022-01-18T14:14:34.1153792+01:00
False,16,1920,1080,U8,3,1920,1080,5760,806162512,0,0,0,1920,1080,False,2022-01-18T14:14:34.1477888+01:00
False,16,1920,1080,U8,3,1920,1080,5760,812478544,0,0,0,1920,1080,False,2022-01-18T14:14:34.1827584+01:00
False,16,1920,1080,U8,3,1920,1080,5760,831381584,0,0,0,1920,1080,False,2022-01-18T14:14:34.2166144+01:00
False,16,1920,1080,U8,3,1920,1080,5760,844476496,0,0,0,1920,1080,False,2022-01-18T14:14:34.2506112+01:00
False,16,1920,1080,U8,3,1920,1080,5760,806191184,0,0,0,1920,1080,False,2022-01-18T14:14:34.2824064+01:00
False,16,1920,1080,U8,3,1920,1080,5760,812503120,0,0,0,1920,1080,False,2022-01-18T14:14:34.3150080+01:00
False,16,1920,1080,U8,3,1920,1080,5760,850780240,0,0,0,1920,1080,False,2022-01-18T14:14:34.3482368+01:00
False,16,1920,1080,U8,3,1920,1080,5760,988069968,0,0,0,1920,1080,False,2022-01-18T14:14:34.3830528+01:00
False,16,1920,1080,U8,3,1920,1080,5760,994345040,0,0,0,1920,1080,False,2022-01-18T14:14:34.4151552+01:00
False,16,1920,1080,U8,3,1920,1080,5760,1000648784,0,0,0,1920,1080,False,2022-01-18T14:14:34.4484736+01:00
False,16,1920,1080,U8,3,1920,1080,5760,1149956176,0,0,0,1920,1080,False,2022-01-18T14:14:34.4828032+01:00
False,16,1920,1080,U8,3,1920,1080,5760,1156227152,0,0,0,1920,1080,False,2022-01-18T14:14:34.5157376+01:00
False,16,1920,1080,U8,3,1920,1080,5760,1162522704,0,0,0,1920,1080,False,2022-01-18T14:14:34.5480960+01:00
False,16,1920,1080,U8,3,1920,1080,5760,1168789584,0,0,0,1920,1080,False,2022-01-18T14:14:34.5834752+01:00
False,16,1920,1080,U8,3,1920,1080,5760,806211664,0,0,0,1920,1080,False,2022-01-18T14:14:34.6148352+01:00
False,16,1920,1080,U8,3,1920,1080,5760,812466256,0,0,0,1920,1080,False,2022-01-18T14:14:34.6482688+01:00
False,16,1920,1080,U8,3,1920,1080,5760,818745424,0,0,0,1920,1080,False,2022-01-18T14:14:34.6832128+01:00
False,16,1920,1080,U8,3,1920,1080,5760,825057360,0,0,0,1920,1080,False,2022-01-18T14:14:34.7161216+01:00
False,16,1920,1080,U8,3,1920,1080,5760,806158416,0,0,0,1920,1080,False,2022-01-18T14:14:34.7482880+01:00
False,16,1920,1080,U8,3,1920,1080,5760,812437584,0,0,0,1920,1080,False,2022-01-18T14:14:34.7819648+01:00
False,16,1920,1080,U8,3,1920,1080,5760,831348816,0,0,0,1920,1080,False,2022-01-18T14:14:34.8154368+01:00
False,16,1920,1080,U8,3,1920,1080,5760,844460112,0,0,0,1920,1080,False,2022-01-18T14:14:34.8484736+01:00
False,16,1920,1080,U8,3,1920,1080,5760,806211664,0,0,0,1920,1080,False,2022-01-18T14:14:34.8820096+01:00
False,16,1920,1080,U8,3,1920,1080,5760,812482640,0,0,0,1920,1080,False,2022-01-18T14:14:34.9152384+01:00
False,16,1920,1080,U8,3,1920,1080,5760,850726992,0,0,0,1920,1080,False,2022-01-18T14:14:34.9485952+01:00
False,16,1920,1080,U8,3,1920,1080,5760,988029008,0,0,0,1920,1080,False,2022-01-18T14:14:34.9830784+01:00
False,16,1920,1080,U8,3,1920,1080,5760,994340944,0,0,0,1920,1080,False,2022-01-18T14:14:35.0147968+01:00
False,16,1920,1080,U8,3,1920,1080,5760,1000611920,0,0,0,1920,1080,False,2022-01-18T14:14:35.0483072+01:00
False,16,1920,1080,U8,3,1920,1080,5760,1149907024,0,0,0,1920,1080,False,2022-01-18T14:14:35.0820864+01:00
False,16,1920,1080,U8,3,1920,1080,5760,1156186192,0,0,0,1920,1080,False,2022-01-18T14:14:35.1165056+01:00
False,16,1920,1080,U8,3,1920,1080,5760,1162473552,0,0,0,1920,1080,False,2022-01-18T14:14:35.1486848+01:00
False,16,1920,1080,U8,3,1920,1080,5760,1168765008,0,0,0,1920,1080,False,2022-01-18T14:14:35.1830784+01:00
False,16,1920,1080,U8,3,1920,1080,5760,806187088,0,0,0,1920,1080,False,2022-01-18T14:14:35.2152576+01:00
False,16,1920,1080,U8,3,1920,1080,5760,812466256,0,0,0,1920,1080,False,2022-01-18T14:14:35.2478464+01:00
False,16,1920,1080,U8,3,1920,1080,5760,818757712,0,0,0,1920,1080,False,2022-01-18T14:14:35.2825216+01:00
False,16,1920,1080,U8,3,1920,1080,5760,825057360,0,0,0,1920,1080,False,2022-01-18T14:14:35.3153408+01:00
False,16,1920,1080,U8,3,1920,1080,5760,806207568,0,0,0,1920,1080,False,2022-01-18T14:14:35.3480320+01:00
False,16,1920,1080,U8,3,1920,1080,5760,812494928,0,0,0,1920,1080,False,2022-01-18T14:14:35.3832960+01:00
False,16,1920,1080,U8,3,1920,1080,5760,831357008,0,0,0,1920,1080,False,2022-01-18T14:14:35.4161280+01:00
False,16,1920,1080,U8,3,1920,1080,5760,844484688,0,0,0,1920,1080,False,2022-01-18T14:14:35.4495232+01:00
False,16,1920,1080,U8,3,1920,1080,5760,806203472,0,0,0,1920,1080,False,2022-01-18T14:14:35.4819712+01:00
False,16,1920,1080,U8,3,1920,1080,5760,812458064,0,0,0,1920,1080,False,2022-01-18T14:14:35.5161856+01:00
False,16,1920,1080,U8,3,1920,1080,5760,850755664,0,0,0,1920,1080,False,2022-01-18T14:14:35.5484544+01:00
False,16,1920,1080,U8,3,1920,1080,5760,988078160,0,0,0,1920,1080,False,2022-01-18T14:14:35.5832960+01:00
False,16,1920,1080,U8,3,1920,1080,5760,994340944,0,0,0,1920,1080,False,2022-01-18T14:14:35.6149632+01:00
False,16,1920,1080,U8,3,1920,1080,5760,1000644688,0,0,0,1920,1080,False,2022-01-18T14:14:35.6483584+01:00
False,16,1920,1080,U8,3,1920,1080,5760,1149907024,0,0,0,1920,1080,False,2022-01-18T14:14:35.6830208+01:00
False,16,1920,1080,U8,3,1920,1080,5760,1156247632,0,0,0,1920,1080,False,2022-01-18T14:14:35.7156096+01:00
False,16,1920,1080,U8,3,1920,1080,5760,1162506320,0,0,0,1920,1080,False,2022-01-18T14:14:35.7486464+01:00
False,16,1920,1080,U8,3,1920,1080,5760,1168777296,0,0,0,1920,1080,False,2022-01-18T14:14:35.7824128+01:00
False,16,1920,1080,U8,3,1920,1080,5760,806207568,0,0,0,1920,1080,False,2022-01-18T14:14:35.8149504+01:00
False,16,1920,1080,U8,3,1920,1080,5760,812486736,0,0,0,1920,1080,False,2022-01-18T14:14:35.8478976+01:00
False,16,1920,1080,U8,3,1920,1080,5760,818790480,0,0,0,1920,1080,False,2022-01-18T14:14:35.8828928+01:00
False,16,1920,1080,U8,3,1920,1080,5760,825053264,0,0,0,1920,1080,False,2022-01-18T14:14:35.9164288+01:00
False,16,1920,1080,U8,3,1920,1080,5760,806182992,0,0,0,1920,1080,False,2022-01-18T14:14:35.9484032+01:00
False,16,1920,1080,U8,3,1920,1080,5760,812478544,0,0,0,1920,1080,False,2022-01-18T14:14:35.9821312+01:00
False,16,1920,1080,U8,3,1920,1080,5760,831324240,0,0,0,1920,1080,False,2022-01-18T14:14:36.0154112+01:00
False,16,1920,1080,U8,3,1920,1080,5760,844476496,0,0,0,1920,1080,False,2022-01-18T14:14:36.0485888+01:00
False,16,1920,1080,U8,3,1920,1080,5760,806199376,0,0,0,1920,1080,False,2022-01-18T14:14:36.0830336+01:00
False,16,1920,1080,U8,3,1920,1080,5760,812482640,0,0,0,1920,1080,False,2022-01-18T14:14:36.1152512+01:00
False,16,1920,1080,U8,3,1920,1080,5760,850784336,0,0,0,1920,1080,False,2022-01-18T14:14:36.1483904+01:00
False,16,1920,1080,U8,3,1920,1080,5760,988020816,0,0,0,1920,1080,False,2022-01-18T14:14:36.1831424+01:00
False,16,1920,1080,U8,3,1920,1080,5760,994291792,0,0,0,1920,1080,False,2022-01-18T14:14:36.2164608+01:00
False,16,1920,1080,U8,3,1920,1080,5760,1000570960,0,0,0,1920,1080,False,2022-01-18T14:14:36.2483584+01:00
False,16,1920,1080,U8,3,1920,1080,5760,1149915216,0,0,0,1920,1080,False,2022-01-18T14:14:36.2831872+01:00
False,16,1920,1080,U8,3,1920,1080,5760,1156214864,0,0,0,1920,1080,False,2022-01-18T14:14:36.3150848+01:00
False,16,1920,1080,U8,3,1920,1080,5760,1162539088,0,0,0,1920,1080,False,2022-01-18T14:14:36.3496064+01:00
False,16,1920,1080,U8,3,1920,1080,5760,1168789584,0,0,0,1920,1080,False,2022-01-18T14:14:36.3828224+01:00
False,16,1920,1080,U8,3,1920,1080,5760,806162512,0,0,0,1920,1080,False,2022-01-18T14:14:36.4168064+01:00
False,16,1920,1080,U8,3,1920,1080,5760,812507216,0,0,0,1920,1080,False,2022-01-18T14:14:36.4495872+01:00
False,16,1920,1080,U8,3,1920,1080,5760,818749520,0,0,0,1920,1080,False,2022-01-18T14:14:36.4841088+01:00
False,16,1920,1080,U8,3,1920,1080,5760,825065552,0,0,0,1920,1080,False,2022-01-18T14:14:36.5161344+01:00
False,16,1920,1080,U8,3,1920,1080,5760,806178896,0,0,0,1920,1080,False,2022-01-18T14:14:36.5490944+01:00
False,16,1920,1080,U8,3,1920,1080,5760,812458064,0,0,0,1920,1080,False,2022-01-18T14:14:36.5823104+01:00
False,16,1920,1080,U8,3,1920,1080,5760,831361104,0,0,0,1920,1080,False,2022-01-18T14:14:36.6170496+01:00
False,16,1920,1080,U8,3,1920,1080,5760,844464208,0,0,0,1920,1080,False,2022-01-18T14:14:36.6505984+01:00
False,16,1920,1080,U8,3,1920,1080,5760,806199376,0,0,0,1920,1080,False,2022-01-18T14:14:36.6836480+01:00
False,16,1920,1080,U8,3,1920,1080,5760,812486736,0,0,0,1920,1080,False,2022-01-18T14:14:36.7155584+01:00
False,16,1920,1080,U8,3,1920,1080,5760,850743376,0,0,0,1920,1080,False,2022-01-18T14:14:36.7496704+01:00
False,16,1920,1080,U8,3,1920,1080,5760,988065872,0,0,0,1920,1080,False,2022-01-18T14:14:36.7810176+01:00
False,16,1920,1080,U8,3,1920,1080,5760,994345040,0,0,0,1920,1080,False,2022-01-18T14:14:36.8151296+01:00
False,16,1920,1080,U8,3,1920,1080,5760,1000636496,0,0,0,1920,1080,False,2022-01-18T14:14:36.8483968+01:00
False,16,1920,1080,U8,3,1920,1080,5760,1149943888,0,0,0,1920,1080,False,2022-01-18T14:14:36.8820480+01:00
False,16,1920,1080,U8,3,1920,1080,5760,1156194384,0,0,0,1920,1080,False,2022-01-18T14:14:36.9160832+01:00
False,16,1920,1080,U8,3,1920,1080,5760,1162489936,0,0,0,1920,1080,False,2022-01-18T14:14:36.9494656+01:00
False,16,1920,1080,U8,3,1920,1080,5760,1168810064,0,0,0,1920,1080,False,2022-01-18T14:14:36.9830016+01:00
False,16,1920,1080,U8,3,1920,1080,5760,806166608,0,0,0,1920,1080,False,2022-01-18T14:14:37.0165504+01:00
False,16,1920,1080,U8,3,1920,1080,5760,812462160,0,0,0,1920,1080,False,2022-01-18T14:14:37.0481408+01:00
False,16,1920,1080,U8,3,1920,1080,5760,818786384,0,0,0,1920,1080,False,2022-01-18T14:14:37.0816000+01:00
False,16,1920,1080,U8,3,1920,1080,5760,825081936,0,0,0,1920,1080,False,2022-01-18T14:14:37.1185152+01:00
False,16,1920,1080,U8,3,1920,1080,5760,806187088,0,0,0,1920,1080,False,2022-01-18T14:14:37.1500800+01:00
False,16,1920,1080,U8,3,1920,1080,5760,812482640,0,0,0,1920,1080,False,2022-01-18T14:14:37.1834880+01:00
False,16,1920,1080,U8,3,1920,1080,5760,831324240,0,0,0,1920,1080,False,2022-01-18T14:14:37.2173312+01:00
False,16,1920,1080,U8,3,1920,1080,5760,844443728,0,0,0,1920,1080,False,2022-01-18T14:14:37.2506752+01:00
False,16,1920,1080,U8,3,1920,1080,5760,806195280,0,0,0,1920,1080,False,2022-01-18T14:14:37.2814208+01:00
False,16,1920,1080,U8,3,1920,1080,5760,812449872,0,0,0,1920,1080,False,2022-01-18T14:14:37.3171200+01:00
False,16,1920,1080,U8,3,1920,1080,5760,850763856,0,0,0,1920,1080,False,2022-01-18T14:14:37.3510528+01:00
False,16,1920,1080,U8,3,1920,1080,5760,988037200,0,0,0,1920,1080,False,2022-01-18T14:14:37.3835008+01:00
False,16,1920,1080,U8,3,1920,1080,5760,994316368,0,0,0,1920,1080,False,2022-01-18T14:14:37.4170112+01:00
False,16,1920,1080,U8,3,1920,1080,5760,1000624208,0,0,0,1920,1080,False,2022-01-18T14:14:37.4496384+01:00
False,16,1920,1080,U8,3,1920,1080,5760,1149939792,0,0,0,1920,1080,False,2022-01-18T14:14:37.4831872+01:00
False,16,1920,1080,U8,3,1920,1080,5760,1156198480,0,0,0,1920,1080,False,2022-01-18T14:14:37.5157888+01:00
False,16,1920,1080,U8,3,1920,1080,5760,1162530896,0,0,0,1920,1080,False,2022-01-18T14:14:37.5495424+01:00
False,16,1920,1080,U8,3,1920,1080,5760,1168797776,0,0,0,1920,1080,False,2022-01-18T14:14:37.5825664+01:00
False,16,1920,1080,U8,3,1920,1080,5760,806207568,0,0,0,1920,1080,False,2022-01-18T14:14:37.6147200+01:00
False,16,1920,1080,U8,3,1920,1080,5760,812458064,0,0,0,1920,1080,False,2022-01-18T14:14:37.6489856+01:00
False,16,1920,1080,U8,3,1920,1080,5760,818761808,0,0,0,1920,1080,False,2022-01-18T14:14:37.6824448+01:00
False,16,1920,1080,U8,3,1920,1080,5760,825094224,0,0,0,1920,1080,False,2022-01-18T14:14:37.7174272+01:00
False,16,1920,1080,U8,3,1920,1080,5760,806158416,0,0,0,1920,1080,False,2022-01-18T14:14:37.7493248+01:00
False,16,1920,1080,U8,3,1920,1080,5760,812384336,0,0,0,1920,1080,False,2022-01-18T14:14:37.7838976+01:00
False,16,1920,1080,U8,3,1920,1080,5760,831361104,0,0,0,1920,1080,False,2022-01-18T14:14:37.8154368+01:00
False,16,1920,1080,U8,3,1920,1080,5760,844435536,0,0,0,1920,1080,False,2022-01-18T14:14:37.8498560+01:00
False,16,1920,1080,U8,3,1920,1080,5760,806162512,0,0,0,1920,1080,False,2022-01-18T14:14:37.8819328+01:00
False,16,1920,1080,U8,3,1920,1080,5760,812470352,0,0,0,1920,1080,False,2022-01-18T14:14:37.9171712+01:00
False,16,1920,1080,U8,3,1920,1080,5760,850784336,0,0,0,1920,1080,False,2022-01-18T14:14:37.9515392+01:00
False,16,1920,1080,U8,3,1920,1080,5760,988069968,0,0,0,1920,1080,False,2022-01-18T14:14:37.9820928+01:00
False,16,1920,1080,U8,3,1920,1080,5760,994373712,0,0,0,1920,1080,False,2022-01-18T14:14:38.0162176+01:00
False,16,1920,1080,U8,3,1920,1080,5760,1000661072,0,0,0,1920,1080,False,2022-01-18T14:14:38.0508800+01:00
False,16,1920,1080,U8,3,1920,1080,5760,1149923408,0,0,0,1920,1080,False,2022-01-18T14:14:38.0817408+01:00
False,16,1920,1080,U8,3,1920,1080,5760,1156218960,0,0,0,1920,1080,False,2022-01-18T14:14:38.1147520+01:00
False,16,1920,1080,U8,3,1920,1080,5760,1162510416,0,0,0,1920,1080,False,2022-01-18T14:14:38.1508992+01:00
False,16,1920,1080,U8,3,1920,1080,5760,1168810064,0,0,0,1920,1080,False,2022-01-18T14:14:38.1841024+01:00
False,16,1920,1080,U8,3,1920,1080,5760,806158416,0,0,0,1920,1080,False,2022-01-18T14:14:38.2158592+01:00
False,16,1920,1080,U8,3,1920,1080,5760,812400720,0,0,0,1920,1080,False,2022-01-18T14:14:38.2488960+01:00
False,16,1920,1080,U8,3,1920,1080,5760,818704464,0,0,0,1920,1080,False,2022-01-18T14:14:38.2826240+01:00
False,16,1920,1080,U8,3,1920,1080,5760,825008208,0,0,0,1920,1080,False,2022-01-18T14:14:38.3155456+01:00
False,16,1920,1080,U8,3,1920,1080,5760,806207568,0,0,0,1920,1080,False,2022-01-18T14:14:38.3487616+01:00
False,16,1920,1080,U8,3,1920,1080,5760,831320144,0,0,0,1920,1080,False,2022-01-18T14:14:38.3818880+01:00
False,16,1920,1080,U8,3,1920,1080,5760,844468304,0,0,0,1920,1080,False,2022-01-18T14:14:38.4167168+01:00
False,16,1920,1080,U8,3,1920,1080,5760,850739280,0,0,0,1920,1080,False,2022-01-18T14:14:38.4498176+01:00
False,16,1920,1080,U8,3,1920,1080,5760,806203472,0,0,0,1920,1080,False,2022-01-18T14:14:38.4820352+01:00
False,16,1920,1080,U8,3,1920,1080,5760,831262800,0,0,0,1920,1080,False,2022-01-18T14:14:38.5159808+01:00
False,16,1920,1080,U8,3,1920,1080,5760,988065872,0,0,0,1920,1080,False,2022-01-18T14:14:38.5493632+01:00
False,16,1920,1080,U8,3,1920,1080,5760,994373712,0,0,0,1920,1080,False,2022-01-18T14:14:38.5828480+01:00
False,16,1920,1080,U8,3,1920,1080,5760,1000636496,0,0,0,1920,1080,False,2022-01-18T14:14:38.6158848+01:00
False,16,1920,1080,U8,3,1920,1080,5760,1149907024,0,0,0,1920,1080,False,2022-01-18T14:14:38.6492160+01:00
False,16,1920,1080,U8,3,1920,1080,5760,1156202576,0,0,0,1920,1080,False,2022-01-18T14:14:38.6821632+01:00
False,16,1920,1080,U8,3,1920,1080,5760,1162526800,0,0,0,1920,1080,False,2022-01-18T14:14:38.7163904+01:00
False,16,1920,1080,U8,3,1920,1080,5760,812449872,0,0,0,1920,1080,False,2022-01-18T14:14:38.7495680+01:00
False,16,1920,1080,U8,3,1920,1080,5760,1168793680,0,0,0,1920,1080,False,2022-01-18T14:14:38.7843328+01:00
False,16,1920,1080,U8,3,1920,1080,5760,806162512,0,0,0,1920,1080,False,2022-01-18T14:14:38.8151808+01:00
False,16,1920,1080,U8,3,1920,1080,5760,818679888,0,0,0,1920,1080,False,2022-01-18T14:14:38.8489856+01:00
False,16,1920,1080,U8,3,1920,1080,5760,824979536,0,0,0,1920,1080,False,2022-01-18T14:14:38.8839808+01:00
False,16,1920,1080,U8,3,1920,1080,5760,831320144,0,0,0,1920,1080,False,2022-01-18T14:14:38.9171968+01:00
False,16,1920,1080,U8,3,1920,1080,5760,806182992,0,0,0,1920,1080,False,2022-01-18T14:14:38.9509248+01:00
False,16,1920,1080,U8,3,1920,1080,5760,812470352,0,0,0,1920,1080,False,2022-01-18T14:14:38.9834624+01:00
False,16,1920,1080,U8,3,1920,1080,5760,818741328,0,0,0,1920,1080,False,2022-01-18T14:14:39.0164096+01:00
False,16,1920,1080,U8,3,1920,1080,5760,844480592,0,0,0,1920,1080,False,2022-01-18T14:14:39.0515328+01:00
False,16,1920,1080,U8,3,1920,1080,5760,806158416,0,0,0,1920,1080,False,2022-01-18T14:14:39.0837760+01:00
False,16,1920,1080,U8,3,1920,1080,5760,812396624,0,0,0,1920,1080,False,2022-01-18T14:14:39.1155584+01:00
False,16,1920,1080,U8,3,1920,1080,5760,850739280,0,0,0,1920,1080,False,2022-01-18T14:14:39.1499136+01:00
False,16,1920,1080,U8,3,1920,1080,5760,988053584,0,0,0,1920,1080,False,2022-01-18T14:14:39.1830784+01:00
False,16,1920,1080,U8,3,1920,1080,5760,994373712,0,0,0,1920,1080,False,2022-01-18T14:14:39.2150400+01:00
False,16,1920,1080,U8,3,1920,1080,5760,1000661072,0,0,0,1920,1080,False,2022-01-18T14:14:39.2512128+01:00
False,16,1920,1080,U8,3,1920,1080,5760,1149919312,0,0,0,1920,1080,False,2022-01-18T14:14:39.2837376+01:00
False,16,1920,1080,U8,3,1920,1080,5760,1156223056,0,0,0,1920,1080,False,2022-01-18T14:14:39.3150848+01:00
False,16,1920,1080,U8,3,1920,1080,5760,1162530896,0,0,0,1920,1080,False,2022-01-18T14:14:39.3493760+01:00
False,16,1920,1080,U8,3,1920,1080,5760,1168777296,0,0,0,1920,1080,False,2022-01-18T14:14:39.3831808+01:00
False,16,1920,1080,U8,3,1920,1080,5760,806162512,0,0,0,1920,1080,False,2022-01-18T14:14:39.4166656+01:00
False,16,1920,1080,U8,3,1920,1080,5760,812486736,0,0,0,1920,1080,False,2022-01-18T14:14:39.4508800+01:00
False,16,1920,1080,U8,3,1920,1080,5760,818790480,0,0,0,1920,1080,False,2022-01-18T14:14:39.4829568+01:00
False,16,1920,1080,U8,3,1920,1080,5760,825086032,0,0,0,1920,1080,False,2022-01-18T14:14:39.5172736+01:00
False,16,1920,1080,U8,3,1920,1080,5760,806162512,0,0,0,1920,1080,False,2022-01-18T14:14:39.5506816+01:00
False,16,1920,1080,U8,3,1920,1080,5760,812453968,0,0,0,1920,1080,False,2022-01-18T14:14:39.5835776+01:00
False,16,1920,1080,U8,3,1920,1080,5760,831365200,0,0,0,1920,1080,False,2022-01-18T14:14:39.6170368+01:00
False,16,1920,1080,U8,3,1920,1080,5760,844435536,0,0,0,1920,1080,False,2022-01-18T14:14:39.6499328+01:00
False,16,1920,1080,U8,3,1920,1080,5760,806166608,0,0,0,1920,1080,False,2022-01-18T14:14:39.6837504+01:00
False,16,1920,1080,U8,3,1920,1080,5760,812478544,0,0,0,1920,1080,False,2022-01-18T14:14:39.7167104+01:00
False,16,1920,1080,U8,3,1920,1080,5760,850767952,0,0,0,1920,1080,False,2022-01-18T14:14:39.7493760+01:00
False,16,1920,1080,U8,3,1920,1080,5760,988049488,0,0,0,1920,1080,False,2022-01-18T14:14:39.7832064+01:00
False,16,1920,1080,U8,3,1920,1080,5760,994316368,0,0,0,1920,1080,False,2022-01-18T14:14:39.8163456+01:00
False,16,1920,1080,U8,3,1920,1080,5760,1000636496,0,0,0,1920,1080,False,2022-01-18T14:14:39.8500864+01:00
False,16,1920,1080,U8,3,1920,1080,5760,1149956176,0,0,0,1920,1080,False,2022-01-18T14:14:39.8838528+01:00
False,16,1920,1080,U8,3,1920,1080,5760,1156247632,0,0,0,1920,1080,False,2022-01-18T14:14:39.9156096+01:00
False,16,1920,1080,U8,3,1920,1080,5760,1162494032,0,0,0,1920,1080,False,2022-01-18T14:14:39.9495424+01:00
False,16,1920,1080,U8,3,1920,1080,5760,1168789584,0,0,0,1920,1080,False,2022-01-18T14:14:39.9842432+01:00
False,16,1920,1080,U8,3,1920,1080,5760,806182992,0,0,0,1920,1080,False,2022-01-18T14:14:40.0159616+01:00
False,16,1920,1080,U8,3,1920,1080,5760,812453968,0,0,0,1920,1080,False,2022-01-18T14:14:40.0490624+01:00
False,16,1920,1080,U8,3,1920,1080,5760,818782288,0,0,0,1920,1080,False,2022-01-18T14:14:40.0825984+01:00
False,16,1920,1080,U8,3,1920,1080,5760,825049168,0,0,0,1920,1080,False,2022-01-18T14:14:40.1159808+01:00
False,16,1920,1080,U8,3,1920,1080,5760,806170704,0,0,0,1920,1080,False,2022-01-18T14:14:40.1495168+01:00
False,16,1920,1080,U8,3,1920,1080,5760,812462160,0,0,0,1920,1080,False,2022-01-18T14:14:40.1825280+01:00
False,16,1920,1080,U8,3,1920,1080,5760,831324240,0,0,0,1920,1080,False,2022-01-18T14:14:40.2158208+01:00
False,16,1920,1080,U8,3,1920,1080,5760,844476496,0,0,0,1920,1080,False,2022-01-18T14:14:40.2509184+01:00
False,16,1920,1080,U8,3,1920,1080,5760,806170704,0,0,0,1920,1080,False,2022-01-18T14:14:40.2821632+01:00
False,16,1920,1080,U8,3,1920,1080,5760,812503120,0,0,0,1920,1080,False,2022-01-18T14:14:40.3154560+01:00
False,16,1920,1080,U8,3,1920,1080,5760,850767952,0,0,0,1920,1080,False,2022-01-18T14:14:40.3495808+01:00
False,16,1920,1080,U8,3,1920,1080,5760,988061776,0,0,0,1920,1080,False,2022-01-18T14:14:40.3823232+01:00
False,16,1920,1080,U8,3,1920,1080,5760,994365520,0,0,0,1920,1080,False,2022-01-18T14:14:40.4164864+01:00
False,16,1920,1080,U8,3,1920,1080,5760,1000611920,0,0,0,1920,1080,False,2022-01-18T14:14:40.4496000+01:00
False,16,1920,1080,U8,3,1920,1080,5760,1149923408,0,0,0,1920,1080,False,2022-01-18T14:14:40.4832128+01:00
False,16,1920,1080,U8,3,1920,1080,5760,1156243536,0,0,0,1920,1080,False,2022-01-18T14:14:40.5162880+01:00
False,16,1920,1080,U8,3,1920,1080,5760,1162534992,0,0,0,1920,1080,False,2022-01-18T14:14:40.5496448+01:00
False,16,1920,1080,U8,3,1920,1080,5760,1168826448,0,0,0,1920,1080,False,2022-01-18T14:14:40.5829120+01:00
False,16,1920,1080,U8,3,1920,1080,5760,806203472,0,0,0,1920,1080,False,2022-01-18T14:14:40.6155392+01:00
False,16,1920,1080,U8,3,1920,1080,5760,812490832,0,0,0,1920,1080,False,2022-01-18T14:14:40.6504064+01:00
False,16,1920,1080,U8,3,1920,1080,5760,818741328,0,0,0,1920,1080,False,2022-01-18T14:14:40.6830336+01:00
False,16,1920,1080,U8,3,1920,1080,5760,824995920,0,0,0,1920,1080,False,2022-01-18T14:14:40.7174272+01:00
False,16,1920,1080,U8,3,1920,1080,5760,806207568,0,0,0,1920,1080,False,2022-01-18T14:14:40.7497984+01:00
False,16,1920,1080,U8,3,1920,1080,5760,812462160,0,0,0,1920,1080,False,2022-01-18T14:14:40.7836160+01:00
False,16,1920,1080,U8,3,1920,1080,5760,831258704,0,0,0,1920,1080,False,2022-01-18T14:14:40.8173312+01:00
False,16,1920,1080,U8,3,1920,1080,5760,844443728,0,0,0,1920,1080,False,2022-01-18T14:14:40.8512000+01:00
False,16,1920,1080,U8,3,1920,1080,5760,806187088,0,0,0,1920,1080,False,2022-01-18T14:14:40.8825344+01:00
False,16,1920,1080,U8,3,1920,1080,5760,812511312,0,0,0,1920,1080,False,2022-01-18T14:14:40.9171456+01:00
False,16,1920,1080,U8,3,1920,1080,5760,850739280,0,0,0,1920,1080,False,2022-01-18T14:14:40.9510784+01:00
False,16,1920,1080,U8,3,1920,1080,5760,988078160,0,0,0,1920,1080,False,2022-01-18T14:14:40.9837952+01:00
False,16,1920,1080,U8,3,1920,1080,5760,994345040,0,0,0,1920,1080,False,2022-01-18T14:14:41.0158080+01:00
False,16,1920,1080,U8,3,1920,1080,5760,1000632400,0,0,0,1920,1080,False,2022-01-18T14:14:41.0509312+01:00
False,16,1920,1080,U8,3,1920,1080,5760,1149927504,0,0,0,1920,1080,False,2022-01-18T14:14:41.0837632+01:00
False,16,1920,1080,U8,3,1920,1080,5760,1156198480,0,0,0,1920,1080,False,2022-01-18T14:14:41.1167872+01:00
False,16,1920,1080,U8,3,1920,1080,5760,1162485840,0,0,0,1920,1080,False,2022-01-18T14:14:41.1512064+01:00
False,16,1920,1080,U8,3,1920,1080,5760,1168818256,0,0,0,1920,1080,False,2022-01-18T14:14:41.1839232+01:00
False,16,1920,1080,U8,3,1920,1080,5760,806203472,0,0,0,1920,1080,False,2022-01-18T14:14:41.2169216+01:00
False,16,1920,1080,U8,3,1920,1080,5760,812453968,0,0,0,1920,1080,False,2022-01-18T14:14:41.2505600+01:00
False,16,1920,1080,U8,3,1920,1080,5760,818774096,0,0,0,1920,1080,False,2022-01-18T14:14:41.2832512+01:00
False,16,1920,1080,U8,3,1920,1080,5760,825057360,0,0,0,1920,1080,False,2022-01-18T14:14:41.3193088+01:00
False,16,1920,1080,U8,3,1920,1080,5760,806199376,0,0,0,1920,1080,False,2022-01-18T14:14:41.3495552+01:00
False,16,1920,1080,U8,3,1920,1080,5760,812494928,0,0,0,1920,1080,False,2022-01-18T14:14:41.3827968+01:00
False,16,1920,1080,U8,3,1920,1080,5760,831348816,0,0,0,1920,1080,False,2022-01-18T14:14:41.4167424+01:00
False,16,1920,1080,U8,3,1920,1080,5760,844435536,0,0,0,1920,1080,False,2022-01-18T14:14:41.4513792+01:00
False,16,1920,1080,U8,3,1920,1080,5760,806195280,0,0,0,1920,1080,False,2022-01-18T14:14:41.4828032+01:00
False,16,1920,1080,U8,3,1920,1080,5760,812490832,0,0,0,1920,1080,False,2022-01-18T14:14:41.5169152+01:00
False,16,1920,1080,U8,3,1920,1080,5760,850776144,0,0,0,1920,1080,False,2022-01-18T14:14:41.5504896+01:00
False,16,1920,1080,U8,3,1920,1080,5760,988045392,0,0,0,1920,1080,False,2022-01-18T14:14:41.5837056+01:00
False,16,1920,1080,U8,3,1920,1080,5760,994369616,0,0,0,1920,1080,False,2022-01-18T14:14:41.6166912+01:00
False,16,1920,1080,U8,3,1920,1080,5760,1000603728,0,0,0,1920,1080,False,2022-01-18T14:14:41.6506752+01:00
False,16,1920,1080,U8,3,1920,1080,5760,1149956176,0,0,0,1920,1080,False,2022-01-18T14:14:41.6842624+01:00
False,16,1920,1080,U8,3,1920,1080,5760,1156243536,0,0,0,1920,1080,False,2022-01-18T14:14:41.7172096+01:00
False,16,1920,1080,U8,3,1920,1080,5760,1162477648,0,0,0,1920,1080,False,2022-01-18T14:14:41.7507072+01:00
False,16,1920,1080,U8,3,1920,1080,5760,1168736336,0,0,0,1920,1080,False,2022-01-18T14:14:41.7849216+01:00
False,16,1920,1080,U8,3,1920,1080,5760,806182992,0,0,0,1920,1080,False,2022-01-18T14:14:41.8172928+01:00
False,16,1920,1080,U8,3,1920,1080,5760,812466256,0,0,0,1920,1080,False,2022-01-18T14:14:41.8503296+01:00
False,16,1920,1080,U8,3,1920,1080,5760,818761808,0,0,0,1920,1080,False,2022-01-18T14:14:41.8845312+01:00
False,16,1920,1080,U8,3,1920,1080,5760,825086032,0,0,0,1920,1080,False,2022-01-18T14:14:41.9181568+01:00
False,16,1920,1080,U8,3,1920,1080,5760,806199376,0,0,0,1920,1080,False,2022-01-18T14:14:41.9503616+01:00
False,16,1920,1080,U8,3,1920,1080,5760,812478544,0,0,0,1920,1080,False,2022-01-18T14:14:41.9847552+01:00
False,16,1920,1080,U8,3,1920,1080,5760,831344720,0,0,0,1920,1080,False,2022-01-18T14:14:42.0176640+01:00
False,16,1920,1080,U8,3,1920,1080,5760,844488784,0,0,0,1920,1080,False,2022-01-18T14:14:42.0511360+01:00
False,16,1920,1080,U8,3,1920,1080,5760,806166608,0,0,0,1920,1080,False,2022-01-18T14:14:42.0827648+01:00
False,16,1920,1080,U8,3,1920,1080,5760,812490832,0,0,0,1920,1080,False,2022-01-18T14:14:42.1171328+01:00
False,16,1920,1080,U8,3,1920,1080,5760,850722896,0,0,0,1920,1080,False,2022-01-18T14:14:42.1515776+01:00
False,16,1920,1080,U8,3,1920,1080,5760,988049488,0,0,0,1920,1080,False,2022-01-18T14:14:42.1841664+01:00
False,16,1920,1080,U8,3,1920,1080,5760,994353232,0,0,0,1920,1080,False,2022-01-18T14:14:42.2175232+01:00
False,16,1920,1080,U8,3,1920,1080,5760,1000611920,0,0,0,1920,1080,False,2022-01-18T14:14:42.2505472+01:00
False,16,1920,1080,U8,3,1920,1080,5760,1149927504,0,0,0,1920,1080,False,2022-01-18T14:14:42.2832768+01:00
False,16,1920,1080,U8,3,1920,1080,5760,1156218960,0,0,0,1920,1080,False,2022-01-18T14:14:42.3173760+01:00
False,16,1920,1080,U8,3,1920,1080,5760,1162534992,0,0,0,1920,1080,False,2022-01-18T14:14:42.3516928+01:00
False,16,1920,1080,U8,3,1920,1080,5760,1168773200,0,0,0,1920,1080,False,2022-01-18T14:14:42.3851392+01:00
False,16,1920,1080,U8,3,1920,1080,5760,806162512,0,0,0,1920,1080,False,2022-01-18T14:14:42.4174464+01:00
False,16,1920,1080,U8,3,1920,1080,5760,812490832,0,0,0,1920,1080,False,2022-01-18T14:14:42.4502400+01:00
False,16,1920,1080,U8,3,1920,1080,5760,818749520,0,0,0,1920,1080,False,2022-01-18T14:14:42.4839552+01:00
False,16,1920,1080,U8,3,1920,1080,5760,825045072,0,0,0,1920,1080,False,2022-01-18T14:14:42.5177600+01:00
False,16,1920,1080,U8,3,1920,1080,5760,806211664,0,0,0,1920,1080,False,2022-01-18T14:14:42.5499264+01:00
False,16,1920,1080,U8,3,1920,1080,5760,812453968,0,0,0,1920,1080,False,2022-01-18T14:14:42.5838720+01:00
False,16,1920,1080,U8,3,1920,1080,5760,831332432,0,0,0,1920,1080,False,2022-01-18T14:14:42.6177536+01:00
False,16,1920,1080,U8,3,1920,1080,5760,844488784,0,0,0,1920,1080,False,2022-01-18T14:14:42.6510848+01:00
False,16,1920,1080,U8,3,1920,1080,5760,806162512,0,0,0,1920,1080,False,2022-01-18T14:14:42.6840576+01:00
False,16,1920,1080,U8,3,1920,1080,5760,812474448,0,0,0,1920,1080,False,2022-01-18T14:14:42.7169920+01:00
False,16,1920,1080,U8,3,1920,1080,5760,850772048,0,0,0,1920,1080,False,2022-01-18T14:14:42.7503104+01:00
False,16,1920,1080,U8,3,1920,1080,5760,988037200,0,0,0,1920,1080,False,2022-01-18T14:14:42.7824896+01:00
False,16,1920,1080,U8,3,1920,1080,5760,994328656,0,0,0,1920,1080,False,2022-01-18T14:14:42.8169600+01:00
False,16,1920,1080,U8,3,1920,1080,5760,1000661072,0,0,0,1920,1080,False,2022-01-18T14:14:42.8504192+01:00
False,16,1920,1080,U8,3,1920,1080,5760,1149931600,0,0,0,1920,1080,False,2022-01-18T14:14:42.8840192+01:00
False,16,1920,1080,U8,3,1920,1080,5760,1156223056,0,0,0,1920,1080,False,2022-01-18T14:14:42.9170048+01:00
False,16,1920,1080,U8,3,1920,1080,5760,1162481744,0,0,0,1920,1080,False,2022-01-18T14:14:42.9501440+01:00
False,16,1920,1080,U8,3,1920,1080,5760,1168777296,0,0,0,1920,1080,False,2022-01-18T14:14:42.9836288+01:00
False,16,1920,1080,U8,3,1920,1080,5760,806203472,0,0,0,1920,1080,False,2022-01-18T14:14:43.0174976+01:00
False,16,1920,1080,U8,3,1920,1080,5760,812478544,0,0,0,1920,1080,False,2022-01-18T14:14:43.0499584+01:00
False,16,1920,1080,U8,3,1920,1080,5760,818802768,0,0,0,1920,1080,False,2022-01-18T14:14:43.0833536+01:00
False,16,1920,1080,U8,3,1920,1080,5760,825077840,0,0,0,1920,1080,False,2022-01-18T14:14:43.1177216+01:00
False,16,1920,1080,U8,3,1920,1080,5760,806162512,0,0,0,1920,1080,False,2022-01-18T14:14:43.1500672+01:00
False,16,1920,1080,U8,3,1920,1080,5760,812458064,0,0,0,1920,1080,False,2022-01-18T14:14:43.1834240+01:00
False,16,1920,1080,U8,3,1920,1080,5760,831344720,0,0,0,1920,1080,False,2022-01-18T14:14:43.2166784+01:00
False,16,1920,1080,U8,3,1920,1080,5760,844456016,0,0,0,1920,1080,False,2022-01-18T14:14:43.2520704+01:00
False,16,1920,1080,U8,3,1920,1080,5760,806203472,0,0,0,1920,1080,False,2022-01-18T14:14:43.2832640+01:00
False,16,1920,1080,U8,3,1920,1080,5760,812499024,0,0,0,1920,1080,False,2022-01-18T14:14:43.3169280+01:00
False,16,1920,1080,U8,3,1920,1080,5760,850767952,0,0,0,1920,1080,False,2022-01-18T14:14:43.3504640+01:00
False,16,1920,1080,U8,3,1920,1080,5760,988037200,0,0,0,1920,1080,False,2022-01-18T14:14:43.3830400+01:00
False,16,1920,1080,U8,3,1920,1080,5760,994361424,0,0,0,1920,1080,False,2022-01-18T14:14:43.4171776+01:00
False,16,1920,1080,U8,3,1920,1080,5760,1000656976,0,0,0,1920,1080,False,2022-01-18T14:14:43.4506752+01:00
False,16,1920,1080,U8,3,1920,1080,5760,1149927504,0,0,0,1920,1080,False,2022-01-18T14:14:43.4844672+01:00
False,16,1920,1080,U8,3,1920,1080,5760,1156214864,0,0,0,1920,1080,False,2022-01-18T14:14:43.5168768+01:00
False,16,1920,1080,U8,3,1920,1080,5760,1162494032,0,0,0,1920,1080,False,2022-01-18T14:14:43.5503232+01:00
False,16,1920,1080,U8,3,1920,1080,5760,1168826448,0,0,0,1920,1080,False,2022-01-18T14:14:43.5839744+01:00
False,16,1920,1080,U8,3,1920,1080,5760,806191184,0,0,0,1920,1080,False,2022-01-18T14:14:43.6171392+01:00
False,16,1920,1080,U8,3,1920,1080,5760,812466256,0,0,0,1920,1080,False,2022-01-18T14:14:43.6502912+01:00
False,16,1920,1080,U8,3,1920,1080,5760,818741328,0,0,0,1920,1080,False,2022-01-18T14:14:43.6835968+01:00
False,16,1920,1080,U8,3,1920,1080,5760,824971344,0,0,0,1920,1080,False,2022-01-18T14:14:43.7176320+01:00
False,16,1920,1080,U8,3,1920,1080,5760,806178896,0,0,0,1920,1080,False,2022-01-18T14:14:43.7500032+01:00
False,16,1920,1080,U8,3,1920,1080,5760,812478544,0,0,0,1920,1080,False,2022-01-18T14:14:43.7830144+01:00
False,16,1920,1080,U8,3,1920,1080,5760,831299664,0,0,0,1920,1080,False,2022-01-18T14:14:43.8173440+01:00
False,16,1920,1080,U8,3,1920,1080,5760,844451920,0,0,0,1920,1080,False,2022-01-18T14:14:43.8510976+01:00
False,16,1920,1080,U8,3,1920,1080,5760,806215760,0,0,0,1920,1080,False,2022-01-18T14:14:43.8841984+01:00
False,16,1920,1080,U8,3,1920,1080,5760,812458064,0,0,0,1920,1080,False,2022-01-18T14:14:43.9174912+01:00
False,16,1920,1080,U8,3,1920,1080,5760,850743376,0,0,0,1920,1080,False,2022-01-18T14:14:43.9507328+01:00
False,16,1920,1080,U8,3,1920,1080,5760,988082256,0,0,0,1920,1080,False,2022-01-18T14:14:43.9832192+01:00
False,16,1920,1080,U8,3,1920,1080,5760,994336848,0,0,0,1920,1080,False,2022-01-18T14:14:44.0168576+01:00
False,16,1920,1080,U8,3,1920,1080,5760,1000632400,0,0,0,1920,1080,False,2022-01-18T14:14:44.0504448+01:00
False,16,1920,1080,U8,3,1920,1080,5760,1149939792,0,0,0,1920,1080,False,2022-01-18T14:14:44.0832000+01:00
False,16,1920,1080,U8,3,1920,1080,5760,1156210768,0,0,0,1920,1080,False,2022-01-18T14:14:44.1171200+01:00
False,16,1920,1080,U8,3,1920,1080,5760,1162477648,0,0,0,1920,1080,False,2022-01-18T14:14:44.1506688+01:00
False,16,1920,1080,U8,3,1920,1080,5760,1168740432,0,0,0,1920,1080,False,2022-01-18T14:14:44.1839616+01:00
False,16,1920,1080,U8,3,1920,1080,5760,806178896,0,0,0,1920,1080,False,2022-01-18T14:14:44.2163712+01:00
False,16,1920,1080,U8,3,1920,1080,5760,812482640,0,0,0,1920,1080,False,2022-01-18T14:14:44.2502272+01:00
False,16,1920,1080,U8,3,1920,1080,5760,818765904,0,0,0,1920,1080,False,2022-01-18T14:14:44.2834688+01:00
False,16,1920,1080,U8,3,1920,1080,5760,825036880,0,0,0,1920,1080,False,2022-01-18T14:14:44.3178240+01:00
False,16,1920,1080,U8,3,1920,1080,5760,806166608,0,0,0,1920,1080,False,2022-01-18T14:14:44.3506560+01:00
False,16,1920,1080,U8,3,1920,1080,5760,812490832,0,0,0,1920,1080,False,2022-01-18T14:14:44.3835776+01:00
False,16,1920,1080,U8,3,1920,1080,5760,831328336,0,0,0,1920,1080,False,2022-01-18T14:14:44.4178048+01:00
False,16,1920,1080,U8,3,1920,1080,5760,844472400,0,0,0,1920,1080,False,2022-01-18T14:14:44.4509696+01:00
False,16,1920,1080,U8,3,1920,1080,5760,806158416,0,0,0,1920,1080,False,2022-01-18T14:14:44.4841728+01:00
False,16,1920,1080,U8,3,1920,1080,5760,812400720,0,0,0,1920,1080,False,2022-01-18T14:14:44.5171840+01:00
False,16,1920,1080,U8,3,1920,1080,5760,850780240,0,0,0,1920,1080,False,2022-01-18T14:14:44.5506688+01:00
False,16,1920,1080,U8,3,1920,1080,5760,988069968,0,0,0,1920,1080,False,2022-01-18T14:14:44.5833728+01:00
False,16,1920,1080,U8,3,1920,1080,5760,994349136,0,0,0,1920,1080,False,2022-01-18T14:14:44.6171776+01:00
False,16,1920,1080,U8,3,1920,1080,5760,1000624208,0,0,0,1920,1080,False,2022-01-18T14:14:44.6508544+01:00
False,16,1920,1080,U8,3,1920,1080,5760,1149947984,0,0,0,1920,1080,False,2022-01-18T14:14:44.6834688+01:00
False,16,1920,1080,U8,3,1920,1080,5760,1156210768,0,0,0,1920,1080,False,2022-01-18T14:14:44.7164928+01:00
False,16,1920,1080,U8,3,1920,1080,5760,1162506320,0,0,0,1920,1080,False,2022-01-18T14:14:44.7505792+01:00
False,16,1920,1080,U8,3,1920,1080,5760,1168822352,0,0,0,1920,1080,False,2022-01-18T14:14:44.7841280+01:00
False,16,1920,1080,U8,3,1920,1080,5760,806178896,0,0,0,1920,1080,False,2022-01-18T14:14:44.8172800+01:00
False,16,1920,1080,U8,3,1920,1080,5760,812511312,0,0,0,1920,1080,False,2022-01-18T14:14:44.8502016+01:00
False,16,1920,1080,U8,3,1920,1080,5760,818745424,0,0,0,1920,1080,False,2022-01-18T14:14:44.8837248+01:00
False,16,1920,1080,U8,3,1920,1080,5760,825040976,0,0,0,1920,1080,False,2022-01-18T14:14:44.9181952+01:00
False,16,1920,1080,U8,3,1920,1080,5760,806203472,0,0,0,1920,1080,False,2022-01-18T14:14:44.9505536+01:00
False,16,1920,1080,U8,3,1920,1080,5760,812449872,0,0,0,1920,1080,False,2022-01-18T14:14:44.9835776+01:00
False,16,1920,1080,U8,3,1920,1080,5760,831336528,0,0,0,1920,1080,False,2022-01-18T14:14:45.0182272+01:00
False,16,1920,1080,U8,3,1920,1080,5760,844460112,0,0,0,1920,1080,False,2022-01-18T14:14:45.0521088+01:00
False,16,1920,1080,U8,3,1920,1080,5760,806162512,0,0,0,1920,1080,False,2022-01-18T14:14:45.0845824+01:00
False,16,1920,1080,U8,3,1920,1080,5760,812507216,0,0,0,1920,1080,False,2022-01-18T14:14:45.1177984+01:00
False,16,1920,1080,U8,3,1920,1080,5760,850755664,0,0,0,1920,1080,False,2022-01-18T14:14:45.1511424+01:00
False,16,1920,1080,U8,3,1920,1080,5760,988033104,0,0,0,1920,1080,False,2022-01-18T14:14:45.1846400+01:00
False,16,1920,1080,U8,3,1920,1080,5760,994369616,0,0,0,1920,1080,False,2022-01-18T14:14:45.2177152+01:00
False,16,1920,1080,U8,3,1920,1080,5760,1000616016,0,0,0,1920,1080,False,2022-01-18T14:14:45.2512384+01:00
False,16,1920,1080,U8,3,1920,1080,5760,1149911120,0,0,0,1920,1080,False,2022-01-18T14:14:45.2834176+01:00
False,16,1920,1080,U8,3,1920,1080,5760,1156231248,0,0,0,1920,1080,False,2022-01-18T14:14:45.3177984+01:00
False,16,1920,1080,U8,3,1920,1080,5760,1162534992,0,0,0,1920,1080,False,2022-01-18T14:14:45.3510272+01:00
False,16,1920,1080,U8,3,1920,1080,5760,1168793680,0,0,0,1920,1080,False,2022-01-18T14:14:45.3854464+01:00
False,16,1920,1080,U8,3,1920,1080,5760,806215760,0,0,0,1920,1080,False,2022-01-18T14:14:45.4179584+01:00
False,16,1920,1080,U8,3,1920,1080,5760,812486736,0,0,0,1920,1080,False,2022-01-18T14:14:45.4506368+01:00
False,16,1920,1080,U8,3,1920,1080,5760,818749520,0,0,0,1920,1080,False,2022-01-18T14:14:45.4841856+01:00
False,16,1920,1080,U8,3,1920,1080,5760,825049168,0,0,0,1920,1080,False,2022-01-18T14:14:45.5202304+01:00
False,16,1920,1080,U8,3,1920,1080,5760,806207568,0,0,0,1920,1080,False,2022-01-18T14:14:45.5505536+01:00
False,16,1920,1080,U8,3,1920,1080,5760,812449872,0,0,0,1920,1080,False,2022-01-18T14:14:45.5840640+01:00
False,16,1920,1080,U8,3,1920,1080,5760,831373392,0,0,0,1920,1080,False,2022-01-18T14:14:45.6182400+01:00
False,16,1920,1080,U8,3,1920,1080,5760,844468304,0,0,0,1920,1080,False,2022-01-18T14:14:45.6515072+01:00
False,16,1920,1080,U8,3,1920,1080,5760,806166608,0,0,0,1920,1080,False,2022-01-18T14:14:45.6838912+01:00
False,16,1920,1080,U8,3,1920,1080,5760,812503120,0,0,0,1920,1080,False,2022-01-18T14:14:45.7176320+01:00
False,16,1920,1080,U8,3,1920,1080,5760,850731088,0,0,0,1920,1080,False,2022-01-18T14:14:45.7518720+01:00
False,16,1920,1080,U8,3,1920,1080,5760,988078160,0,0,0,1920,1080,False,2022-01-18T14:14:45.7835776+01:00
False,16,1920,1080,U8,3,1920,1080,5760,994328656,0,0,0,1920,1080,False,2022-01-18T14:14:45.8175360+01:00
False,16,1920,1080,U8,3,1920,1080,5760,1000624208,0,0,0,1920,1080,False,2022-01-18T14:14:45.8514304+01:00
False,16,1920,1080,U8,3,1920,1080,5760,1149907024,0,0,0,1920,1080,False,2022-01-18T14:14:45.8848000+01:00
False,16,1920,1080,U8,3,1920,1080,5760,1156190288,0,0,0,1920,1080,False,2022-01-18T14:14:45.9180288+01:00
False,16,1920,1080,U8,3,1920,1080,5760,1162485840,0,0,0,1920,1080,False,2022-01-18T14:14:45.9514112+01:00
False,16,1920,1080,U8,3,1920,1080,5760,1168826448,0,0,0,1920,1080,False,2022-01-18T14:14:45.9854464+01:00
False,16,1920,1080,U8,3,1920,1080,5760,806178896,0,0,0,1920,1080,False,2022-01-18T14:14:46.0181504+01:00
False,16,1920,1080,U8,3,1920,1080,5760,812462160,0,0,0,1920,1080,False,2022-01-18T14:14:46.0507776+01:00
False,16,1920,1080,U8,3,1920,1080,5760,818761808,0,0,0,1920,1080,False,2022-01-18T14:14:46.0841216+01:00
False,16,1920,1080,U8,3,1920,1080,5760,825057360,0,0,0,1920,1080,False,2022-01-18T14:14:46.1191936+01:00
False,16,1920,1080,U8,3,1920,1080,5760,806182992,0,0,0,1920,1080,False,2022-01-18T14:14:46.1509632+01:00
False,16,1920,1080,U8,3,1920,1080,5760,812507216,0,0,0,1920,1080,False,2022-01-18T14:14:46.1836032+01:00
False,16,1920,1080,U8,3,1920,1080,5760,831365200,0,0,0,1920,1080,False,2022-01-18T14:14:46.2185728+01:00
False,16,1920,1080,U8,3,1920,1080,5760,844431440,0,0,0,1920,1080,False,2022-01-18T14:14:46.2514688+01:00
False,16,1920,1080,U8,3,1920,1080,5760,806178896,0,0,0,1920,1080,False,2022-01-18T14:14:46.2834432+01:00
False,16,1920,1080,U8,3,1920,1080,5760,812486736,0,0,0,1920,1080,False,2022-01-18T14:14:46.3181952+01:00
False,16,1920,1080,U8,3,1920,1080,5760,850690128,0,0,0,1920,1080,False,2022-01-18T14:14:46.3512832+01:00
False,16,1920,1080,U8,3,1920,1080,5760,988045392,0,0,0,1920,1080,False,2022-01-18T14:14:46.3837184+01:00
False,16,1920,1080,U8,3,1920,1080,5760,994340944,0,0,0,1920,1080,False,2022-01-18T14:14:46.4166016+01:00
False,16,1920,1080,U8,3,1920,1080,5760,1000665168,0,0,0,1920,1080,False,2022-01-18T14:14:46.4511104+01:00
False,16,1920,1080,U8,3,1920,1080,5760,1149935696,0,0,0,1920,1080,False,2022-01-18T14:14:46.4835200+01:00
False,16,1920,1080,U8,3,1920,1080,5760,1156235344,0,0,0,1920,1080,False,2022-01-18T14:14:46.5177344+01:00
False,16,1920,1080,U8,3,1920,1080,5760,1162534992,0,0,0,1920,1080,False,2022-01-18T14:14:46.5513856+01:00
False,16,1920,1080,U8,3,1920,1080,5760,1168777296,0,0,0,1920,1080,False,2022-01-18T14:14:46.5844864+01:00
False,16,1920,1080,U8,3,1920,1080,5760,806203472,0,0,0,1920,1080,False,2022-01-18T14:14:46.6181376+01:00
False,16,1920,1080,U8,3,1920,1080,5760,812507216,0,0,0,1920,1080,False,2022-01-18T14:14:46.6512896+01:00
False,16,1920,1080,U8,3,1920,1080,5760,818741328,0,0,0,1920,1080,False,2022-01-18T14:14:46.6842752+01:00
False,16,1920,1080,U8,3,1920,1080,5760,824967248,0,0,0,1920,1080,False,2022-01-18T14:14:46.7187072+01:00
False,16,1920,1080,U8,3,1920,1080,5760,806215760,0,0,0,1920,1080,False,2022-01-18T14:14:46.7507328+01:00
False,16,1920,1080,U8,3,1920,1080,5760,812466256,0,0,0,1920,1080,False,2022-01-18T14:14:46.7837568+01:00
False,16,1920,1080,U8,3,1920,1080,5760,831238224,0,0,0,1920,1080,False,2022-01-18T14:14:46.8181120+01:00
False,16,1920,1080,U8,3,1920,1080,5760,844488784,0,0,0,1920,1080,False,2022-01-18T14:14:46.8519168+01:00
False,16,1920,1080,U8,3,1920,1080,5760,806170704,0,0,0,1920,1080,False,2022-01-18T14:14:46.8851968+01:00
False,16,1920,1080,U8,3,1920,1080,5760,812499024,0,0,0,1920,1080,False,2022-01-18T14:14:46.9185920+01:00
False,16,1920,1080,U8,3,1920,1080,5760,850722896,0,0,0,1920,1080,False,2022-01-18T14:14:46.9524224+01:00
False,16,1920,1080,U8,3,1920,1080,5760,988057680,0,0,0,1920,1080,False,2022-01-18T14:14:46.9836416+01:00
False,16,1920,1080,U8,3,1920,1080,5760,994369616,0,0,0,1920,1080,False,2022-01-18T14:14:47.0176896+01:00
False,16,1920,1080,U8,3,1920,1080,5760,1000636496,0,0,0,1920,1080,False,2022-01-18T14:14:47.0511488+01:00
False,16,1920,1080,U8,3,1920,1080,5760,1149894736,0,0,0,1920,1080,False,2022-01-18T14:14:47.0840320+01:00
False,16,1920,1080,U8,3,1920,1080,5760,1156169808,0,0,0,1920,1080,False,2022-01-18T14:14:47.1184768+01:00
False,16,1920,1080,U8,3,1920,1080,5760,1162432592,0,0,0,1920,1080,False,2022-01-18T14:14:47.1512576+01:00
False,16,1920,1080,U8,3,1920,1080,5760,1168728144,0,0,0,1920,1080,False,2022-01-18T14:14:47.1846144+01:00
False,16,1920,1080,U8,3,1920,1080,5760,806166608,0,0,0,1920,1080,False,2022-01-18T14:14:47.2181248+01:00
False,16,1920,1080,U8,3,1920,1080,5760,812482640,0,0,0,1920,1080,False,2022-01-18T14:14:47.2507136+01:00
False,16,1920,1080,U8,3,1920,1080,5760,818761808,0,0,0,1920,1080,False,2022-01-18T14:14:47.2842240+01:00
False,16,1920,1080,U8,3,1920,1080,5760,825073744,0,0,0,1920,1080,False,2022-01-18T14:14:47.3185024+01:00
False,16,1920,1080,U8,3,1920,1080,5760,806170704,0,0,0,1920,1080,False,2022-01-18T14:14:47.3507584+01:00
False,16,1920,1080,U8,3,1920,1080,5760,812494928,0,0,0,1920,1080,False,2022-01-18T14:14:47.3838720+01:00
False,16,1920,1080,U8,3,1920,1080,5760,831340624,0,0,0,1920,1080,False,2022-01-18T14:14:47.4181888+01:00
False,16,1920,1080,U8,3,1920,1080,5760,844456016,0,0,0,1920,1080,False,2022-01-18T14:14:47.4516352+01:00
False,16,1920,1080,U8,3,1920,1080,5760,806219856,0,0,0,1920,1080,False,2022-01-18T14:14:47.4842112+01:00
False,16,1920,1080,U8,3,1920,1080,5760,812486736,0,0,0,1920,1080,False,2022-01-18T14:14:47.5190272+01:00
False,16,1920,1080,U8,3,1920,1080,5760,850739280,0,0,0,1920,1080,False,2022-01-18T14:14:47.5527936+01:00
False,16,1920,1080,U8,3,1920,1080,5760,988024912,0,0,0,1920,1080,False,2022-01-18T14:14:47.5840256+01:00
False,16,1920,1080,U8,3,1920,1080,5760,994345040,0,0,0,1920,1080,False,2022-01-18T14:14:47.6180096+01:00
False,16,1920,1080,U8,3,1920,1080,5760,1000603728,0,0,0,1920,1080,False,2022-01-18T14:14:47.6516224+01:00
False,16,1920,1080,U8,3,1920,1080,5760,1149943888,0,0,0,1920,1080,False,2022-01-18T14:14:47.6854016+01:00
False,16,1920,1080,U8,3,1920,1080,5760,1156223056,0,0,0,1920,1080,False,2022-01-18T14:14:47.7184512+01:00
False,16,1920,1080,U8,3,1920,1080,5760,1162485840,0,0,0,1920,1080,False,2022-01-18T14:14:47.7515264+01:00
False,16,1920,1080,U8,3,1920,1080,5760,1168822352,0,0,0,1920,1080,False,2022-01-18T14:14:47.7853056+01:00
False,16,1920,1080,U8,3,1920,1080,5760,806162512,0,0,0,1920,1080,False,2022-01-18T14:14:47.8183680+01:00
False,16,1920,1080,U8,3,1920,1080,5760,812486736,0,0,0,1920,1080,False,2022-01-18T14:14:47.8514176+01:00
False,16,1920,1080,U8,3,1920,1080,5760,818802768,0,0,0,1920,1080,False,2022-01-18T14:14:47.8850560+01:00
False,16,1920,1080,U8,3,1920,1080,5760,825057360,0,0,0,1920,1080,False,2022-01-18T14:14:47.9192192+01:00
False,16,1920,1080,U8,3,1920,1080,5760,806191184,0,0,0,1920,1080,False,2022-01-18T14:14:47.9514240+01:00
False,16,1920,1080,U8,3,1920,1080,5760,812474448,0,0,0,1920,1080,False,2022-01-18T14:14:47.9853312+01:00
False,16,1920,1080,U8,3,1920,1080,5760,831340624,0,0,0,1920,1080,False,2022-01-18T14:14:48.0179072+01:00
False,16,1920,1080,U8,3,1920,1080,5760,844488784,0,0,0,1920,1080,False,2022-01-18T14:14:48.0529152+01:00
False,16,1920,1080,U8,3,1920,1080,5760,806199376,0,0,0,1920,1080,False,2022-01-18T14:14:48.0838400+01:00
False,16,1920,1080,U8,3,1920,1080,5760,812470352,0,0,0,1920,1080,False,2022-01-18T14:14:48.1181952+01:00
False,16,1920,1080,U8,3,1920,1080,5760,850722896,0,0,0,1920,1080,False,2022-01-18T14:14:48.1518592+01:00
False,16,1920,1080,U8,3,1920,1080,5760,988037200,0,0,0,1920,1080,False,2022-01-18T14:14:48.1837952+01:00
False,16,1920,1080,U8,3,1920,1080,5760,994332752,0,0,0,1920,1080,False,2022-01-18T14:14:48.2168704+01:00
False,16,1920,1080,U8,3,1920,1080,5760,1000656976,0,0,0,1920,1080,False,2022-01-18T14:14:48.2514048+01:00
False,16,1920,1080,U8,3,1920,1080,5760,1149939792,0,0,0,1920,1080,False,2022-01-18T14:14:48.2840192+01:00
False,16,1920,1080,U8,3,1920,1080,5760,1156235344,0,0,0,1920,1080,False,2022-01-18T14:14:48.3181056+01:00
False,16,1920,1080,U8,3,1920,1080,5760,1162539088,0,0,0,1920,1080,False,2022-01-18T14:14:48.3515264+01:00
False,16,1920,1080,U8,3,1920,1080,5760,1168789584,0,0,0,1920,1080,False,2022-01-18T14:14:48.3849216+01:00
False,16,1920,1080,U8,3,1920,1080,5760,806203472,0,0,0,1920,1080,False,2022-01-18T14:14:48.4165888+01:00
False,16,1920,1080,U8,3,1920,1080,5760,812511312,0,0,0,1920,1080,False,2022-01-18T14:14:48.4516480+01:00
False,16,1920,1080,U8,3,1920,1080,5760,818753616,0,0,0,1920,1080,False,2022-01-18T14:14:48.4848384+01:00
False,16,1920,1080,U8,3,1920,1080,5760,825053264,0,0,0,1920,1080,False,2022-01-18T14:14:48.5193856+01:00
False,16,1920,1080,U8,3,1920,1080,5760,806170704,0,0,0,1920,1080,False,2022-01-18T14:14:48.5508608+01:00
False,16,1920,1080,U8,3,1920,1080,5760,812494928,0,0,0,1920,1080,False,2022-01-18T14:14:48.5835776+01:00
False,16,1920,1080,U8,3,1920,1080,5760,831381584,0,0,0,1920,1080,False,2022-01-18T14:14:48.6186880+01:00
False,16,1920,1080,U8,3,1920,1080,5760,844431440,0,0,0,1920,1080,False,2022-01-18T14:14:48.6518272+01:00
False,16,1920,1080,U8,3,1920,1080,5760,806211664,0,0,0,1920,1080,False,2022-01-18T14:14:48.6853120+01:00
False,16,1920,1080,U8,3,1920,1080,5760,812453968,0,0,0,1920,1080,False,2022-01-18T14:14:48.7186944+01:00
False,16,1920,1080,U8,3,1920,1080,5760,850686032,0,0,0,1920,1080,False,2022-01-18T14:14:48.7521792+01:00
False,16,1920,1080,U8,3,1920,1080,5760,988053584,0,0,0,1920,1080,False,2022-01-18T14:14:48.7841536+01:00
False,16,1920,1080,U8,3,1920,1080,5760,994345040,0,0,0,1920,1080,False,2022-01-18T14:14:48.8179712+01:00
False,16,1920,1080,U8,3,1920,1080,5760,1000665168,0,0,0,1920,1080,False,2022-01-18T14:14:48.8517632+01:00
False,16,1920,1080,U8,3,1920,1080,5760,1149931600,0,0,0,1920,1080,False,2022-01-18T14:14:48.8843008+01:00
False,16,1920,1080,U8,3,1920,1080,5760,1156186192,0,0,0,1920,1080,False,2022-01-18T14:14:48.9185408+01:00
False,16,1920,1080,U8,3,1920,1080,5760,1162416208,0,0,0,1920,1080,False,2022-01-18T14:14:48.9517440+01:00
False,16,1920,1080,U8,3,1920,1080,5760,1168756816,0,0,0,1920,1080,False,2022-01-18T14:14:48.9845504+01:00
False,16,1920,1080,U8,3,1920,1080,5760,806182992,0,0,0,1920,1080,False,2022-01-18T14:14:49.0183040+01:00
False,16,1920,1080,U8,3,1920,1080,5760,812511312,0,0,0,1920,1080,False,2022-01-18T14:14:49.0507776+01:00
False,16,1920,1080,U8,3,1920,1080,5760,818749520,0,0,0,1920,1080,False,2022-01-18T14:14:49.0840704+01:00
False,16,1920,1080,U8,3,1920,1080,5760,825069648,0,0,0,1920,1080,False,2022-01-18T14:14:49.1193472+01:00
False,16,1920,1080,U8,3,1920,1080,5760,806158416,0,0,0,1920,1080,False,2022-01-18T14:14:49.1514880+01:00
False,16,1920,1080,U8,3,1920,1080,5760,812429392,0,0,0,1920,1080,False,2022-01-18T14:14:49.1836544+01:00
False,16,1920,1080,U8,3,1920,1080,5760,831377488,0,0,0,1920,1080,False,2022-01-18T14:14:49.2192384+01:00
False,16,1920,1080,U8,3,1920,1080,5760,844447824,0,0,0,1920,1080,False,2022-01-18T14:14:49.2521472+01:00
False,16,1920,1080,U8,3,1920,1080,5760,806182992,0,0,0,1920,1080,False,2022-01-18T14:14:49.2837376+01:00
False,16,1920,1080,U8,3,1920,1080,5760,812482640,0,0,0,1920,1080,False,2022-01-18T14:14:49.3181568+01:00
False,16,1920,1080,U8,3,1920,1080,5760,850780240,0,0,0,1920,1080,False,2022-01-18T14:14:49.3512192+01:00
False,16,1920,1080,U8,3,1920,1080,5760,988069968,0,0,0,1920,1080,False,2022-01-18T14:14:49.3854848+01:00
False,16,1920,1080,U8,3,1920,1080,5760,994345040,0,0,0,1920,1080,False,2022-01-18T14:14:49.4184832+01:00
False,16,1920,1080,U8,3,1920,1080,5760,1000603728,0,0,0,1920,1080,False,2022-01-18T14:14:49.4521216+01:00
False,16,1920,1080,U8,3,1920,1080,5760,1149898832,0,0,0,1920,1080,False,2022-01-18T14:14:49.4843264+01:00
False,16,1920,1080,U8,3,1920,1080,5760,1156218960,0,0,0,1920,1080,False,2022-01-18T14:14:49.5171200+01:00
False,16,1920,1080,U8,3,1920,1080,5760,1162514512,0,0,0,1920,1080,False,2022-01-18T14:14:49.5519872+01:00
False,16,1920,1080,U8,3,1920,1080,5760,1168818256,0,0,0,1920,1080,False,2022-01-18T14:14:49.5847936+01:00
False,16,1920,1080,U8,3,1920,1080,5760,806187088,0,0,0,1920,1080,False,2022-01-18T14:14:49.6179712+01:00
False,16,1920,1080,U8,3,1920,1080,5760,812478544,0,0,0,1920,1080,False,2022-01-18T14:14:49.6512512+01:00
False,16,1920,1080,U8,3,1920,1080,5760,818794576,0,0,0,1920,1080,False,2022-01-18T14:14:49.6846976+01:00
False,16,1920,1080,U8,3,1920,1080,5760,825049168,0,0,0,1920,1080,False,2022-01-18T14:14:49.7211776+01:00
False,16,1920,1080,U8,3,1920,1080,5760,806215760,0,0,0,1920,1080,False,2022-01-18T14:14:49.7512576+01:00
False,16,1920,1080,U8,3,1920,1080,5760,812486736,0,0,0,1920,1080,False,2022-01-18T14:14:49.7849984+01:00
False,16,1920,1080,U8,3,1920,1080,5760,831348816,0,0,0,1920,1080,False,2022-01-18T14:14:49.8191744+01:00
False,16,1920,1080,U8,3,1920,1080,5760,844451920,0,0,0,1920,1080,False,2022-01-18T14:14:49.8522752+01:00
False,16,1920,1080,U8,3,1920,1080,5760,806191184,0,0,0,1920,1080,False,2022-01-18T14:14:49.8843648+01:00
False,16,1920,1080,U8,3,1920,1080,5760,812507216,0,0,0,1920,1080,False,2022-01-18T14:14:49.9185664+01:00
False,16,1920,1080,U8,3,1920,1080,5760,850726992,0,0,0,1920,1080,False,2022-01-18T14:14:49.9516032+01:00
False,16,1920,1080,U8,3,1920,1080,5760,988082256,0,0,0,1920,1080,False,2022-01-18T14:14:49.9839872+01:00
False,16,1920,1080,U8,3,1920,1080,5760,994357328,0,0,0,1920,1080,False,2022-01-18T14:14:50.0179840+01:00
False,16,1920,1080,U8,3,1920,1080,5760,1000644688,0,0,0,1920,1080,False,2022-01-18T14:14:50.0502016+01:00
False,16,1920,1080,U8,3,1920,1080,5760,1149894736,0,0,0,1920,1080,False,2022-01-18T14:14:50.0840064+01:00
False,16,1920,1080,U8,3,1920,1080,5760,1156128848,0,0,0,1920,1080,False,2022-01-18T14:14:50.1195648+01:00
False,16,1920,1080,U8,3,1920,1080,5760,1162440784,0,0,0,1920,1080,False,2022-01-18T14:14:50.1518208+01:00
False,16,1920,1080,U8,3,1920,1080,5760,1168744528,0,0,0,1920,1080,False,2022-01-18T14:14:50.1849216+01:00
False,16,1920,1080,U8,3,1920,1080,5760,806215760,0,0,0,1920,1080,False,2022-01-18T14:14:50.2188800+01:00
False,16,1920,1080,U8,3,1920,1080,5760,812490832,0,0,0,1920,1080,False,2022-01-18T14:14:50.2513920+01:00
False,16,1920,1080,U8,3,1920,1080,5760,818757712,0,0,0,1920,1080,False,2022-01-18T14:14:50.2860800+01:00
False,16,1920,1080,U8,3,1920,1080,5760,825073744,0,0,0,1920,1080,False,2022-01-18T14:14:50.3181568+01:00
False,16,1920,1080,U8,3,1920,1080,5760,806207568,0,0,0,1920,1080,False,2022-01-18T14:14:50.3511680+01:00
False,16,1920,1080,U8,3,1920,1080,5760,812470352,0,0,0,1920,1080,False,2022-01-18T14:14:50.3847424+01:00
False,16,1920,1080,U8,3,1920,1080,5760,831336528,0,0,0,1920,1080,False,2022-01-18T14:14:50.4179840+01:00
False,16,1920,1080,U8,3,1920,1080,5760,844451920,0,0,0,1920,1080,False,2022-01-18T14:14:50.4529920+01:00
False,16,1920,1080,U8,3,1920,1080,5760,806215760,0,0,0,1920,1080,False,2022-01-18T14:14:50.4851968+01:00
False,16,1920,1080,U8,3,1920,1080,5760,812507216,0,0,0,1920,1080,False,2022-01-18T14:14:50.5188864+01:00
False,16,1920,1080,U8,3,1920,1080,5760,850722896,0,0,0,1920,1080,False,2022-01-18T14:14:50.5517696+01:00
False,16,1920,1080,U8,3,1920,1080,5760,988057680,0,0,0,1920,1080,False,2022-01-18T14:14:50.5847552+01:00
False,16,1920,1080,U8,3,1920,1080,5760,994349136,0,0,0,1920,1080,False,2022-01-18T14:14:50.6178944+01:00
False,16,1920,1080,U8,3,1920,1080,5760,1000603728,0,0,0,1920,1080,False,2022-01-18T14:14:50.6519424+01:00
False,16,1920,1080,U8,3,1920,1080,5760,1149898832,0,0,0,1920,1080,False,2022-01-18T14:14:50.6855936+01:00
False,16,1920,1080,U8,3,1920,1080,5760,1156194384,0,0,0,1920,1080,False,2022-01-18T14:14:50.7184000+01:00
False,16,1920,1080,U8,3,1920,1080,5760,1162506320,0,0,0,1920,1080,False,2022-01-18T14:14:50.7517568+01:00
False,16,1920,1080,U8,3,1920,1080,5760,1168805968,0,0,0,1920,1080,False,2022-01-18T14:14:50.7859328+01:00
False,16,1920,1080,U8,3,1920,1080,5760,806207568,0,0,0,1920,1080,False,2022-01-18T14:14:50.8174848+01:00
False,16,1920,1080,U8,3,1920,1080,5760,812478544,0,0,0,1920,1080,False,2022-01-18T14:14:50.8513664+01:00
False,16,1920,1080,U8,3,1920,1080,5760,818757712,0,0,0,1920,1080,False,2022-01-18T14:14:50.8848000+01:00
False,16,1920,1080,U8,3,1920,1080,5760,825040976,0,0,0,1920,1080,False,2022-01-18T14:14:50.9190656+01:00
False,16,1920,1080,U8,3,1920,1080,5760,806158416,0,0,0,1920,1080,False,2022-01-18T14:14:50.9503360+01:00
False,16,1920,1080,U8,3,1920,1080,5760,812441680,0,0,0,1920,1080,False,2022-01-18T14:14:50.9855744+01:00
False,16,1920,1080,U8,3,1920,1080,5760,831373392,0,0,0,1920,1080,False,2022-01-18T14:14:51.0188928+01:00
False,16,1920,1080,U8,3,1920,1080,5760,844484688,0,0,0,1920,1080,False,2022-01-18T14:14:51.0518784+01:00
False,16,1920,1080,U8,3,1920,1080,5760,806187088,0,0,0,1920,1080,False,2022-01-18T14:14:51.0853376+01:00
False,16,1920,1080,U8,3,1920,1080,5760,812453968,0,0,0,1920,1080,False,2022-01-18T14:14:51.1185664+01:00
False,16,1920,1080,U8,3,1920,1080,5760,850743376,0,0,0,1920,1080,False,2022-01-18T14:14:51.1516672+01:00
False,16,1920,1080,U8,3,1920,1080,5760,988074064,0,0,0,1920,1080,False,2022-01-18T14:14:51.1844352+01:00
False,16,1920,1080,U8,3,1920,1080,5760,994340944,0,0,0,1920,1080,False,2022-01-18T14:14:51.2174720+01:00
False,16,1920,1080,U8,3,1920,1080,5760,1000632400,0,0,0,1920,1080,False,2022-01-18T14:14:51.2516736+01:00
False,16,1920,1080,U8,3,1920,1080,5760,1149931600,0,0,0,1920,1080,False,2022-01-18T14:14:51.2851968+01:00
False,16,1920,1080,U8,3,1920,1080,5760,1156194384,0,0,0,1920,1080,False,2022-01-18T14:14:51.3183104+01:00
False,16,1920,1080,U8,3,1920,1080,5760,1162498128,0,0,0,1920,1080,False,2022-01-18T14:14:51.3518208+01:00
False,16,1920,1080,U8,3,1920,1080,5760,1168789584,0,0,0,1920,1080,False,2022-01-18T14:14:51.3850240+01:00
False,16,1920,1080,U8,3,1920,1080,5760,806158416,0,0,0,1920,1080,False,2022-01-18T14:14:51.4175488+01:00
False,16,1920,1080,U8,3,1920,1080,5760,812400720,0,0,0,1920,1080,False,2022-01-18T14:14:51.4514176+01:00
False,16,1920,1080,U8,3,1920,1080,5760,818724944,0,0,0,1920,1080,False,2022-01-18T14:14:51.4851456+01:00
False,16,1920,1080,U8,3,1920,1080,5760,825000016,0,0,0,1920,1080,False,2022-01-18T14:14:51.5193856+01:00
False,16,1920,1080,U8,3,1920,1080,5760,806191184,0,0,0,1920,1080,False,2022-01-18T14:14:51.5508480+01:00
False,16,1920,1080,U8,3,1920,1080,5760,831303760,0,0,0,1920,1080,False,2022-01-18T14:14:51.5848704+01:00
False,16,1920,1080,U8,3,1920,1080,5760,844480592,0,0,0,1920,1080,False,2022-01-18T14:14:51.6185472+01:00
False,16,1920,1080,U8,3,1920,1080,5760,850772048,0,0,0,1920,1080,False,2022-01-18T14:14:51.6522112+01:00
False,16,1920,1080,U8,3,1920,1080,5760,806211664,0,0,0,1920,1080,False,2022-01-18T14:14:51.6855424+01:00
False,16,1920,1080,U8,3,1920,1080,5760,831307856,0,0,0,1920,1080,False,2022-01-18T14:14:51.7187200+01:00
False,16,1920,1080,U8,3,1920,1080,5760,988057680,0,0,0,1920,1080,False,2022-01-18T14:14:51.7519360+01:00
False,16,1920,1080,U8,3,1920,1080,5760,994328656,0,0,0,1920,1080,False,2022-01-18T14:14:51.7854208+01:00
False,16,1920,1080,U8,3,1920,1080,5760,812449872,0,0,0,1920,1080,False,2022-01-18T14:14:51.8187264+01:00
False,16,1920,1080,U8,3,1920,1080,5760,1000648784,0,0,0,1920,1080,False,2022-01-18T14:14:51.8519296+01:00
False,16,1920,1080,U8,3,1920,1080,5760,1149915216,0,0,0,1920,1080,False,2022-01-18T14:14:51.8848256+01:00
False,16,1920,1080,U8,3,1920,1080,5760,1156202576,0,0,0,1920,1080,False,2022-01-18T14:14:51.9176192+01:00
False,16,1920,1080,U8,3,1920,1080,5760,1162510416,0,0,0,1920,1080,False,2022-01-18T14:14:51.9523840+01:00
False,16,1920,1080,U8,3,1920,1080,5760,1168822352,0,0,0,1920,1080,False,2022-01-18T14:14:51.9864064+01:00
False,16,1920,1080,U8,3,1920,1080,5760,806219856,0,0,0,1920,1080,False,2022-01-18T14:14:52.0178688+01:00
False,16,1920,1080,U8,3,1920,1080,5760,812503120,0,0,0,1920,1080,False,2022-01-18T14:14:52.0518400+01:00
False,16,1920,1080,U8,3,1920,1080,5760,818794576,0,0,0,1920,1080,False,2022-01-18T14:14:52.0849280+01:00
False,16,1920,1080,U8,3,1920,1080,5760,825081936,0,0,0,1920,1080,False,2022-01-18T14:14:52.1194112+01:00
False,16,1920,1080,U8,3,1920,1080,5760,806162512,0,0,0,1920,1080,False,2022-01-18T14:14:52.1517440+01:00
False,16,1920,1080,U8,3,1920,1080,5760,812478544,0,0,0,1920,1080,False,2022-01-18T14:14:52.1849856+01:00
False,16,1920,1080,U8,3,1920,1080,5760,831361104,0,0,0,1920,1080,False,2022-01-18T14:14:52.2192768+01:00
False,16,1920,1080,U8,3,1920,1080,5760,844451920,0,0,0,1920,1080,False,2022-01-18T14:14:52.2520064+01:00
False,16,1920,1080,U8,3,1920,1080,5760,806162512,0,0,0,1920,1080,False,2022-01-18T14:14:52.2846336+01:00
False,16,1920,1080,U8,3,1920,1080,5760,812474448,0,0,0,1920,1080,False,2022-01-18T14:14:52.3176448+01:00
False,16,1920,1080,U8,3,1920,1080,5760,850747472,0,0,0,1920,1080,False,2022-01-18T14:14:52.3520640+01:00
False,16,1920,1080,U8,3,1920,1080,5760,988065872,0,0,0,1920,1080,False,2022-01-18T14:14:52.3844480+01:00
False,16,1920,1080,U8,3,1920,1080,5760,994320464,0,0,0,1920,1080,False,2022-01-18T14:14:52.4175232+01:00
False,16,1920,1080,U8,3,1920,1080,5760,1000644688,0,0,0,1920,1080,False,2022-01-18T14:14:52.4521344+01:00
False,16,1920,1080,U8,3,1920,1080,5760,1149935696,0,0,0,1920,1080,False,2022-01-18T14:14:52.4845056+01:00
False,16,1920,1080,U8,3,1920,1080,5760,1156202576,0,0,0,1920,1080,False,2022-01-18T14:14:52.5177472+01:00
False,16,1920,1080,U8,3,1920,1080,5760,1162510416,0,0,0,1920,1080,False,2022-01-18T14:14:52.5524864+01:00
False,16,1920,1080,U8,3,1920,1080,5760,1168785488,0,0,0,1920,1080,False,2022-01-18T14:14:52.5852928+01:00
False,16,1920,1080,U8,3,1920,1080,5760,806166608,0,0,0,1920,1080,False,2022-01-18T14:14:52.6186496+01:00
False,16,1920,1080,U8,3,1920,1080,5760,812511312,0,0,0,1920,1080,False,2022-01-18T14:14:52.6517632+01:00
False,16,1920,1080,U8,3,1920,1080,5760,818794576,0,0,0,1920,1080,False,2022-01-18T14:14:52.6862592+01:00
False,16,1920,1080,U8,3,1920,1080,5760,825086032,0,0,0,1920,1080,False,2022-01-18T14:14:52.7193984+01:00
False,16,1920,1080,U8,3,1920,1080,5760,806162512,0,0,0,1920,1080,False,2022-01-18T14:14:52.7508352+01:00
False,16,1920,1080,U8,3,1920,1080,5760,812453968,0,0,0,1920,1080,False,2022-01-18T14:14:52.7843840+01:00
False,16,1920,1080,U8,3,1920,1080,5760,831344720,0,0,0,1920,1080,False,2022-01-18T14:14:52.8178944+01:00
False,16,1920,1080,U8,3,1920,1080,5760,844431440,0,0,0,1920,1080,False,2022-01-18T14:14:52.8524672+01:00
False,16,1920,1080,U8,3,1920,1080,5760,806162512,0,0,0,1920,1080,False,2022-01-18T14:14:52.8847744+01:00
False,16,1920,1080,U8,3,1920,1080,5760,812474448,0,0,0,1920,1080,False,2022-01-18T14:14:52.9182976+01:00
False,16,1920,1080,U8,3,1920,1080,5760,850698320,0,0,0,1920,1080,False,2022-01-18T14:14:52.9510144+01:00
False,16,1920,1080,U8,3,1920,1080,5760,988037200,0,0,0,1920,1080,False,2022-01-18T14:14:52.9844352+01:00
False,16,1920,1080,U8,3,1920,1080,5760,994312272,0,0,0,1920,1080,False,2022-01-18T14:14:53.0175104+01:00
False,16,1920,1080,U8,3,1920,1080,5760,1000595536,0,0,0,1920,1080,False,2022-01-18T14:14:53.0514560+01:00
False,16,1920,1080,U8,3,1920,1080,5760,1149952080,0,0,0,1920,1080,False,2022-01-18T14:14:53.0844928+01:00
False,16,1920,1080,U8,3,1920,1080,5760,1156190288,0,0,0,1920,1080,False,2022-01-18T14:14:53.1184640+01:00
False,16,1920,1080,U8,3,1920,1080,5760,1162489936,0,0,0,1920,1080,False,2022-01-18T14:14:53.1509376+01:00
False,16,1920,1080,U8,3,1920,1080,5760,1168826448,0,0,0,1920,1080,False,2022-01-18T14:14:53.1852288+01:00
False,16,1920,1080,U8,3,1920,1080,5760,806162512,0,0,0,1920,1080,False,2022-01-18T14:14:53.2178176+01:00
False,16,1920,1080,U8,3,1920,1080,5760,812511312,0,0,0,1920,1080,False,2022-01-18T14:14:53.2509952+01:00
False,16,1920,1080,U8,3,1920,1080,5760,818770000,0,0,0,1920,1080,False,2022-01-18T14:14:53.2858880+01:00
False,16,1920,1080,U8,3,1920,1080,5760,825061456,0,0,0,1920,1080,False,2022-01-18T14:14:53.3181568+01:00
False,16,1920,1080,U8,3,1920,1080,5760,806187088,0,0,0,1920,1080,False,2022-01-18T14:14:53.3514880+01:00
False,16,1920,1080,U8,3,1920,1080,5760,812458064,0,0,0,1920,1080,False,2022-01-18T14:14:53.3845376+01:00
False,16,1920,1080,U8,3,1920,1080,5760,831344720,0,0,0,1920,1080,False,2022-01-18T14:14:53.4193280+01:00
False,16,1920,1080,U8,3,1920,1080,5760,844492880,0,0,0,1920,1080,False,2022-01-18T14:14:53.4522112+01:00
False,16,1920,1080,U8,3,1920,1080,5760,806191184,0,0,0,1920,1080,False,2022-01-18T14:14:53.4857856+01:00
False,16,1920,1080,U8,3,1920,1080,5760,812482640,0,0,0,1920,1080,False,2022-01-18T14:14:53.5181312+01:00
False,16,1920,1080,U8,3,1920,1080,5760,850784336,0,0,0,1920,1080,False,2022-01-18T14:14:53.5512576+01:00
False,16,1920,1080,U8,3,1920,1080,5760,988049488,0,0,0,1920,1080,False,2022-01-18T14:14:53.5845760+01:00
False,16,1920,1080,U8,3,1920,1080,5760,994361424,0,0,0,1920,1080,False,2022-01-18T14:14:53.6178048+01:00
False,16,1920,1080,U8,3,1920,1080,5760,1000632400,0,0,0,1920,1080,False,2022-01-18T14:14:53.6522496+01:00
False,16,1920,1080,U8,3,1920,1080,5760,1149923408,0,0,0,1920,1080,False,2022-01-18T14:14:53.6848000+01:00
False,16,1920,1080,U8,3,1920,1080,5760,1156190288,0,0,0,1920,1080,False,2022-01-18T14:14:53.7178752+01:00
False,16,1920,1080,U8,3,1920,1080,5760,1162481744,0,0,0,1920,1080,False,2022-01-18T14:14:53.7509248+01:00
False,16,1920,1080,U8,3,1920,1080,5760,1168810064,0,0,0,1920,1080,False,2022-01-18T14:14:53.7853184+01:00
False,16,1920,1080,U8,3,1920,1080,5760,806199376,0,0,0,1920,1080,False,2022-01-18T14:14:53.8174976+01:00
False,16,1920,1080,U8,3,1920,1080,5760,812486736,0,0,0,1920,1080,False,2022-01-18T14:14:53.8505344+01:00
False,16,1920,1080,U8,3,1920,1080,5760,818802768,0,0,0,1920,1080,False,2022-01-18T14:14:53.8872704+01:00
False,16,1920,1080,U8,3,1920,1080,5760,825032784,0,0,0,1920,1080,False,2022-01-18T14:14:53.9214720+01:00
False,16,1920,1080,U8,3,1920,1080,5760,806174800,0,0,0,1920,1080,False,2022-01-18T14:14:53.9513216+01:00
False,16,1920,1080,U8,3,1920,1080,5760,812474448,0,0,0,1920,1080,False,2022-01-18T14:14:53.9858944+01:00
False,16,1920,1080,U8,3,1920,1080,5760,831299664,0,0,0,1920,1080,False,2022-01-18T14:14:54.0185472+01:00
False,16,1920,1080,U8,3,1920,1080,5760,844435536,0,0,0,1920,1080,False,2022-01-18T14:14:54.0519424+01:00
False,16,1920,1080,U8,3,1920,1080,5760,806215760,0,0,0,1920,1080,False,2022-01-18T14:14:54.0850944+01:00
False,16,1920,1080,U8,3,1920,1080,5760,812511312,0,0,0,1920,1080,False,2022-01-18T14:14:54.1186048+01:00
False,16,1920,1080,U8,3,1920,1080,5760,850763856,0,0,0,1920,1080,False,2022-01-18T14:14:54.1526144+01:00
False,16,1920,1080,U8,3,1920,1080,5760,988057680,0,0,0,1920,1080,False,2022-01-18T14:14:54.1853824+01:00
False,16,1920,1080,U8,3,1920,1080,5760,994328656,0,0,0,1920,1080,False,2022-01-18T14:14:54.2196608+01:00
False,16,1920,1080,U8,3,1920,1080,5760,1000656976,0,0,0,1920,1080,False,2022-01-18T14:14:54.2519040+01:00
False,16,1920,1080,U8,3,1920,1080,5760,1149947984,0,0,0,1920,1080,False,2022-01-18T14:14:54.2853376+01:00
False,16,1920,1080,U8,3,1920,1080,5760,1156218960,0,0,0,1920,1080,False,2022-01-18T14:14:54.3193216+01:00
False,16,1920,1080,U8,3,1920,1080,5760,1162502224,0,0,0,1920,1080,False,2022-01-18T14:14:54.3529088+01:00
False,16,1920,1080,U8,3,1920,1080,5760,1168810064,0,0,0,1920,1080,False,2022-01-18T14:14:54.3863808+01:00
False,16,1920,1080,U8,3,1920,1080,5760,806158416,0,0,0,1920,1080,False,2022-01-18T14:14:54.4184704+01:00
False,16,1920,1080,U8,3,1920,1080,5760,812384336,0,0,0,1920,1080,False,2022-01-18T14:14:54.4514816+01:00
False,16,1920,1080,U8,3,1920,1080,5760,818647120,0,0,0,1920,1080,False,2022-01-18T14:14:54.4869376+01:00
False,16,1920,1080,U8,3,1920,1080,5760,824938576,0,0,0,1920,1080,False,2022-01-18T14:14:54.5202176+01:00
False,16,1920,1080,U8,3,1920,1080,5760,806170704,0,0,0,1920,1080,False,2022-01-18T14:14:54.5515648+01:00
False,16,1920,1080,U8,3,1920,1080,5760,831225936,0,0,0,1920,1080,False,2022-01-18T14:14:54.5863296+01:00
False,16,1920,1080,U8,3,1920,1080,5760,844439632,0,0,0,1920,1080,False,2022-01-18T14:14:54.6199168+01:00
False,16,1920,1080,U8,3,1920,1080,5760,850767952,0,0,0,1920,1080,False,2022-01-18T14:14:54.6518912+01:00
False,16,1920,1080,U8,3,1920,1080,5760,806215760,0,0,0,1920,1080,False,2022-01-18T14:14:54.6851456+01:00
False,16,1920,1080,U8,3,1920,1080,5760,831201360,0,0,0,1920,1080,False,2022-01-18T14:14:54.7184640+01:00
False,16,1920,1080,U8,3,1920,1080,5760,988053584,0,0,0,1920,1080,False,2022-01-18T14:14:54.7529472+01:00
False,16,1920,1080,U8,3,1920,1080,5760,994357328,0,0,0,1920,1080,False,2022-01-18T14:14:54.7848320+01:00
False,16,1920,1080,U8,3,1920,1080,5760,1000665168,0,0,0,1920,1080,False,2022-01-18T14:14:54.8192000+01:00
False,16,1920,1080,U8,3,1920,1080,5760,1149956176,0,0,0,1920,1080,False,2022-01-18T14:14:54.8528256+01:00
False,16,1920,1080,U8,3,1920,1080,5760,1156186192,0,0,0,1920,1080,False,2022-01-18T14:14:54.8851328+01:00
False,16,1920,1080,U8,3,1920,1080,5760,1162436688,0,0,0,1920,1080,False,2022-01-18T14:14:54.9182976+01:00
False,16,1920,1080,U8,3,1920,1080,5760,1168740432,0,0,0,1920,1080,False,2022-01-18T14:14:54.9514112+01:00
False,16,1920,1080,U8,3,1920,1080,5760,1175052368,0,0,0,1920,1080,False,2022-01-18T14:14:54.9873024+01:00
False,16,1920,1080,U8,3,1920,1080,5760,806162512,0,0,0,1920,1080,False,2022-01-18T14:14:55.0183680+01:00
False,16,1920,1080,U8,3,1920,1080,5760,812462160,0,0,0,1920,1080,False,2022-01-18T14:14:55.0522496+01:00
False,16,1920,1080,U8,3,1920,1080,5760,818778192,0,0,0,1920,1080,False,2022-01-18T14:14:55.0870016+01:00
False,16,1920,1080,U8,3,1920,1080,5760,825061456,0,0,0,1920,1080,False,2022-01-18T14:14:55.1187456+01:00
False,16,1920,1080,U8,3,1920,1080,5760,806199376,0,0,0,1920,1080,False,2022-01-18T14:14:55.1521920+01:00
False,16,1920,1080,U8,3,1920,1080,5760,812474448,0,0,0,1920,1080,False,2022-01-18T14:14:55.1850624+01:00
False,16,1920,1080,U8,3,1920,1080,5760,831328336,0,0,0,1920,1080,False,2022-01-18T14:14:55.2196736+01:00
False,16,1920,1080,U8,3,1920,1080,5760,844484688,0,0,0,1920,1080,False,2022-01-18T14:14:55.2515840+01:00
False,16,1920,1080,U8,3,1920,1080,5760,806170704,0,0,0,1920,1080,False,2022-01-18T14:14:55.2862464+01:00
False,16,1920,1080,U8,3,1920,1080,5760,812449872,0,0,0,1920,1080,False,2022-01-18T14:14:55.3195520+01:00
False,16,1920,1080,U8,3,1920,1080,5760,850731088,0,0,0,1920,1080,False,2022-01-18T14:14:55.3528064+01:00
False,16,1920,1080,U8,3,1920,1080,5760,988045392,0,0,0,1920,1080,False,2022-01-18T14:14:55.3851776+01:00
False,16,1920,1080,U8,3,1920,1080,5760,994336848,0,0,0,1920,1080,False,2022-01-18T14:14:55.4181504+01:00
False,16,1920,1080,U8,3,1920,1080,5760,1000648784,0,0,0,1920,1080,False,2022-01-18T14:14:55.4511872+01:00
False,16,1920,1080,U8,3,1920,1080,5760,1149939792,0,0,0,1920,1080,False,2022-01-18T14:14:55.4863488+01:00
False,16,1920,1080,U8,3,1920,1080,5760,1156243536,0,0,0,1920,1080,False,2022-01-18T14:14:55.5189120+01:00
False,16,1920,1080,U8,3,1920,1080,5760,1162514512,0,0,0,1920,1080,False,2022-01-18T14:14:55.5524736+01:00
False,16,1920,1080,U8,3,1920,1080,5760,1168826448,0,0,0,1920,1080,False,2022-01-18T14:14:55.5854080+01:00
False,16,1920,1080,U8,3,1920,1080,5760,806174800,0,0,0,1920,1080,False,2022-01-18T14:14:55.6179584+01:00
False,16,1920,1080,U8,3,1920,1080,5760,812499024,0,0,0,1920,1080,False,2022-01-18T14:14:55.6519680+01:00
False,16,1920,1080,U8,3,1920,1080,5760,818749520,0,0,0,1920,1080,False,2022-01-18T14:14:55.6868352+01:00
False,16,1920,1080,U8,3,1920,1080,5760,825073744,0,0,0,1920,1080,False,2022-01-18T14:14:55.7201536+01:00
False,16,1920,1080,U8,3,1920,1080,5760,806166608,0,0,0,1920,1080,False,2022-01-18T14:14:55.7520640+01:00
False,16,1920,1080,U8,3,1920,1080,5760,812478544,0,0,0,1920,1080,False,2022-01-18T14:14:55.7842304+01:00
False,16,1920,1080,U8,3,1920,1080,5760,831365200,0,0,0,1920,1080,False,2022-01-18T14:14:55.8180608+01:00
False,16,1920,1080,U8,3,1920,1080,5760,844435536,0,0,0,1920,1080,False,2022-01-18T14:14:55.8518912+01:00
False,16,1920,1080,U8,3,1920,1080,5760,806199376,0,0,0,1920,1080,False,2022-01-18T14:14:55.8862976+01:00
False,16,1920,1080,U8,3,1920,1080,5760,812490832,0,0,0,1920,1080,False,2022-01-18T14:14:55.9185152+01:00
False,16,1920,1080,U8,3,1920,1080,5760,850743376,0,0,0,1920,1080,False,2022-01-18T14:14:55.9514752+01:00
False,16,1920,1080,U8,3,1920,1080,5760,988045392,0,0,0,1920,1080,False,2022-01-18T14:14:55.9860992+01:00
False,16,1920,1080,U8,3,1920,1080,5760,994361424,0,0,0,1920,1080,False,2022-01-18T14:14:56.0181376+01:00
False,16,1920,1080,U8,3,1920,1080,5760,1000628304,0,0,0,1920,1080,False,2022-01-18T14:14:56.0513920+01:00
False,16,1920,1080,U8,3,1920,1080,5760,1149898832,0,0,0,1920,1080,False,2022-01-18T14:14:56.0847616+01:00
False,16,1920,1080,U8,3,1920,1080,5760,1156247632,0,0,0,1920,1080,False,2022-01-18T14:14:56.1179008+01:00
False,16,1920,1080,U8,3,1920,1080,5760,1162494032,0,0,0,1920,1080,False,2022-01-18T14:14:56.1527168+01:00
False,16,1920,1080,U8,3,1920,1080,5760,1168814160,0,0,0,1920,1080,False,2022-01-18T14:14:56.1859072+01:00
False,16,1920,1080,U8,3,1920,1080,5760,806207568,0,0,0,1920,1080,False,2022-01-18T14:14:56.2182016+01:00
False,16,1920,1080,U8,3,1920,1080,5760,812482640,0,0,0,1920,1080,False,2022-01-18T14:14:56.2517760+01:00
False,16,1920,1080,U8,3,1920,1080,5760,818749520,0,0,0,1920,1080,False,2022-01-18T14:14:56.2852864+01:00
False,16,1920,1080,U8,3,1920,1080,5760,825094224,0,0,0,1920,1080,False,2022-01-18T14:14:56.3200128+01:00
False,16,1920,1080,U8,3,1920,1080,5760,806211664,0,0,0,1920,1080,False,2022-01-18T14:14:56.3515264+01:00
False,16,1920,1080,U8,3,1920,1080,5760,812474448,0,0,0,1920,1080,False,2022-01-18T14:14:56.3851520+01:00
False,16,1920,1080,U8,3,1920,1080,5760,831381584,0,0,0,1920,1080,False,2022-01-18T14:14:56.4187648+01:00
False,16,1920,1080,U8,3,1920,1080,5760,844451920,0,0,0,1920,1080,False,2022-01-18T14:14:56.4524416+01:00
False,16,1920,1080,U8,3,1920,1080,5760,806162512,0,0,0,1920,1080,False,2022-01-18T14:14:56.4848128+01:00
False,16,1920,1080,U8,3,1920,1080,5760,812511312,0,0,0,1920,1080,False,2022-01-18T14:14:56.5180928+01:00
False,16,1920,1080,U8,3,1920,1080,5760,850735184,0,0,0,1920,1080,False,2022-01-18T14:14:56.5514368+01:00
False,16,1920,1080,U8,3,1920,1080,5760,988082256,0,0,0,1920,1080,False,2022-01-18T14:14:56.5838464+01:00
False,16,1920,1080,U8,3,1920,1080,5760,994345040,0,0,0,1920,1080,False,2022-01-18T14:14:56.6192128+01:00
False,16,1920,1080,U8,3,1920,1080,5760,1000628304,0,0,0,1920,1080,False,2022-01-18T14:14:56.6514944+01:00
False,16,1920,1080,U8,3,1920,1080,5760,1149919312,0,0,0,1920,1080,False,2022-01-18T14:14:56.6840448+01:00
False,16,1920,1080,U8,3,1920,1080,5760,1156210768,0,0,0,1920,1080,False,2022-01-18T14:14:56.7183360+01:00
False,16,1920,1080,U8,3,1920,1080,5760,1162498128,0,0,0,1920,1080,False,2022-01-18T14:14:56.7517312+01:00
False,16,1920,1080,U8,3,1920,1080,5760,1168822352,0,0,0,1920,1080,False,2022-01-18T14:14:56.7849216+01:00
False,16,1920,1080,U8,3,1920,1080,5760,806191184,0,0,0,1920,1080,False,2022-01-18T14:14:56.8180096+01:00
False,16,1920,1080,U8,3,1920,1080,5760,812474448,0,0,0,1920,1080,False,2022-01-18T14:14:56.8510208+01:00
False,16,1920,1080,U8,3,1920,1080,5760,818786384,0,0,0,1920,1080,False,2022-01-18T14:14:56.8845952+01:00
False,16,1920,1080,U8,3,1920,1080,5760,825040976,0,0,0,1920,1080,False,2022-01-18T14:14:56.9192704+01:00
False,16,1920,1080,U8,3,1920,1080,5760,806203472,0,0,0,1920,1080,False,2022-01-18T14:14:56.9513216+01:00
False,16,1920,1080,U8,3,1920,1080,5760,812494928,0,0,0,1920,1080,False,2022-01-18T14:14:56.9843072+01:00
False,16,1920,1080,U8,3,1920,1080,5760,831336528,0,0,0,1920,1080,False,2022-01-18T14:14:57.0190464+01:00
False,16,1920,1080,U8,3,1920,1080,5760,844456016,0,0,0,1920,1080,False,2022-01-18T14:14:57.0520320+01:00
False,16,1920,1080,U8,3,1920,1080,5760,806178896,0,0,0,1920,1080,False,2022-01-18T14:14:57.0841088+01:00
False,16,1920,1080,U8,3,1920,1080,5760,812482640,0,0,0,1920,1080,False,2022-01-18T14:14:57.1186176+01:00
False,16,1920,1080,U8,3,1920,1080,5760,850747472,0,0,0,1920,1080,False,2022-01-18T14:14:57.1519616+01:00
False,16,1920,1080,U8,3,1920,1080,5760,988078160,0,0,0,1920,1080,False,2022-01-18T14:14:57.1845632+01:00
False,16,1920,1080,U8,3,1920,1080,5760,994332752,0,0,0,1920,1080,False,2022-01-18T14:14:57.2184576+01:00
False,16,1920,1080,U8,3,1920,1080,5760,1000632400,0,0,0,1920,1080,False,2022-01-18T14:14:57.2521600+01:00
False,16,1920,1080,U8,3,1920,1080,5760,1149931600,0,0,0,1920,1080,False,2022-01-18T14:14:57.2845568+01:00
False,16,1920,1080,U8,3,1920,1080,5760,1156247632,0,0,0,1920,1080,False,2022-01-18T14:14:57.3181696+01:00
False,16,1920,1080,U8,3,1920,1080,5760,1162522704,0,0,0,1920,1080,False,2022-01-18T14:14:57.3517696+01:00
False,16,1920,1080,U8,3,1920,1080,5760,1168810064,0,0,0,1920,1080,False,2022-01-18T14:14:57.3854208+01:00
False,16,1920,1080,U8,3,1920,1080,5760,806199376,0,0,0,1920,1080,False,2022-01-18T14:14:57.4184832+01:00
False,16,1920,1080,U8,3,1920,1080,5760,812474448,0,0,0,1920,1080,False,2022-01-18T14:14:57.4518144+01:00
False,16,1920,1080,U8,3,1920,1080,5760,818770000,0,0,0,1920,1080,False,2022-01-18T14:14:57.4850048+01:00
False,16,1920,1080,U8,3,1920,1080,5760,825065552,0,0,0,1920,1080,False,2022-01-18T14:14:57.5189632+01:00
False,16,1920,1080,U8,3,1920,1080,5760,806191184,0,0,0,1920,1080,False,2022-01-18T14:14:57.5514752+01:00
False,16,1920,1080,U8,3,1920,1080,5760,812499024,0,0,0,1920,1080,False,2022-01-18T14:14:57.5849472+01:00
False,16,1920,1080,U8,3,1920,1080,5760,831385680,0,0,0,1920,1080,False,2022-01-18T14:14:57.6187648+01:00
False,16,1920,1080,U8,3,1920,1080,5760,844476496,0,0,0,1920,1080,False,2022-01-18T14:14:57.6521984+01:00
False,16,1920,1080,U8,3,1920,1080,5760,806178896,0,0,0,1920,1080,False,2022-01-18T14:14:57.6854528+01:00
False,16,1920,1080,U8,3,1920,1080,5760,812486736,0,0,0,1920,1080,False,2022-01-18T14:14:57.7196800+01:00
False,16,1920,1080,U8,3,1920,1080,5760,850776144,0,0,0,1920,1080,False,2022-01-18T14:14:57.7529984+01:00
False,16,1920,1080,U8,3,1920,1080,5760,988061776,0,0,0,1920,1080,False,2022-01-18T14:14:57.7856896+01:00
False,16,1920,1080,U8,3,1920,1080,5760,994349136,0,0,0,1920,1080,False,2022-01-18T14:14:57.8183296+01:00
False,16,1920,1080,U8,3,1920,1080,5760,1000611920,0,0,0,1920,1080,False,2022-01-18T14:14:57.8520832+01:00
False,16,1920,1080,U8,3,1920,1080,5760,1149894736,0,0,0,1920,1080,False,2022-01-18T14:14:57.8855296+01:00
False,16,1920,1080,U8,3,1920,1080,5760,1156132944,0,0,0,1920,1080,False,2022-01-18T14:14:57.9197568+01:00
False,16,1920,1080,U8,3,1920,1080,5760,1162424400,0,0,0,1920,1080,False,2022-01-18T14:14:57.9521664+01:00
False,16,1920,1080,U8,3,1920,1080,5760,1168752720,0,0,0,1920,1080,False,2022-01-18T14:14:57.9864960+01:00
False,16,1920,1080,U8,3,1920,1080,5760,806203472,0,0,0,1920,1080,False,2022-01-18T14:14:58.0188032+01:00
False,16,1920,1080,U8,3,1920,1080,5760,812482640,0,0,0,1920,1080,False,2022-01-18T14:14:58.0524800+01:00
False,16,1920,1080,U8,3,1920,1080,5760,818786384,0,0,0,1920,1080,False,2022-01-18T14:14:58.0857216+01:00
False,16,1920,1080,U8,3,1920,1080,5760,825040976,0,0,0,1920,1080,False,2022-01-18T14:14:58.1214080+01:00
False,16,1920,1080,U8,3,1920,1080,5760,806166608,0,0,0,1920,1080,False,2022-01-18T14:14:58.1526144+01:00
False,16,1920,1080,U8,3,1920,1080,5760,812466256,0,0,0,1920,1080,False,2022-01-18T14:14:58.1848320+01:00
False,16,1920,1080,U8,3,1920,1080,5760,831344720,0,0,0,1920,1080,False,2022-01-18T14:14:58.2192768+01:00
False,16,1920,1080,U8,3,1920,1080,5760,844435536,0,0,0,1920,1080,False,2022-01-18T14:14:58.2530048+01:00
False,16,1920,1080,U8,3,1920,1080,5760,806211664,0,0,0,1920,1080,False,2022-01-18T14:14:58.2848640+01:00
False,16,1920,1080,U8,3,1920,1080,5760,812470352,0,0,0,1920,1080,False,2022-01-18T14:14:58.3189888+01:00
False,16,1920,1080,U8,3,1920,1080,5760,850763856,0,0,0,1920,1080,False,2022-01-18T14:14:58.3532160+01:00
False,16,1920,1080,U8,3,1920,1080,5760,988061776,0,0,0,1920,1080,False,2022-01-18T14:14:58.3860096+01:00
False,16,1920,1080,U8,3,1920,1080,5760,994316368,0,0,0,1920,1080,False,2022-01-18T14:14:58.4195968+01:00
False,16,1920,1080,U8,3,1920,1080,5760,1000656976,0,0,0,1920,1080,False,2022-01-18T14:14:58.4529152+01:00
False,16,1920,1080,U8,3,1920,1080,5760,1149947984,0,0,0,1920,1080,False,2022-01-18T14:14:58.4848128+01:00
False,16,1920,1080,U8,3,1920,1080,5760,1156239440,0,0,0,1920,1080,False,2022-01-18T14:14:58.5186944+01:00
False,16,1920,1080,U8,3,1920,1080,5760,1162494032,0,0,0,1920,1080,False,2022-01-18T14:14:58.5520896+01:00
False,16,1920,1080,U8,3,1920,1080,5760,1168810064,0,0,0,1920,1080,False,2022-01-18T14:14:58.5871744+01:00
False,16,1920,1080,U8,3,1920,1080,5760,806191184,0,0,0,1920,1080,False,2022-01-18T14:14:58.6188416+01:00
False,16,1920,1080,U8,3,1920,1080,5760,812494928,0,0,0,1920,1080,False,2022-01-18T14:14:58.6528000+01:00
False,16,1920,1080,U8,3,1920,1080,5760,818749520,0,0,0,1920,1080,False,2022-01-18T14:14:58.6852864+01:00
False,16,1920,1080,U8,3,1920,1080,5760,825073744,0,0,0,1920,1080,False,2022-01-18T14:14:58.7202304+01:00
False,16,1920,1080,U8,3,1920,1080,5760,806199376,0,0,0,1920,1080,False,2022-01-18T14:14:58.7528192+01:00
False,16,1920,1080,U8,3,1920,1080,5760,812490832,0,0,0,1920,1080,False,2022-01-18T14:14:58.7847552+01:00
False,16,1920,1080,U8,3,1920,1080,5760,831336528,0,0,0,1920,1080,False,2022-01-18T14:14:58.8194176+01:00
False,16,1920,1080,U8,3,1920,1080,5760,844443728,0,0,0,1920,1080,False,2022-01-18T14:14:58.8535808+01:00
False,16,1920,1080,U8,3,1920,1080,5760,806211664,0,0,0,1920,1080,False,2022-01-18T14:14:58.8859776+01:00
False,16,1920,1080,U8,3,1920,1080,5760,812458064,0,0,0,1920,1080,False,2022-01-18T14:14:58.9190016+01:00
False,16,1920,1080,U8,3,1920,1080,5760,850784336,0,0,0,1920,1080,False,2022-01-18T14:14:58.9524096+01:00
False,16,1920,1080,U8,3,1920,1080,5760,988057680,0,0,0,1920,1080,False,2022-01-18T14:14:58.9862016+01:00
False,16,1920,1080,U8,3,1920,1080,5760,994328656,0,0,0,1920,1080,False,2022-01-18T14:14:59.0187008+01:00
False,16,1920,1080,U8,3,1920,1080,5760,1000652880,0,0,0,1920,1080,False,2022-01-18T14:14:59.0522240+01:00
False,16,1920,1080,U8,3,1920,1080,5760,1149907024,0,0,0,1920,1080,False,2022-01-18T14:14:59.0846336+01:00
False,16,1920,1080,U8,3,1920,1080,5760,1156214864,0,0,0,1920,1080,False,2022-01-18T14:14:59.1190784+01:00
False,16,1920,1080,U8,3,1920,1080,5760,1162506320,0,0,0,1920,1080,False,2022-01-18T14:14:59.1523200+01:00
False,16,1920,1080,U8,3,1920,1080,5760,1168822352,0,0,0,1920,1080,False,2022-01-18T14:14:59.1872128+01:00
False,16,1920,1080,U8,3,1920,1080,5760,806219856,0,0,0,1920,1080,False,2022-01-18T14:14:59.2193536+01:00
False,16,1920,1080,U8,3,1920,1080,5760,812507216,0,0,0,1920,1080,False,2022-01-18T14:14:59.2524800+01:00
False,16,1920,1080,U8,3,1920,1080,5760,818770000,0,0,0,1920,1080,False,2022-01-18T14:14:59.2868864+01:00
False,16,1920,1080,U8,3,1920,1080,5760,825086032,0,0,0,1920,1080,False,2022-01-18T14:14:59.3200000+01:00
False,16,1920,1080,U8,3,1920,1080,5760,806207568,0,0,0,1920,1080,False,2022-01-18T14:14:59.3537792+01:00
False,16,1920,1080,U8,3,1920,1080,5760,812490832,0,0,0,1920,1080,False,2022-01-18T14:14:59.3853312+01:00
False,16,1920,1080,U8,3,1920,1080,5760,831348816,0,0,0,1920,1080,False,2022-01-18T14:14:59.4200832+01:00
False,16,1920,1080,U8,3,1920,1080,5760,844484688,0,0,0,1920,1080,False,2022-01-18T14:14:59.4542208+01:00
False,16,1920,1080,U8,3,1920,1080,5760,806191184,0,0,0,1920,1080,False,2022-01-18T14:14:59.4850688+01:00
False,16,1920,1080,U8,3,1920,1080,5760,812511312,0,0,0,1920,1080,False,2022-01-18T14:14:59.5193600+01:00
False,16,1920,1080,U8,3,1920,1080,5760,850772048,0,0,0,1920,1080,False,2022-01-18T14:14:59.5538304+01:00
False,16,1920,1080,U8,3,1920,1080,5760,988074064,0,0,0,1920,1080,False,2022-01-18T14:14:59.5856640+01:00
False,16,1920,1080,U8,3,1920,1080,5760,994312272,0,0,0,1920,1080,False,2022-01-18T14:14:59.6194560+01:00
False,16,1920,1080,U8,3,1920,1080,5760,1000587344,0,0,0,1920,1080,False,2022-01-18T14:14:59.6526336+01:00
False,16,1920,1080,U8,3,1920,1080,5760,1149927504,0,0,0,1920,1080,False,2022-01-18T14:14:59.6862336+01:00
False,16,1920,1080,U8,3,1920,1080,5760,1156198480,0,0,0,1920,1080,False,2022-01-18T14:14:59.7194368+01:00
False,16,1920,1080,U8,3,1920,1080,5760,1162498128,0,0,0,1920,1080,False,2022-01-18T14:14:59.7533952+01:00
False,16,1920,1080,U8,3,1920,1080,5760,1168805968,0,0,0,1920,1080,False,2022-01-18T14:14:59.7858688+01:00
False,16,1920,1080,U8,3,1920,1080,5760,806187088,0,0,0,1920,1080,False,2022-01-18T14:14:59.8187136+01:00
False,16,1920,1080,U8,3,1920,1080,5760,812478544,0,0,0,1920,1080,False,2022-01-18T14:14:59.8535808+01:00
False,16,1920,1080,U8,3,1920,1080,5760,818770000,0,0,0,1920,1080,False,2022-01-18T14:14:59.8871552+01:00
False,16,1920,1080,U8,3,1920,1080,5760,825077840,0,0,0,1920,1080,False,2022-01-18T14:14:59.9202432+01:00
False,16,1920,1080,U8,3,1920,1080,5760,806215760,0,0,0,1920,1080,False,2022-01-18T14:14:59.9519744+01:00
False,16,1920,1080,U8,3,1920,1080,5760,812490832,0,0,0,1920,1080,False,2022-01-18T14:14:59.9861504+01:00
False,16,1920,1080,U8,3,1920,1080,5760,831377488,0,0,0,1920,1080,False,2022-01-18T14:15:00.0196224+01:00
False,16,1920,1080,U8,3,1920,1080,5760,844431440,0,0,0,1920,1080,False,2022-01-18T14:15:00.0537728+01:00
False,16,1920,1080,U8,3,1920,1080,5760,806203472,0,0,0,1920,1080,False,2022-01-18T14:15:00.0858240+01:00
False,16,1920,1080,U8,3,1920,1080,5760,812503120,0,0,0,1920,1080,False,2022-01-18T14:15:00.1191808+01:00
False,16,1920,1080,U8,3,1920,1080,5760,850710608,0,0,0,1920,1080,False,2022-01-18T14:15:00.1540224+01:00
False,16,1920,1080,U8,3,1920,1080,5760,988045392,0,0,0,1920,1080,False,2022-01-18T14:15:00.1862272+01:00
False,16,1920,1080,U8,3,1920,1080,5760,994336848,0,0,0,1920,1080,False,2022-01-18T14:15:00.2192896+01:00
False,16,1920,1080,U8,3,1920,1080,5760,1000665168,0,0,0,1920,1080,False,2022-01-18T14:15:00.2528640+01:00
False,16,1920,1080,U8,3,1920,1080,5760,1149898832,0,0,0,1920,1080,False,2022-01-18T14:15:00.2852608+01:00
False,16,1920,1080,U8,3,1920,1080,5760,1156194384,0,0,0,1920,1080,False,2022-01-18T14:15:00.3205632+01:00
False,16,1920,1080,U8,3,1920,1080,5760,1162530896,0,0,0,1920,1080,False,2022-01-18T14:15:00.3540224+01:00
False,16,1920,1080,U8,3,1920,1080,5760,1168793680,0,0,0,1920,1080,False,2022-01-18T14:15:00.3872512+01:00
False,16,1920,1080,U8,3,1920,1080,5760,806215760,0,0,0,1920,1080,False,2022-01-18T14:15:00.4207616+01:00
False,16,1920,1080,U8,3,1920,1080,5760,812482640,0,0,0,1920,1080,False,2022-01-18T14:15:00.4534400+01:00
False,16,1920,1080,U8,3,1920,1080,5760,818794576,0,0,0,1920,1080,False,2022-01-18T14:15:00.4873088+01:00
False,16,1920,1080,U8,3,1920,1080,5760,825036880,0,0,0,1920,1080,False,2022-01-18T14:15:00.5196672+01:00
False,16,1920,1080,U8,3,1920,1080,5760,806207568,0,0,0,1920,1080,False,2022-01-18T14:15:00.5522304+01:00
False,16,1920,1080,U8,3,1920,1080,5760,812449872,0,0,0,1920,1080,False,2022-01-18T14:15:00.5852544+01:00
False,16,1920,1080,U8,3,1920,1080,5760,831344720,0,0,0,1920,1080,False,2022-01-18T14:15:00.6192256+01:00
False,16,1920,1080,U8,3,1920,1080,5760,844472400,0,0,0,1920,1080,False,2022-01-18T14:15:00.6527744+01:00
False,16,1920,1080,U8,3,1920,1080,5760,806187088,0,0,0,1920,1080,False,2022-01-18T14:15:00.6852224+01:00
False,16,1920,1080,U8,3,1920,1080,5760,812486736,0,0,0,1920,1080,False,2022-01-18T14:15:00.7197952+01:00
False,16,1920,1080,U8,3,1920,1080,5760,850784336,0,0,0,1920,1080,False,2022-01-18T14:15:00.7530496+01:00
False,16,1920,1080,U8,3,1920,1080,5760,988037200,0,0,0,1920,1080,False,2022-01-18T14:15:00.7854464+01:00
False,16,1920,1080,U8,3,1920,1080,5760,994312272,0,0,0,1920,1080,False,2022-01-18T14:15:00.8201344+01:00
False,16,1920,1080,U8,3,1920,1080,5760,1000558672,0,0,0,1920,1080,False,2022-01-18T14:15:00.8538496+01:00
False,16,1920,1080,U8,3,1920,1080,5760,1149939792,0,0,0,1920,1080,False,2022-01-18T14:15:00.8864512+01:00
False,16,1920,1080,U8,3,1920,1080,5760,1156194384,0,0,0,1920,1080,False,2022-01-18T14:15:00.9193856+01:00
False,16,1920,1080,U8,3,1920,1080,5760,1162539088,0,0,0,1920,1080,False,2022-01-18T14:15:00.9528192+01:00
False,16,1920,1080,U8,3,1920,1080,5760,1168781392,0,0,0,1920,1080,False,2022-01-18T14:15:00.9862144+01:00
False,16,1920,1080,U8,3,1920,1080,5760,806191184,0,0,0,1920,1080,False,2022-01-18T14:15:01.0194432+01:00
False,16,1920,1080,U8,3,1920,1080,5760,812511312,0,0,0,1920,1080,False,2022-01-18T14:15:01.0524032+01:00
False,16,1920,1080,U8,3,1920,1080,5760,818778192,0,0,0,1920,1080,False,2022-01-18T14:15:01.0870016+01:00
False,16,1920,1080,U8,3,1920,1080,5760,825086032,0,0,0,1920,1080,False,2022-01-18T14:15:01.1203456+01:00
False,16,1920,1080,U8,3,1920,1080,5760,806211664,0,0,0,1920,1080,False,2022-01-18T14:15:01.1526912+01:00
False,16,1920,1080,U8,3,1920,1080,5760,812478544,0,0,0,1920,1080,False,2022-01-18T14:15:01.1856384+01:00
False,16,1920,1080,U8,3,1920,1080,5760,831332432,0,0,0,1920,1080,False,2022-01-18T14:15:01.2198656+01:00
False,16,1920,1080,U8,3,1920,1080,5760,844439632,0,0,0,1920,1080,False,2022-01-18T14:15:01.2538368+01:00
False,16,1920,1080,U8,3,1920,1080,5760,806207568,0,0,0,1920,1080,False,2022-01-18T14:15:01.2863744+01:00
False,16,1920,1080,U8,3,1920,1080,5760,812466256,0,0,0,1920,1080,False,2022-01-18T14:15:01.3192704+01:00
False,16,1920,1080,U8,3,1920,1080,5760,850722896,0,0,0,1920,1080,False,2022-01-18T14:15:01.3524736+01:00
False,16,1920,1080,U8,3,1920,1080,5760,988082256,0,0,0,1920,1080,False,2022-01-18T14:15:01.3859712+01:00
False,16,1920,1080,U8,3,1920,1080,5760,994324560,0,0,0,1920,1080,False,2022-01-18T14:15:01.4200320+01:00
False,16,1920,1080,U8,3,1920,1080,5760,1000624208,0,0,0,1920,1080,False,2022-01-18T14:15:01.4541568+01:00
False,16,1920,1080,U8,3,1920,1080,5760,1149939792,0,0,0,1920,1080,False,2022-01-18T14:15:01.4868480+01:00
False,16,1920,1080,U8,3,1920,1080,5760,1156198480,0,0,0,1920,1080,False,2022-01-18T14:15:01.5206784+01:00
False,16,1920,1080,U8,3,1920,1080,5760,1162489936,0,0,0,1920,1080,False,2022-01-18T14:15:01.5530368+01:00
False,16,1920,1080,U8,3,1920,1080,5760,1168789584,0,0,0,1920,1080,False,2022-01-18T14:15:01.5874304+01:00
False,16,1920,1080,U8,3,1920,1080,5760,806207568,0,0,0,1920,1080,False,2022-01-18T14:15:01.6196992+01:00
False,16,1920,1080,U8,3,1920,1080,5760,812462160,0,0,0,1920,1080,False,2022-01-18T14:15:01.6536448+01:00
False,16,1920,1080,U8,3,1920,1080,5760,818782288,0,0,0,1920,1080,False,2022-01-18T14:15:01.6869376+01:00
False,16,1920,1080,U8,3,1920,1080,5760,825069648,0,0,0,1920,1080,False,2022-01-18T14:15:01.7203968+01:00
False,16,1920,1080,U8,3,1920,1080,5760,806211664,0,0,0,1920,1080,False,2022-01-18T14:15:01.7537408+01:00
False,16,1920,1080,U8,3,1920,1080,5760,812507216,0,0,0,1920,1080,False,2022-01-18T14:15:01.7866624+01:00
False,16,1920,1080,U8,3,1920,1080,5760,831348816,0,0,0,1920,1080,False,2022-01-18T14:15:01.8199296+01:00
False,16,1920,1080,U8,3,1920,1080,5760,844472400,0,0,0,1920,1080,False,2022-01-18T14:15:01.8529920+01:00
False,16,1920,1080,U8,3,1920,1080,5760,806195280,0,0,0,1920,1080,False,2022-01-18T14:15:01.8868352+01:00
False,16,1920,1080,U8,3,1920,1080,5760,812466256,0,0,0,1920,1080,False,2022-01-18T14:15:01.9200896+01:00
False,16,1920,1080,U8,3,1920,1080,5760,850747472,0,0,0,1920,1080,False,2022-01-18T14:15:01.9544448+01:00
False,16,1920,1080,U8,3,1920,1080,5760,988057680,0,0,0,1920,1080,False,2022-01-18T14:15:01.9867520+01:00
False,16,1920,1080,U8,3,1920,1080,5760,994349136,0,0,0,1920,1080,False,2022-01-18T14:15:02.0201216+01:00
False,16,1920,1080,U8,3,1920,1080,5760,1000603728,0,0,0,1920,1080,False,2022-01-18T14:15:02.0533632+01:00
False,16,1920,1080,U8,3,1920,1080,5760,1149931600,0,0,0,1920,1080,False,2022-01-18T14:15:02.0859392+01:00
False,16,1920,1080,U8,3,1920,1080,5760,1156194384,0,0,0,1920,1080,False,2022-01-18T14:15:02.1189120+01:00
False,16,1920,1080,U8,3,1920,1080,5760,1162539088,0,0,0,1920,1080,False,2022-01-18T14:15:02.1545088+01:00
False,16,1920,1080,U8,3,1920,1080,5760,1168789584,0,0,0,1920,1080,False,2022-01-18T14:15:02.1878400+01:00
False,16,1920,1080,U8,3,1920,1080,5760,806170704,0,0,0,1920,1080,False,2022-01-18T14:15:02.2190848+01:00
False,16,1920,1080,U8,3,1920,1080,5760,812458064,0,0,0,1920,1080,False,2022-01-18T14:15:02.2540032+01:00
False,16,1920,1080,U8,3,1920,1080,5760,818778192,0,0,0,1920,1080,False,2022-01-18T14:15:02.2863488+01:00
False,16,1920,1080,U8,3,1920,1080,5760,825086032,0,0,0,1920,1080,False,2022-01-18T14:15:02.3223168+01:00
False,16,1920,1080,U8,3,1920,1080,5760,806211664,0,0,0,1920,1080,False,2022-01-18T14:15:02.3525888+01:00
False,16,1920,1080,U8,3,1920,1080,5760,812466256,0,0,0,1920,1080,False,2022-01-18T14:15:02.3858944+01:00
False,16,1920,1080,U8,3,1920,1080,5760,831377488,0,0,0,1920,1080,False,2022-01-18T14:15:02.4198016+01:00
False,16,1920,1080,U8,3,1920,1080,5760,844443728,0,0,0,1920,1080,False,2022-01-18T14:15:02.4530432+01:00
False,16,1920,1080,U8,3,1920,1080,5760,806215760,0,0,0,1920,1080,False,2022-01-18T14:15:02.4872960+01:00
False,16,1920,1080,U8,3,1920,1080,5760,812478544,0,0,0,1920,1080,False,2022-01-18T14:15:02.5207680+01:00
False,16,1920,1080,U8,3,1920,1080,5760,850735184,0,0,0,1920,1080,False,2022-01-18T14:15:02.5544192+01:00
False,16,1920,1080,U8,3,1920,1080,5760,988061776,0,0,0,1920,1080,False,2022-01-18T14:15:02.5867264+01:00
False,16,1920,1080,U8,3,1920,1080,5760,994369616,0,0,0,1920,1080,False,2022-01-18T14:15:02.6195200+01:00
False,16,1920,1080,U8,3,1920,1080,5760,1000636496,0,0,0,1920,1080,False,2022-01-18T14:15:02.6539776+01:00
False,16,1920,1080,U8,3,1920,1080,5760,1149956176,0,0,0,1920,1080,False,2022-01-18T14:15:02.6866944+01:00
False,16,1920,1080,U8,3,1920,1080,5760,1156194384,0,0,0,1920,1080,False,2022-01-18T14:15:02.7196032+01:00
False,16,1920,1080,U8,3,1920,1080,5760,1162485840,0,0,0,1920,1080,False,2022-01-18T14:15:02.7551104+01:00
False,16,1920,1080,U8,3,1920,1080,5760,1168789584,0,0,0,1920,1080,False,2022-01-18T14:15:02.7878400+01:00
False,16,1920,1080,U8,3,1920,1080,5760,806215760,0,0,0,1920,1080,False,2022-01-18T14:15:02.8191232+01:00
False,16,1920,1080,U8,3,1920,1080,5760,812494928,0,0,0,1920,1080,False,2022-01-18T14:15:02.8535296+01:00
False,16,1920,1080,U8,3,1920,1080,5760,818794576,0,0,0,1920,1080,False,2022-01-18T14:15:02.8867072+01:00
False,16,1920,1080,U8,3,1920,1080,5760,825045072,0,0,0,1920,1080,False,2022-01-18T14:15:02.9211904+01:00
False,16,1920,1080,U8,3,1920,1080,5760,806174800,0,0,0,1920,1080,False,2022-01-18T14:15:02.9523712+01:00
False,16,1920,1080,U8,3,1920,1080,5760,812478544,0,0,0,1920,1080,False,2022-01-18T14:15:02.9853312+01:00
False,16,1920,1080,U8,3,1920,1080,5760,831385680,0,0,0,1920,1080,False,2022-01-18T14:15:03.0201600+01:00
False,16,1920,1080,U8,3,1920,1080,5760,844456016,0,0,0,1920,1080,False,2022-01-18T14:15:03.0531072+01:00
False,16,1920,1080,U8,3,1920,1080,5760,806178896,0,0,0,1920,1080,False,2022-01-18T14:15:03.0865280+01:00
False,16,1920,1080,U8,3,1920,1080,5760,812507216,0,0,0,1920,1080,False,2022-01-18T14:15:03.1202688+01:00
False,16,1920,1080,U8,3,1920,1080,5760,850763856,0,0,0,1920,1080,False,2022-01-18T14:15:03.1537664+01:00
False,16,1920,1080,U8,3,1920,1080,5760,988041296,0,0,0,1920,1080,False,2022-01-18T14:15:03.1864320+01:00
False,16,1920,1080,U8,3,1920,1080,5760,994312272,0,0,0,1920,1080,False,2022-01-18T14:15:03.2204416+01:00
False,16,1920,1080,U8,3,1920,1080,5760,1000599632,0,0,0,1920,1080,False,2022-01-18T14:15:03.2542976+01:00
False,16,1920,1080,U8,3,1920,1080,5760,1149915216,0,0,0,1920,1080,False,2022-01-18T14:15:03.2871808+01:00
False,16,1920,1080,U8,3,1920,1080,5760,1156198480,0,0,0,1920,1080,False,2022-01-18T14:15:03.3204352+01:00
False,16,1920,1080,U8,3,1920,1080,5760,1162534992,0,0,0,1920,1080,False,2022-01-18T14:15:03.3544192+01:00
False,16,1920,1080,U8,3,1920,1080,5760,1168818256,0,0,0,1920,1080,False,2022-01-18T14:15:03.3879808+01:00
False,16,1920,1080,U8,3,1920,1080,5760,806170704,0,0,0,1920,1080,False,2022-01-18T14:15:03.4199040+01:00
False,16,1920,1080,U8,3,1920,1080,5760,812482640,0,0,0,1920,1080,False,2022-01-18T14:15:03.4540544+01:00
False,16,1920,1080,U8,3,1920,1080,5760,818778192,0,0,0,1920,1080,False,2022-01-18T14:15:03.4873728+01:00
False,16,1920,1080,U8,3,1920,1080,5760,825094224,0,0,0,1920,1080,False,2022-01-18T14:15:03.5210880+01:00
False,16,1920,1080,U8,3,1920,1080,5760,806203472,0,0,0,1920,1080,False,2022-01-18T14:15:03.5528320+01:00
False,16,1920,1080,U8,3,1920,1080,5760,812474448,0,0,0,1920,1080,False,2022-01-18T14:15:03.5870976+01:00
False,16,1920,1080,U8,3,1920,1080,5760,831361104,0,0,0,1920,1080,False,2022-01-18T14:15:03.6206080+01:00
False,16,1920,1080,U8,3,1920,1080,5760,844468304,0,0,0,1920,1080,False,2022-01-18T14:15:03.6543872+01:00
False,16,1920,1080,U8,3,1920,1080,5760,806199376,0,0,0,1920,1080,False,2022-01-18T14:15:03.6867712+01:00
False,16,1920,1080,U8,3,1920,1080,5760,812499024,0,0,0,1920,1080,False,2022-01-18T14:15:03.7208320+01:00
False,16,1920,1080,U8,3,1920,1080,5760,850726992,0,0,0,1920,1080,False,2022-01-18T14:15:03.7530240+01:00
False,16,1920,1080,U8,3,1920,1080,5760,988024912,0,0,0,1920,1080,False,2022-01-18T14:15:03.7865088+01:00
False,16,1920,1080,U8,3,1920,1080,5760,994340944,0,0,0,1920,1080,False,2022-01-18T14:15:03.8191360+01:00
False,16,1920,1080,U8,3,1920,1080,5760,1000607824,0,0,0,1920,1080,False,2022-01-18T14:15:03.8539136+01:00
False,16,1920,1080,U8,3,1920,1080,5760,1149919312,0,0,0,1920,1080,False,2022-01-18T14:15:03.8874880+01:00
False,16,1920,1080,U8,3,1920,1080,5760,1156186192,0,0,0,1920,1080,False,2022-01-18T14:15:03.9207936+01:00
False,16,1920,1080,U8,3,1920,1080,5760,1162420304,0,0,0,1920,1080,False,2022-01-18T14:15:03.9544320+01:00
False,16,1920,1080,U8,3,1920,1080,5760,1168724048,0,0,0,1920,1080,False,2022-01-18T14:15:03.9876224+01:00
False,16,1920,1080,U8,3,1920,1080,5760,806178896,0,0,0,1920,1080,False,2022-01-18T14:15:04.0195456+01:00
False,16,1920,1080,U8,3,1920,1080,5760,812494928,0,0,0,1920,1080,False,2022-01-18T14:15:04.0535936+01:00
False,16,1920,1080,U8,3,1920,1080,5760,818790480,0,0,0,1920,1080,False,2022-01-18T14:15:04.0868864+01:00
False,16,1920,1080,U8,3,1920,1080,5760,825045072,0,0,0,1920,1080,False,2022-01-18T14:15:04.1210240+01:00
False,16,1920,1080,U8,3,1920,1080,5760,806191184,0,0,0,1920,1080,False,2022-01-18T14:15:04.1538944+01:00
False,16,1920,1080,U8,3,1920,1080,5760,812474448,0,0,0,1920,1080,False,2022-01-18T14:15:04.1868800+01:00
False,16,1920,1080,U8,3,1920,1080,5760,831373392,0,0,0,1920,1080,False,2022-01-18T14:15:04.2203520+01:00
False,16,1920,1080,U8,3,1920,1080,5760,844468304,0,0,0,1920,1080,False,2022-01-18T14:15:04.2535168+01:00
False,16,1920,1080,U8,3,1920,1080,5760,806182992,0,0,0,1920,1080,False,2022-01-18T14:15:04.2868864+01:00
False,16,1920,1080,U8,3,1920,1080,5760,812470352,0,0,0,1920,1080,False,2022-01-18T14:15:04.3199872+01:00
False,16,1920,1080,U8,3,1920,1080,5760,850743376,0,0,0,1920,1080,False,2022-01-18T14:15:04.3529600+01:00
False,16,1920,1080,U8,3,1920,1080,5760,988078160,0,0,0,1920,1080,False,2022-01-18T14:15:04.3867264+01:00
False,16,1920,1080,U8,3,1920,1080,5760,994340944,0,0,0,1920,1080,False,2022-01-18T14:15:04.4208896+01:00
False,16,1920,1080,U8,3,1920,1080,5760,1000648784,0,0,0,1920,1080,False,2022-01-18T14:15:04.4532736+01:00
False,16,1920,1080,U8,3,1920,1080,5760,1149898832,0,0,0,1920,1080,False,2022-01-18T14:15:04.4866048+01:00
False,16,1920,1080,U8,3,1920,1080,5760,1156239440,0,0,0,1920,1080,False,2022-01-18T14:15:04.5196288+01:00
False,16,1920,1080,U8,3,1920,1080,5760,1162481744,0,0,0,1920,1080,False,2022-01-18T14:15:04.5538944+01:00
False,16,1920,1080,U8,3,1920,1080,5760,1168797776,0,0,0,1920,1080,False,2022-01-18T14:15:04.5875200+01:00
False,16,1920,1080,U8,3,1920,1080,5760,806187088,0,0,0,1920,1080,False,2022-01-18T14:15:04.6209920+01:00
False,16,1920,1080,U8,3,1920,1080,5760,812466256,0,0,0,1920,1080,False,2022-01-18T14:15:04.6526720+01:00
False,16,1920,1080,U8,3,1920,1080,5760,818782288,0,0,0,1920,1080,False,2022-01-18T14:15:04.6872704+01:00
False,16,1920,1080,U8,3,1920,1080,5760,825081936,0,0,0,1920,1080,False,2022-01-18T14:15:04.7204352+01:00
False,16,1920,1080,U8,3,1920,1080,5760,806158416,0,0,0,1920,1080,False,2022-01-18T14:15:04.7529856+01:00
False,16,1920,1080,U8,3,1920,1080,5760,812408912,0,0,0,1920,1080,False,2022-01-18T14:15:04.7871744+01:00
False,16,1920,1080,U8,3,1920,1080,5760,831369296,0,0,0,1920,1080,False,2022-01-18T14:15:04.8202496+01:00
False,16,1920,1080,U8,3,1920,1080,5760,844480592,0,0,0,1920,1080,False,2022-01-18T14:15:04.8547072+01:00
False,16,1920,1080,U8,3,1920,1080,5760,806182992,0,0,0,1920,1080,False,2022-01-18T14:15:04.8872320+01:00
False,16,1920,1080,U8,3,1920,1080,5760,812474448,0,0,0,1920,1080,False,2022-01-18T14:15:04.9200512+01:00
False,16,1920,1080,U8,3,1920,1080,5760,850767952,0,0,0,1920,1080,False,2022-01-18T14:15:04.9535232+01:00
False,16,1920,1080,U8,3,1920,1080,5760,988069968,0,0,0,1920,1080,False,2022-01-18T14:15:04.9872768+01:00
False,16,1920,1080,U8,3,1920,1080,5760,994365520,0,0,0,1920,1080,False,2022-01-18T14:15:05.0200448+01:00
False,16,1920,1080,U8,3,1920,1080,5760,1000607824,0,0,0,1920,1080,False,2022-01-18T14:15:05.0535040+01:00
False,16,1920,1080,U8,3,1920,1080,5760,1149939792,0,0,0,1920,1080,False,2022-01-18T14:15:05.0869504+01:00
False,16,1920,1080,U8,3,1920,1080,5760,1156202576,0,0,0,1920,1080,False,2022-01-18T14:15:05.1197824+01:00
False,16,1920,1080,U8,3,1920,1080,5760,1162518608,0,0,0,1920,1080,False,2022-01-18T14:15:05.1543936+01:00
False,16,1920,1080,U8,3,1920,1080,5760,1168793680,0,0,0,1920,1080,False,2022-01-18T14:15:05.1879680+01:00
False,16,1920,1080,U8,3,1920,1080,5760,806166608,0,0,0,1920,1080,False,2022-01-18T14:15:05.2201600+01:00
False,16,1920,1080,U8,3,1920,1080,5760,812453968,0,0,0,1920,1080,False,2022-01-18T14:15:05.2537728+01:00
False,16,1920,1080,U8,3,1920,1080,5760,818749520,0,0,0,1920,1080,False,2022-01-18T14:15:05.2874240+01:00
False,16,1920,1080,U8,3,1920,1080,5760,825090128,0,0,0,1920,1080,False,2022-01-18T14:15:05.3206144+01:00
False,16,1920,1080,U8,3,1920,1080,5760,806211664,0,0,0,1920,1080,False,2022-01-18T14:15:05.3537792+01:00
False,16,1920,1080,U8,3,1920,1080,5760,812503120,0,0,0,1920,1080,False,2022-01-18T14:15:05.3869312+01:00
False,16,1920,1080,U8,3,1920,1080,5760,831373392,0,0,0,1920,1080,False,2022-01-18T14:15:05.4211328+01:00
False,16,1920,1080,U8,3,1920,1080,5760,844443728,0,0,0,1920,1080,False,2022-01-18T14:15:05.4543616+01:00
False,16,1920,1080,U8,3,1920,1080,5760,806182992,0,0,0,1920,1080,False,2022-01-18T14:15:05.4854272+01:00
False,16,1920,1080,U8,3,1920,1080,5760,812494928,0,0,0,1920,1080,False,2022-01-18T14:15:05.5200640+01:00
False,16,1920,1080,U8,3,1920,1080,5760,850743376,0,0,0,1920,1080,False,2022-01-18T14:15:05.5541248+01:00
False,16,1920,1080,U8,3,1920,1080,5760,988057680,0,0,0,1920,1080,False,2022-01-18T14:15:05.5869952+01:00
False,16,1920,1080,U8,3,1920,1080,5760,994320464,0,0,0,1920,1080,False,2022-01-18T14:15:05.6199936+01:00
False,16,1920,1080,U8,3,1920,1080,5760,1000665168,0,0,0,1920,1080,False,2022-01-18T14:15:05.6535808+01:00
False,16,1920,1080,U8,3,1920,1080,5760,1149919312,0,0,0,1920,1080,False,2022-01-18T14:15:05.6869888+01:00
False,16,1920,1080,U8,3,1920,1080,5760,1156239440,0,0,0,1920,1080,False,2022-01-18T14:15:05.7197824+01:00
False,16,1920,1080,U8,3,1920,1080,5760,1162530896,0,0,0,1920,1080,False,2022-01-18T14:15:05.7535616+01:00
False,16,1920,1080,U8,3,1920,1080,5760,1168801872,0,0,0,1920,1080,False,2022-01-18T14:15:05.7876864+01:00
False,16,1920,1080,U8,3,1920,1080,5760,806187088,0,0,0,1920,1080,False,2022-01-18T14:15:05.8200320+01:00
False,16,1920,1080,U8,3,1920,1080,5760,812499024,0,0,0,1920,1080,False,2022-01-18T14:15:05.8527616+01:00
False,16,1920,1080,U8,3,1920,1080,5760,818802768,0,0,0,1920,1080,False,2022-01-18T14:15:05.8872576+01:00
False,16,1920,1080,U8,3,1920,1080,5760,825049168,0,0,0,1920,1080,False,2022-01-18T14:15:05.9211904+01:00
False,16,1920,1080,U8,3,1920,1080,5760,806199376,0,0,0,1920,1080,False,2022-01-18T14:15:05.9541120+01:00
False,16,1920,1080,U8,3,1920,1080,5760,812458064,0,0,0,1920,1080,False,2022-01-18T14:15:05.9874688+01:00
False,16,1920,1080,U8,3,1920,1080,5760,831324240,0,0,0,1920,1080,False,2022-01-18T14:15:06.0205312+01:00
False,16,1920,1080,U8,3,1920,1080,5760,844484688,0,0,0,1920,1080,False,2022-01-18T14:15:06.0540160+01:00
False,16,1920,1080,U8,3,1920,1080,5760,806187088,0,0,0,1920,1080,False,2022-01-18T14:15:06.0862080+01:00
False,16,1920,1080,U8,3,1920,1080,5760,812453968,0,0,0,1920,1080,False,2022-01-18T14:15:06.1199360+01:00
False,16,1920,1080,U8,3,1920,1080,5760,850784336,0,0,0,1920,1080,False,2022-01-18T14:15:06.1546496+01:00
False,16,1920,1080,U8,3,1920,1080,5760,988069968,0,0,0,1920,1080,False,2022-01-18T14:15:06.1869568+01:00
False,16,1920,1080,U8,3,1920,1080,5760,994320464,0,0,0,1920,1080,False,2022-01-18T14:15:06.2203648+01:00
False,16,1920,1080,U8,3,1920,1080,5760,1000644688,0,0,0,1920,1080,False,2022-01-18T14:15:06.2534912+01:00
False,16,1920,1080,U8,3,1920,1080,5760,1149943888,0,0,0,1920,1080,False,2022-01-18T14:15:06.2871296+01:00
False,16,1920,1080,U8,3,1920,1080,5760,1156227152,0,0,0,1920,1080,False,2022-01-18T14:15:06.3202432+01:00
False,16,1920,1080,U8,3,1920,1080,5760,1162506320,0,0,0,1920,1080,False,2022-01-18T14:15:06.3531136+01:00
False,16,1920,1080,U8,3,1920,1080,5760,1168769104,0,0,0,1920,1080,False,2022-01-18T14:15:06.3879808+01:00
False,16,1920,1080,U8,3,1920,1080,5760,806178896,0,0,0,1920,1080,False,2022-01-18T14:15:06.4202752+01:00
False,16,1920,1080,U8,3,1920,1080,5760,812449872,0,0,0,1920,1080,False,2022-01-18T14:15:06.4537728+01:00
False,16,1920,1080,U8,3,1920,1080,5760,818696272,0,0,0,1920,1080,False,2022-01-18T14:15:06.4873856+01:00
False,16,1920,1080,U8,3,1920,1080,5760,825012304,0,0,0,1920,1080,False,2022-01-18T14:15:06.5227392+01:00
False,16,1920,1080,U8,3,1920,1080,5760,806211664,0,0,0,1920,1080,False,2022-01-18T14:15:06.5527808+01:00
False,16,1920,1080,U8,3,1920,1080,5760,831291472,0,0,0,1920,1080,False,2022-01-18T14:15:06.5867264+01:00
False,16,1920,1080,U8,3,1920,1080,5760,844476496,0,0,0,1920,1080,False,2022-01-18T14:15:06.6204544+01:00
False,16,1920,1080,U8,3,1920,1080,5760,812449872,0,0,0,1920,1080,False,2022-01-18T14:15:06.6541824+01:00
False,16,1920,1080,U8,3,1920,1080,5760,806199376,0,0,0,1920,1080,False,2022-01-18T14:15:06.6869888+01:00
False,16,1920,1080,U8,3,1920,1080,5760,831295568,0,0,0,1920,1080,False,2022-01-18T14:15:06.7198720+01:00
False,16,1920,1080,U8,3,1920,1080,5760,850780240,0,0,0,1920,1080,False,2022-01-18T14:15:06.7540096+01:00
False,16,1920,1080,U8,3,1920,1080,5760,988065872,0,0,0,1920,1080,False,2022-01-18T14:15:06.7865216+01:00
False,16,1920,1080,U8,3,1920,1080,5760,994349136,0,0,0,1920,1080,False,2022-01-18T14:15:06.8194432+01:00
False,16,1920,1080,U8,3,1920,1080,5760,1000611920,0,0,0,1920,1080,False,2022-01-18T14:15:06.8538624+01:00
False,16,1920,1080,U8,3,1920,1080,5760,1149902928,0,0,0,1920,1080,False,2022-01-18T14:15:06.8865280+01:00
False,16,1920,1080,U8,3,1920,1080,5760,1156235344,0,0,0,1920,1080,False,2022-01-18T14:15:06.9196288+01:00
False,16,1920,1080,U8,3,1920,1080,5760,1162481744,0,0,0,1920,1080,False,2022-01-18T14:15:06.9533824+01:00
False,16,1920,1080,U8,3,1920,1080,5760,1168830544,0,0,0,1920,1080,False,2022-01-18T14:15:06.9872896+01:00
False,16,1920,1080,U8,3,1920,1080,5760,806158416,0,0,0,1920,1080,False,2022-01-18T14:15:07.0197504+01:00
False,16,1920,1080,U8,3,1920,1080,5760,812408912,0,0,0,1920,1080,False,2022-01-18T14:15:07.0530432+01:00
False,16,1920,1080,U8,3,1920,1080,5760,818688080,0,0,0,1920,1080,False,2022-01-18T14:15:07.0870784+01:00
False,16,1920,1080,U8,3,1920,1080,5760,825024592,0,0,0,1920,1080,False,2022-01-18T14:15:07.1208960+01:00
False,16,1920,1080,U8,3,1920,1080,5760,806170704,0,0,0,1920,1080,False,2022-01-18T14:15:07.1534592+01:00
False,16,1920,1080,U8,3,1920,1080,5760,831311952,0,0,0,1920,1080,False,2022-01-18T14:15:07.1869056+01:00
False,16,1920,1080,U8,3,1920,1080,5760,844456016,0,0,0,1920,1080,False,2022-01-18T14:15:07.2205312+01:00
False,16,1920,1080,U8,3,1920,1080,5760,850784336,0,0,0,1920,1080,False,2022-01-18T14:15:07.2543872+01:00
False,16,1920,1080,U8,3,1920,1080,5760,806178896,0,0,0,1920,1080,False,2022-01-18T14:15:07.2868480+01:00
False,16,1920,1080,U8,3,1920,1080,5760,812449872,0,0,0,1920,1080,False,2022-01-18T14:15:07.3198464+01:00
False,16,1920,1080,U8,3,1920,1080,5760,831283280,0,0,0,1920,1080,False,2022-01-18T14:15:07.3543168+01:00
False,16,1920,1080,U8,3,1920,1080,5760,988024912,0,0,0,1920,1080,False,2022-01-18T14:15:07.3864576+01:00
False,16,1920,1080,U8,3,1920,1080,5760,994365520,0,0,0,1920,1080,False,2022-01-18T14:15:07.4205824+01:00
False,16,1920,1080,U8,3,1920,1080,5760,1000611920,0,0,0,1920,1080,False,2022-01-18T14:15:07.4536960+01:00
False,16,1920,1080,U8,3,1920,1080,5760,1149915216,0,0,0,1920,1080,False,2022-01-18T14:15:07.4870528+01:00
False,16,1920,1080,U8,3,1920,1080,5760,1156231248,0,0,0,1920,1080,False,2022-01-18T14:15:07.5201664+01:00
False,16,1920,1080,U8,3,1920,1080,5760,1162502224,0,0,0,1920,1080,False,2022-01-18T14:15:07.5534592+01:00
False,16,1920,1080,U8,3,1920,1080,5760,1168826448,0,0,0,1920,1080,False,2022-01-18T14:15:07.5876352+01:00
False,16,1920,1080,U8,3,1920,1080,5760,806182992,0,0,0,1920,1080,False,2022-01-18T14:15:07.6204800+01:00
False,16,1920,1080,U8,3,1920,1080,5760,812490832,0,0,0,1920,1080,False,2022-01-18T14:15:07.6539904+01:00
False,16,1920,1080,U8,3,1920,1080,5760,818790480,0,0,0,1920,1080,False,2022-01-18T14:15:07.6872704+01:00
False,16,1920,1080,U8,3,1920,1080,5760,825040976,0,0,0,1920,1080,False,2022-01-18T14:15:07.7203840+01:00
False,16,1920,1080,U8,3,1920,1080,5760,806162512,0,0,0,1920,1080,False,2022-01-18T14:15:07.7534336+01:00
False,16,1920,1080,U8,3,1920,1080,5760,812507216,0,0,0,1920,1080,False,2022-01-18T14:15:07.7866368+01:00
False,16,1920,1080,U8,3,1920,1080,5760,831373392,0,0,0,1920,1080,False,2022-01-18T14:15:07.8201472+01:00
False,16,1920,1080,U8,3,1920,1080,5760,844451920,0,0,0,1920,1080,False,2022-01-18T14:15:07.8535424+01:00
False,16,1920,1080,U8,3,1920,1080,5760,806182992,0,0,0,1920,1080,False,2022-01-18T14:15:07.8871552+01:00
False,16,1920,1080,U8,3,1920,1080,5760,812470352,0,0,0,1920,1080,False,2022-01-18T14:15:07.9201152+01:00
False,16,1920,1080,U8,3,1920,1080,5760,850726992,0,0,0,1920,1080,False,2022-01-18T14:15:07.9535104+01:00
False,16,1920,1080,U8,3,1920,1080,5760,988078160,0,0,0,1920,1080,False,2022-01-18T14:15:07.9866240+01:00
False,16,1920,1080,U8,3,1920,1080,5760,994332752,0,0,0,1920,1080,False,2022-01-18T14:15:08.0197504+01:00
False,16,1920,1080,U8,3,1920,1080,5760,1000665168,0,0,0,1920,1080,False,2022-01-18T14:15:08.0538752+01:00
False,16,1920,1080,U8,3,1920,1080,5760,1149923408,0,0,0,1920,1080,False,2022-01-18T14:15:08.0864640+01:00
False,16,1920,1080,U8,3,1920,1080,5760,1156231248,0,0,0,1920,1080,False,2022-01-18T14:15:08.1198208+01:00
False,16,1920,1080,U8,3,1920,1080,5760,1162518608,0,0,0,1920,1080,False,2022-01-18T14:15:08.1533568+01:00
False,16,1920,1080,U8,3,1920,1080,5760,1168826448,0,0,0,1920,1080,False,2022-01-18T14:15:08.1877248+01:00
False,16,1920,1080,U8,3,1920,1080,5760,806207568,0,0,0,1920,1080,False,2022-01-18T14:15:08.2203904+01:00
False,16,1920,1080,U8,3,1920,1080,5760,812494928,0,0,0,1920,1080,False,2022-01-18T14:15:08.2533376+01:00
False,16,1920,1080,U8,3,1920,1080,5760,818761808,0,0,0,1920,1080,False,2022-01-18T14:15:08.2871552+01:00
False,16,1920,1080,U8,3,1920,1080,5760,825040976,0,0,0,1920,1080,False,2022-01-18T14:15:08.3204480+01:00
False,16,1920,1080,U8,3,1920,1080,5760,806187088,0,0,0,1920,1080,False,2022-01-18T14:15:08.3530880+01:00
False,16,1920,1080,U8,3,1920,1080,5760,812478544,0,0,0,1920,1080,False,2022-01-18T14:15:08.3873024+01:00
False,16,1920,1080,U8,3,1920,1080,5760,831352912,0,0,0,1920,1080,False,2022-01-18T14:15:08.4206720+01:00
False,16,1920,1080,U8,3,1920,1080,5760,844492880,0,0,0,1920,1080,False,2022-01-18T14:15:08.4544768+01:00
False,16,1920,1080,U8,3,1920,1080,5760,806215760,0,0,0,1920,1080,False,2022-01-18T14:15:08.4869888+01:00
False,16,1920,1080,U8,3,1920,1080,5760,812453968,0,0,0,1920,1080,False,2022-01-18T14:15:08.5201024+01:00
False,16,1920,1080,U8,3,1920,1080,5760,850784336,0,0,0,1920,1080,False,2022-01-18T14:15:08.5534464+01:00
False,16,1920,1080,U8,3,1920,1080,5760,988045392,0,0,0,1920,1080,False,2022-01-18T14:15:08.5876096+01:00
False,16,1920,1080,U8,3,1920,1080,5760,994324560,0,0,0,1920,1080,False,2022-01-18T14:15:08.6203264+01:00
False,16,1920,1080,U8,3,1920,1080,5760,1000661072,0,0,0,1920,1080,False,2022-01-18T14:15:08.6539136+01:00
False,16,1920,1080,U8,3,1920,1080,5760,1149915216,0,0,0,1920,1080,False,2022-01-18T14:15:08.6871168+01:00
False,16,1920,1080,U8,3,1920,1080,5760,1156210768,0,0,0,1920,1080,False,2022-01-18T14:15:08.7195776+01:00
False,16,1920,1080,U8,3,1920,1080,5760,1162510416,0,0,0,1920,1080,False,2022-01-18T14:15:08.7541632+01:00
False,16,1920,1080,U8,3,1920,1080,5760,1168773200,0,0,0,1920,1080,False,2022-01-18T14:15:08.7868544+01:00
False,16,1920,1080,U8,3,1920,1080,5760,806178896,0,0,0,1920,1080,False,2022-01-18T14:15:08.8199424+01:00
False,16,1920,1080,U8,3,1920,1080,5760,812507216,0,0,0,1920,1080,False,2022-01-18T14:15:08.8528896+01:00
False,16,1920,1080,U8,3,1920,1080,5760,818753616,0,0,0,1920,1080,False,2022-01-18T14:15:08.8866560+01:00
False,16,1920,1080,U8,3,1920,1080,5760,825049168,0,0,0,1920,1080,False,2022-01-18T14:15:08.9212032+01:00
False,16,1920,1080,U8,3,1920,1080,5760,806187088,0,0,0,1920,1080,False,2022-01-18T14:15:08.9540864+01:00
False,16,1920,1080,U8,3,1920,1080,5760,812470352,0,0,0,1920,1080,False,2022-01-18T14:15:08.9874304+01:00
False,16,1920,1080,U8,3,1920,1080,5760,831381584,0,0,0,1920,1080,False,2022-01-18T14:15:09.0202496+01:00
False,16,1920,1080,U8,3,1920,1080,5760,844443728,0,0,0,1920,1080,False,2022-01-18T14:15:09.0535936+01:00
False,16,1920,1080,U8,3,1920,1080,5760,806199376,0,0,0,1920,1080,False,2022-01-18T14:15:09.0874880+01:00
False,16,1920,1080,U8,3,1920,1080,5760,812462160,0,0,0,1920,1080,False,2022-01-18T14:15:09.1205504+01:00
False,16,1920,1080,U8,3,1920,1080,5760,850776144,0,0,0,1920,1080,False,2022-01-18T14:15:09.1549440+01:00
False,16,1920,1080,U8,3,1920,1080,5760,988049488,0,0,0,1920,1080,False,2022-01-18T14:15:09.1871744+01:00
False,16,1920,1080,U8,3,1920,1080,5760,994369616,0,0,0,1920,1080,False,2022-01-18T14:15:09.2201344+01:00
False,16,1920,1080,U8,3,1920,1080,5760,1000632400,0,0,0,1920,1080,False,2022-01-18T14:15:09.2532608+01:00
False,16,1920,1080,U8,3,1920,1080,5760,1149894736,0,0,0,1920,1080,False,2022-01-18T14:15:09.2871168+01:00
False,16,1920,1080,U8,3,1920,1080,5760,1156157520,0,0,0,1920,1080,False,2022-01-18T14:15:09.3199488+01:00
False,16,1920,1080,U8,3,1920,1080,5760,1162432592,0,0,0,1920,1080,False,2022-01-18T14:15:09.3543424+01:00
False,16,1920,1080,U8,3,1920,1080,5760,1168711760,0,0,0,1920,1080,False,2022-01-18T14:15:09.3876608+01:00
False,16,1920,1080,U8,3,1920,1080,5760,806199376,0,0,0,1920,1080,False,2022-01-18T14:15:09.4202112+01:00
False,16,1920,1080,U8,3,1920,1080,5760,812490832,0,0,0,1920,1080,False,2022-01-18T14:15:09.4528768+01:00
False,16,1920,1080,U8,3,1920,1080,5760,818786384,0,0,0,1920,1080,False,2022-01-18T14:15:09.4879872+01:00
False,16,1920,1080,U8,3,1920,1080,5760,825090128,0,0,0,1920,1080,False,2022-01-18T14:15:09.5206400+01:00
False,16,1920,1080,U8,3,1920,1080,5760,806178896,0,0,0,1920,1080,False,2022-01-18T14:15:09.5541120+01:00
False,16,1920,1080,U8,3,1920,1080,5760,812478544,0,0,0,1920,1080,False,2022-01-18T14:15:09.5872256+01:00
False,16,1920,1080,U8,3,1920,1080,5760,831336528,0,0,0,1920,1080,False,2022-01-18T14:15:09.6204928+01:00
False,16,1920,1080,U8,3,1920,1080,5760,844468304,0,0,0,1920,1080,False,2022-01-18T14:15:09.6540032+01:00
False,16,1920,1080,U8,3,1920,1080,5760,806182992,0,0,0,1920,1080,False,2022-01-18T14:15:09.6871296+01:00
False,16,1920,1080,U8,3,1920,1080,5760,812470352,0,0,0,1920,1080,False,2022-01-18T14:15:09.7206656+01:00
False,16,1920,1080,U8,3,1920,1080,5760,850772048,0,0,0,1920,1080,False,2022-01-18T14:15:09.7547008+01:00
False,16,1920,1080,U8,3,1920,1080,5760,988069968,0,0,0,1920,1080,False,2022-01-18T14:15:09.7871104+01:00
False,16,1920,1080,U8,3,1920,1080,5760,994345040,0,0,0,1920,1080,False,2022-01-18T14:15:09.8199168+01:00
False,16,1920,1080,U8,3,1920,1080,5760,1000603728,0,0,0,1920,1080,False,2022-01-18T14:15:09.8536960+01:00
False,16,1920,1080,U8,3,1920,1080,5760,1149947984,0,0,0,1920,1080,False,2022-01-18T14:15:09.8864512+01:00
False,16,1920,1080,U8,3,1920,1080,5760,1156194384,0,0,0,1920,1080,False,2022-01-18T14:15:09.9204608+01:00
False,16,1920,1080,U8,3,1920,1080,5760,1162502224,0,0,0,1920,1080,False,2022-01-18T14:15:09.9545088+01:00
False,16,1920,1080,U8,3,1920,1080,5760,1168830544,0,0,0,1920,1080,False,2022-01-18T14:15:09.9866624+01:00
False,16,1920,1080,U8,3,1920,1080,5760,806191184,0,0,0,1920,1080,False,2022-01-18T14:15:10.0200960+01:00
False,16,1920,1080,U8,3,1920,1080,5760,812507216,0,0,0,1920,1080,False,2022-01-18T14:15:10.0539648+01:00
False,16,1920,1080,U8,3,1920,1080,5760,818749520,0,0,0,1920,1080,False,2022-01-18T14:15:10.0875136+01:00
False,16,1920,1080,U8,3,1920,1080,5760,825057360,0,0,0,1920,1080,False,2022-01-18T14:15:10.1207040+01:00
False,16,1920,1080,U8,3,1920,1080,5760,806199376,0,0,0,1920,1080,False,2022-01-18T14:15:10.1541632+01:00
False,16,1920,1080,U8,3,1920,1080,5760,812458064,0,0,0,1920,1080,False,2022-01-18T14:15:10.1876480+01:00
False,16,1920,1080,U8,3,1920,1080,5760,831344720,0,0,0,1920,1080,False,2022-01-18T14:15:10.2204928+01:00
False,16,1920,1080,U8,3,1920,1080,5760,844472400,0,0,0,1920,1080,False,2022-01-18T14:15:10.2538240+01:00
False,16,1920,1080,U8,3,1920,1080,5760,806199376,0,0,0,1920,1080,False,2022-01-18T14:15:10.2860416+01:00
False,16,1920,1080,U8,3,1920,1080,5760,812486736,0,0,0,1920,1080,False,2022-01-18T14:15:10.3193344+01:00
False,16,1920,1080,U8,3,1920,1080,5760,850767952,0,0,0,1920,1080,False,2022-01-18T14:15:10.3547008+01:00
False,16,1920,1080,U8,3,1920,1080,5760,988061776,0,0,0,1920,1080,False,2022-01-18T14:15:10.3874048+01:00
False,16,1920,1080,U8,3,1920,1080,5760,994369616,0,0,0,1920,1080,False,2022-01-18T14:15:10.4204160+01:00
False,16,1920,1080,U8,3,1920,1080,5760,1000603728,0,0,0,1920,1080,False,2022-01-18T14:15:10.4543872+01:00
False,16,1920,1080,U8,3,1920,1080,5760,1149915216,0,0,0,1920,1080,False,2022-01-18T14:15:10.4859392+01:00
False,16,1920,1080,U8,3,1920,1080,5760,1156206672,0,0,0,1920,1080,False,2022-01-18T14:15:10.5201024+01:00
False,16,1920,1080,U8,3,1920,1080,5760,1162477648,0,0,0,1920,1080,False,2022-01-18T14:15:10.5534720+01:00
False,16,1920,1080,U8,3,1920,1080,5760,1168752720,0,0,0,1920,1080,False,2022-01-18T14:15:10.5878784+01:00
False,16,1920,1080,U8,3,1920,1080,5760,806187088,0,0,0,1920,1080,False,2022-01-18T14:15:10.6191872+01:00
False,16,1920,1080,U8,3,1920,1080,5760,812490832,0,0,0,1920,1080,False,2022-01-18T14:15:10.6546048+01:00
False,16,1920,1080,U8,3,1920,1080,5760,818749520,0,0,0,1920,1080,False,2022-01-18T14:15:10.6869504+01:00
False,16,1920,1080,U8,3,1920,1080,5760,825036880,0,0,0,1920,1080,False,2022-01-18T14:15:10.7224576+01:00
False,16,1920,1080,U8,3,1920,1080,5760,806203472,0,0,0,1920,1080,False,2022-01-18T14:15:10.7538048+01:00
False,16,1920,1080,U8,3,1920,1080,5760,812470352,0,0,0,1920,1080,False,2022-01-18T14:15:10.7867648+01:00
False,16,1920,1080,U8,3,1920,1080,5760,831348816,0,0,0,1920,1080,False,2022-01-18T14:15:10.8199168+01:00
False,16,1920,1080,U8,3,1920,1080,5760,844431440,0,0,0,1920,1080,False,2022-01-18T14:15:10.8550016+01:00
False,16,1920,1080,U8,3,1920,1080,5760,806219856,0,0,0,1920,1080,False,2022-01-18T14:15:10.8876416+01:00
False,16,1920,1080,U8,3,1920,1080,5760,812453968,0,0,0,1920,1080,False,2022-01-18T14:15:10.9198976+01:00
False,16,1920,1080,U8,3,1920,1080,5760,850714704,0,0,0,1920,1080,False,2022-01-18T14:15:10.9542784+01:00
False,16,1920,1080,U8,3,1920,1080,5760,988024912,0,0,0,1920,1080,False,2022-01-18T14:15:10.9878784+01:00
False,16,1920,1080,U8,3,1920,1080,5760,994349136,0,0,0,1920,1080,False,2022-01-18T14:15:11.0209024+01:00
False,16,1920,1080,U8,3,1920,1080,5760,1000648784,0,0,0,1920,1080,False,2022-01-18T14:15:11.0538624+01:00
False,16,1920,1080,U8,3,1920,1080,5760,1149939792,0,0,0,1920,1080,False,2022-01-18T14:15:11.0865920+01:00
False,16,1920,1080,U8,3,1920,1080,5760,1156214864,0,0,0,1920,1080,False,2022-01-18T14:15:11.1191552+01:00
False,16,1920,1080,U8,3,1920,1080,5760,1162477648,0,0,0,1920,1080,False,2022-01-18T14:15:11.1539456+01:00
False,16,1920,1080,U8,3,1920,1080,5760,1168715856,0,0,0,1920,1080,False,2022-01-18T14:15:11.1884288+01:00
False,16,1920,1080,U8,3,1920,1080,5760,806191184,0,0,0,1920,1080,False,2022-01-18T14:15:11.2192896+01:00
False,16,1920,1080,U8,3,1920,1080,5760,812478544,0,0,0,1920,1080,False,2022-01-18T14:15:11.2536704+01:00
False,16,1920,1080,U8,3,1920,1080,5760,818794576,0,0,0,1920,1080,False,2022-01-18T14:15:11.2864768+01:00
False,16,1920,1080,U8,3,1920,1080,5760,825073744,0,0,0,1920,1080,False,2022-01-18T14:15:11.3211008+01:00
False,16,1920,1080,U8,3,1920,1080,5760,806158416,0,0,0,1920,1080,False,2022-01-18T14:15:11.3548032+01:00
False,16,1920,1080,U8,3,1920,1080,5760,812441680,0,0,0,1920,1080,False,2022-01-18T14:15:11.3877376+01:00
False,16,1920,1080,U8,3,1920,1080,5760,831348816,0,0,0,1920,1080,False,2022-01-18T14:15:11.4211968+01:00
False,16,1920,1080,U8,3,1920,1080,5760,844472400,0,0,0,1920,1080,False,2022-01-18T14:15:11.4555776+01:00
False,16,1920,1080,U8,3,1920,1080,5760,806215760,0,0,0,1920,1080,False,2022-01-18T14:15:11.4864768+01:00
False,16,1920,1080,U8,3,1920,1080,5760,812462160,0,0,0,1920,1080,False,2022-01-18T14:15:11.5206400+01:00
False,16,1920,1080,U8,3,1920,1080,5760,850763856,0,0,0,1920,1080,False,2022-01-18T14:15:11.5538176+01:00
False,16,1920,1080,U8,3,1920,1080,5760,988033104,0,0,0,1920,1080,False,2022-01-18T14:15:11.5861376+01:00
False,16,1920,1080,U8,3,1920,1080,5760,994373712,0,0,0,1920,1080,False,2022-01-18T14:15:11.6205056+01:00
False,16,1920,1080,U8,3,1920,1080,5760,1000632400,0,0,0,1920,1080,False,2022-01-18T14:15:11.6550912+01:00
False,16,1920,1080,U8,3,1920,1080,5760,1149915216,0,0,0,1920,1080,False,2022-01-18T14:15:11.6875648+01:00
False,16,1920,1080,U8,3,1920,1080,5760,1156227152,0,0,0,1920,1080,False,2022-01-18T14:15:11.7205888+01:00
False,16,1920,1080,U8,3,1920,1080,5760,1162506320,0,0,0,1920,1080,False,2022-01-18T14:15:11.7548288+01:00
False,16,1920,1080,U8,3,1920,1080,5760,1168801872,0,0,0,1920,1080,False,2022-01-18T14:15:11.7867520+01:00
False,16,1920,1080,U8,3,1920,1080,5760,806215760,0,0,0,1920,1080,False,2022-01-18T14:15:11.8201600+01:00
False,16,1920,1080,U8,3,1920,1080,5760,812511312,0,0,0,1920,1080,False,2022-01-18T14:15:11.8531968+01:00
False,16,1920,1080,U8,3,1920,1080,5760,818753616,0,0,0,1920,1080,False,2022-01-18T14:15:11.8866304+01:00
False,16,1920,1080,U8,3,1920,1080,5760,825061456,0,0,0,1920,1080,False,2022-01-18T14:15:11.9214848+01:00
False,16,1920,1080,U8,3,1920,1080,5760,806211664,0,0,0,1920,1080,False,2022-01-18T14:15:11.9534848+01:00
False,16,1920,1080,U8,3,1920,1080,5760,812494928,0,0,0,1920,1080,False,2022-01-18T14:15:11.9864832+01:00
False,16,1920,1080,U8,3,1920,1080,5760,831357008,0,0,0,1920,1080,False,2022-01-18T14:15:12.0205056+01:00
False,16,1920,1080,U8,3,1920,1080,5760,844476496,0,0,0,1920,1080,False,2022-01-18T14:15:12.0537856+01:00
False,16,1920,1080,U8,3,1920,1080,5760,806211664,0,0,0,1920,1080,False,2022-01-18T14:15:12.0873600+01:00
False,16,1920,1080,U8,3,1920,1080,5760,812507216,0,0,0,1920,1080,False,2022-01-18T14:15:12.1205248+01:00
False,16,1920,1080,U8,3,1920,1080,5760,850759760,0,0,0,1920,1080,False,2022-01-18T14:15:12.1537792+01:00
False,16,1920,1080,U8,3,1920,1080,5760,988082256,0,0,0,1920,1080,False,2022-01-18T14:15:12.1875328+01:00
False,16,1920,1080,U8,3,1920,1080,5760,994373712,0,0,0,1920,1080,False,2022-01-18T14:15:12.2201728+01:00
False,16,1920,1080,U8,3,1920,1080,5760,1000632400,0,0,0,1920,1080,False,2022-01-18T14:15:12.2533888+01:00
False,16,1920,1080,U8,3,1920,1080,5760,1149931600,0,0,0,1920,1080,False,2022-01-18T14:15:12.2871552+01:00
False,16,1920,1080,U8,3,1920,1080,5760,1156202576,0,0,0,1920,1080,False,2022-01-18T14:15:12.3202816+01:00
False,16,1920,1080,U8,3,1920,1080,5760,1162534992,0,0,0,1920,1080,False,2022-01-18T14:15:12.3539584+01:00
False,16,1920,1080,U8,3,1920,1080,5760,1168773200,0,0,0,1920,1080,False,2022-01-18T14:15:12.3872640+01:00
False,16,1920,1080,U8,3,1920,1080,5760,806207568,0,0,0,1920,1080,False,2022-01-18T14:15:12.4195200+01:00
False,16,1920,1080,U8,3,1920,1080,5760,812462160,0,0,0,1920,1080,False,2022-01-18T14:15:12.4542336+01:00
False,16,1920,1080,U8,3,1920,1080,5760,818753616,0,0,0,1920,1080,False,2022-01-18T14:15:12.4866944+01:00
False,16,1920,1080,U8,3,1920,1080,5760,825061456,0,0,0,1920,1080,False,2022-01-18T14:15:12.5211008+01:00
False,16,1920,1080,U8,3,1920,1080,5760,806178896,0,0,0,1920,1080,False,2022-01-18T14:15:12.5544448+01:00
False,16,1920,1080,U8,3,1920,1080,5760,812499024,0,0,0,1920,1080,False,2022-01-18T14:15:12.5874176+01:00
False,16,1920,1080,U8,3,1920,1080,5760,831348816,0,0,0,1920,1080,False,2022-01-18T14:15:12.6207360+01:00
False,16,1920,1080,U8,3,1920,1080,5760,844447824,0,0,0,1920,1080,False,2022-01-18T14:15:12.6537984+01:00
False,16,1920,1080,U8,3,1920,1080,5760,806166608,0,0,0,1920,1080,False,2022-01-18T14:15:12.6863744+01:00
False,16,1920,1080,U8,3,1920,1080,5760,812449872,0,0,0,1920,1080,False,2022-01-18T14:15:12.7204992+01:00
False,16,1920,1080,U8,3,1920,1080,5760,850747472,0,0,0,1920,1080,False,2022-01-18T14:15:12.7535872+01:00
False,16,1920,1080,U8,3,1920,1080,5760,988029008,0,0,0,1920,1080,False,2022-01-18T14:15:12.7861632+01:00
False,16,1920,1080,U8,3,1920,1080,5760,994345040,0,0,0,1920,1080,False,2022-01-18T14:15:12.8203008+01:00
False,16,1920,1080,U8,3,1920,1080,5760,1000628304,0,0,0,1920,1080,False,2022-01-18T14:15:12.8547968+01:00
False,16,1920,1080,U8,3,1920,1080,5760,1149902928,0,0,0,1920,1080,False,2022-01-18T14:15:12.8873984+01:00
False,16,1920,1080,U8,3,1920,1080,5760,1156227152,0,0,0,1920,1080,False,2022-01-18T14:15:12.9203968+01:00
False,16,1920,1080,U8,3,1920,1080,5760,1162539088,0,0,0,1920,1080,False,2022-01-18T14:15:12.9548928+01:00
False,16,1920,1080,U8,3,1920,1080,5760,1168830544,0,0,0,1920,1080,False,2022-01-18T14:15:12.9873920+01:00
False,16,1920,1080,U8,3,1920,1080,5760,806182992,0,0,0,1920,1080,False,2022-01-18T14:15:13.0194816+01:00
False,16,1920,1080,U8,3,1920,1080,5760,812478544,0,0,0,1920,1080,False,2022-01-18T14:15:13.0532480+01:00
False,16,1920,1080,U8,3,1920,1080,5760,818757712,0,0,0,1920,1080,False,2022-01-18T14:15:13.0868224+01:00
False,16,1920,1080,U8,3,1920,1080,5760,825061456,0,0,0,1920,1080,False,2022-01-18T14:15:13.1213312+01:00
False,16,1920,1080,U8,3,1920,1080,5760,806174800,0,0,0,1920,1080,False,2022-01-18T14:15:13.1546368+01:00
False,16,1920,1080,U8,3,1920,1080,5760,812462160,0,0,0,1920,1080,False,2022-01-18T14:15:13.1873536+01:00
False,16,1920,1080,U8,3,1920,1080,5760,831377488,0,0,0,1920,1080,False,2022-01-18T14:15:13.2201600+01:00
False,16,1920,1080,U8,3,1920,1080,5760,844456016,0,0,0,1920,1080,False,2022-01-18T14:15:13.2538112+01:00
False,16,1920,1080,U8,3,1920,1080,5760,806195280,0,0,0,1920,1080,False,2022-01-18T14:15:13.2874368+01:00
False,16,1920,1080,U8,3,1920,1080,5760,812490832,0,0,0,1920,1080,False,2022-01-18T14:15:13.3204096+01:00
False,16,1920,1080,U8,3,1920,1080,5760,850747472,0,0,0,1920,1080,False,2022-01-18T14:15:13.3529472+01:00
False,16,1920,1080,U8,3,1920,1080,5760,988024912,0,0,0,1920,1080,False,2022-01-18T14:15:13.3876608+01:00
False,16,1920,1080,U8,3,1920,1080,5760,994320464,0,0,0,1920,1080,False,2022-01-18T14:15:13.4205056+01:00
False,16,1920,1080,U8,3,1920,1080,5760,1000611920,0,0,0,1920,1080,False,2022-01-18T14:15:13.4540800+01:00
False,16,1920,1080,U8,3,1920,1080,5760,1149898832,0,0,0,1920,1080,False,2022-01-18T14:15:13.4866432+01:00
False,16,1920,1080,U8,3,1920,1080,5760,1156194384,0,0,0,1920,1080,False,2022-01-18T14:15:13.5204992+01:00
False,16,1920,1080,U8,3,1920,1080,5760,1162510416,0,0,0,1920,1080,False,2022-01-18T14:15:13.5530880+01:00
False,16,1920,1080,U8,3,1920,1080,5760,1168797776,0,0,0,1920,1080,False,2022-01-18T14:15:13.5872256+01:00
False,16,1920,1080,U8,3,1920,1080,5760,806215760,0,0,0,1920,1080,False,2022-01-18T14:15:13.6210816+01:00
False,16,1920,1080,U8,3,1920,1080,5760,812458064,0,0,0,1920,1080,False,2022-01-18T14:15:13.6544640+01:00
False,16,1920,1080,U8,3,1920,1080,5760,818778192,0,0,0,1920,1080,False,2022-01-18T14:15:13.6888192+01:00
False,16,1920,1080,U8,3,1920,1080,5760,825069648,0,0,0,1920,1080,False,2022-01-18T14:15:13.7214592+01:00
False,16,1920,1080,U8,3,1920,1080,5760,806182992,0,0,0,1920,1080,False,2022-01-18T14:15:13.7548288+01:00
False,16,1920,1080,U8,3,1920,1080,5760,812511312,0,0,0,1920,1080,False,2022-01-18T14:15:13.7871360+01:00
False,16,1920,1080,U8,3,1920,1080,5760,831328336,0,0,0,1920,1080,False,2022-01-18T14:15:13.8204544+01:00
False,16,1920,1080,U8,3,1920,1080,5760,844456016,0,0,0,1920,1080,False,2022-01-18T14:15:13.8551296+01:00
False,16,1920,1080,U8,3,1920,1080,5760,806170704,0,0,0,1920,1080,False,2022-01-18T14:15:13.8871168+01:00
False,16,1920,1080,U8,3,1920,1080,5760,812490832,0,0,0,1920,1080,False,2022-01-18T14:15:13.9203968+01:00
False,16,1920,1080,U8,3,1920,1080,5760,850784336,0,0,0,1920,1080,False,2022-01-18T14:15:13.9550336+01:00
False,16,1920,1080,U8,3,1920,1080,5760,988069968,0,0,0,1920,1080,False,2022-01-18T14:15:13.9875328+01:00
False,16,1920,1080,U8,3,1920,1080,5760,994345040,0,0,0,1920,1080,False,2022-01-18T14:15:14.0203008+01:00
False,16,1920,1080,U8,3,1920,1080,5760,1000611920,0,0,0,1920,1080,False,2022-01-18T14:15:14.0543744+01:00
False,16,1920,1080,U8,3,1920,1080,5760,1149898832,0,0,0,1920,1080,False,2022-01-18T14:15:14.0866944+01:00
False,16,1920,1080,U8,3,1920,1080,5760,1156186192,0,0,0,1920,1080,False,2022-01-18T14:15:14.1210240+01:00
False,16,1920,1080,U8,3,1920,1080,5760,1162453072,0,0,0,1920,1080,False,2022-01-18T14:15:14.1539968+01:00
False,16,1920,1080,U8,3,1920,1080,5760,1168760912,0,0,0,1920,1080,False,2022-01-18T14:15:14.1876992+01:00
False,16,1920,1080,U8,3,1920,1080,5760,806203472,0,0,0,1920,1080,False,2022-01-18T14:15:14.2200448+01:00
False,16,1920,1080,U8,3,1920,1080,5760,812503120,0,0,0,1920,1080,False,2022-01-18T14:15:14.2536576+01:00
False,16,1920,1080,U8,3,1920,1080,5760,818778192,0,0,0,1920,1080,False,2022-01-18T14:15:14.2871680+01:00
False,16,1920,1080,U8,3,1920,1080,5760,825049168,0,0,0,1920,1080,False,2022-01-18T14:15:14.3213696+01:00
False,16,1920,1080,U8,3,1920,1080,5760,806158416,0,0,0,1920,1080,False,2022-01-18T14:15:14.3537920+01:00
False,16,1920,1080,U8,3,1920,1080,5760,812417104,0,0,0,1920,1080,False,2022-01-18T14:15:14.3868928+01:00
False,16,1920,1080,U8,3,1920,1080,5760,831328336,0,0,0,1920,1080,False,2022-01-18T14:15:14.4205056+01:00
False,16,1920,1080,U8,3,1920,1080,5760,844443728,0,0,0,1920,1080,False,2022-01-18T14:15:14.4546560+01:00
False,16,1920,1080,U8,3,1920,1080,5760,806219856,0,0,0,1920,1080,False,2022-01-18T14:15:14.4881664+01:00
False,16,1920,1080,U8,3,1920,1080,5760,812482640,0,0,0,1920,1080,False,2022-01-18T14:15:14.5213696+01:00
False,16,1920,1080,U8,3,1920,1080,5760,850763856,0,0,0,1920,1080,False,2022-01-18T14:15:14.5545088+01:00
False,16,1920,1080,U8,3,1920,1080,5760,988033104,0,0,0,1920,1080,False,2022-01-18T14:15:14.5876096+01:00
False,16,1920,1080,U8,3,1920,1080,5760,994332752,0,0,0,1920,1080,False,2022-01-18T14:15:14.6205952+01:00
False,16,1920,1080,U8,3,1920,1080,5760,1000603728,0,0,0,1920,1080,False,2022-01-18T14:15:14.6557824+01:00
False,16,1920,1080,U8,3,1920,1080,5760,1149952080,0,0,0,1920,1080,False,2022-01-18T14:15:14.6887552+01:00
False,16,1920,1080,U8,3,1920,1080,5760,1156206672,0,0,0,1920,1080,False,2022-01-18T14:15:14.7220096+01:00
False,16,1920,1080,U8,3,1920,1080,5760,1162514512,0,0,0,1920,1080,False,2022-01-18T14:15:14.7547520+01:00
False,16,1920,1080,U8,3,1920,1080,5760,1168818256,0,0,0,1920,1080,False,2022-01-18T14:15:14.7893760+01:00
False,16,1920,1080,U8,3,1920,1080,5760,806207568,0,0,0,1920,1080,False,2022-01-18T14:15:14.8224768+01:00
False,16,1920,1080,U8,3,1920,1080,5760,812462160,0,0,0,1920,1080,False,2022-01-18T14:15:14.8552192+01:00
False,16,1920,1080,U8,3,1920,1080,5760,818774096,0,0,0,1920,1080,False,2022-01-18T14:15:14.8888192+01:00
False,16,1920,1080,U8,3,1920,1080,5760,825032784,0,0,0,1920,1080,False,2022-01-18T14:15:14.9248384+01:00
False,16,1920,1080,U8,3,1920,1080,5760,806195280,0,0,0,1920,1080,False,2022-01-18T14:15:14.9548160+01:00
False,16,1920,1080,U8,3,1920,1080,5760,812449872,0,0,0,1920,1080,False,2022-01-18T14:15:14.9875200+01:00
False,16,1920,1080,U8,3,1920,1080,5760,831275088,0,0,0,1920,1080,False,2022-01-18T14:15:15.0221184+01:00
False,16,1920,1080,U8,3,1920,1080,5760,844439632,0,0,0,1920,1080,False,2022-01-18T14:15:15.0541952+01:00
False,16,1920,1080,U8,3,1920,1080,5760,806211664,0,0,0,1920,1080,False,2022-01-18T14:15:15.0880512+01:00
False,16,1920,1080,U8,3,1920,1080,5760,812494928,0,0,0,1920,1080,False,2022-01-18T14:15:15.1213824+01:00
False,16,1920,1080,U8,3,1920,1080,5760,850784336,0,0,0,1920,1080,False,2022-01-18T14:15:15.1552640+01:00
False,16,1920,1080,U8,3,1920,1080,5760,988029008,0,0,0,1920,1080,False,2022-01-18T14:15:15.1880192+01:00
False,16,1920,1080,U8,3,1920,1080,5760,994336848,0,0,0,1920,1080,False,2022-01-18T14:15:15.2212096+01:00
False,16,1920,1080,U8,3,1920,1080,5760,1000624208,0,0,0,1920,1080,False,2022-01-18T14:15:15.2548864+01:00
False,16,1920,1080,U8,3,1920,1080,5760,1149956176,0,0,0,1920,1080,False,2022-01-18T14:15:15.2879616+01:00
False,16,1920,1080,U8,3,1920,1080,5760,1156194384,0,0,0,1920,1080,False,2022-01-18T14:15:15.3212032+01:00
False,16,1920,1080,U8,3,1920,1080,5760,1162522704,0,0,0,1920,1080,False,2022-01-18T14:15:15.3547648+01:00
False,16,1920,1080,U8,3,1920,1080,5760,1168781392,0,0,0,1920,1080,False,2022-01-18T14:15:15.3878528+01:00
False,16,1920,1080,U8,3,1920,1080,5760,806215760,0,0,0,1920,1080,False,2022-01-18T14:15:15.4218496+01:00
False,16,1920,1080,U8,3,1920,1080,5760,812470352,0,0,0,1920,1080,False,2022-01-18T14:15:15.4559104+01:00
False,16,1920,1080,U8,3,1920,1080,5760,818794576,0,0,0,1920,1080,False,2022-01-18T14:15:15.4891648+01:00
False,16,1920,1080,U8,3,1920,1080,5760,825065552,0,0,0,1920,1080,False,2022-01-18T14:15:15.5237248+01:00
False,16,1920,1080,U8,3,1920,1080,5760,806219856,0,0,0,1920,1080,False,2022-01-18T14:15:15.5559424+01:00
False,16,1920,1080,U8,3,1920,1080,5760,812478544,0,0,0,1920,1080,False,2022-01-18T14:15:15.5881984+01:00
False,16,1920,1080,U8,3,1920,1080,5760,831332432,0,0,0,1920,1080,False,2022-01-18T14:15:15.6230144+01:00
False,16,1920,1080,U8,3,1920,1080,5760,844468304,0,0,0,1920,1080,False,2022-01-18T14:15:15.6560896+01:00
False,16,1920,1080,U8,3,1920,1080,5760,806158416,0,0,0,1920,1080,False,2022-01-18T14:15:15.6890368+01:00
False,16,1920,1080,U8,3,1920,1080,5760,812417104,0,0,0,1920,1080,False,2022-01-18T14:15:15.7223936+01:00
False,16,1920,1080,U8,3,1920,1080,5760,850755664,0,0,0,1920,1080,False,2022-01-18T14:15:15.7553920+01:00
False,16,1920,1080,U8,3,1920,1080,5760,988029008,0,0,0,1920,1080,False,2022-01-18T14:15:15.7878528+01:00
False,16,1920,1080,U8,3,1920,1080,5760,994328656,0,0,0,1920,1080,False,2022-01-18T14:15:15.8216576+01:00
False,16,1920,1080,U8,3,1920,1080,5760,1000644688,0,0,0,1920,1080,False,2022-01-18T14:15:15.8550656+01:00
False,16,1920,1080,U8,3,1920,1080,5760,1149911120,0,0,0,1920,1080,False,2022-01-18T14:15:15.8877824+01:00
False,16,1920,1080,U8,3,1920,1080,5760,1156202576,0,0,0,1920,1080,False,2022-01-18T14:15:15.9220608+01:00
False,16,1920,1080,U8,3,1920,1080,5760,1162534992,0,0,0,1920,1080,False,2022-01-18T14:15:15.9552512+01:00
False,16,1920,1080,U8,3,1920,1080,5760,1168773200,0,0,0,1920,1080,False,2022-01-18T14:15:15.9883008+01:00
False,16,1920,1080,U8,3,1920,1080,5760,806187088,0,0,0,1920,1080,False,2022-01-18T14:15:16.0215552+01:00
False,16,1920,1080,U8,3,1920,1080,5760,812499024,0,0,0,1920,1080,False,2022-01-18T14:15:16.0559488+01:00
False,16,1920,1080,U8,3,1920,1080,5760,818749520,0,0,0,1920,1080,False,2022-01-18T14:15:16.0886784+01:00
False,16,1920,1080,U8,3,1920,1080,5760,825040976,0,0,0,1920,1080,False,2022-01-18T14:15:16.1220480+01:00
False,16,1920,1080,U8,3,1920,1080,5760,806215760,0,0,0,1920,1080,False,2022-01-18T14:15:16.1558400+01:00
False,16,1920,1080,U8,3,1920,1080,5760,812449872,0,0,0,1920,1080,False,2022-01-18T14:15:16.1883648+01:00
False,16,1920,1080,U8,3,1920,1080,5760,831336528,0,0,0,1920,1080,False,2022-01-18T14:15:16.2231040+01:00
False,16,1920,1080,U8,3,1920,1080,5760,844439632,0,0,0,1920,1080,False,2022-01-18T14:15:16.2564992+01:00
False,16,1920,1080,U8,3,1920,1080,5760,806178896,0,0,0,1920,1080,False,2022-01-18T14:15:16.2880512+01:00
False,16,1920,1080,U8,3,1920,1080,5760,812511312,0,0,0,1920,1080,False,2022-01-18T14:15:16.3214080+01:00
False,16,1920,1080,U8,3,1920,1080,5760,850739280,0,0,0,1920,1080,False,2022-01-18T14:15:16.3559168+01:00
False,16,1920,1080,U8,3,1920,1080,5760,988078160,0,0,0,1920,1080,False,2022-01-18T14:15:16.3895936+01:00
False,16,1920,1080,U8,3,1920,1080,5760,994357328,0,0,0,1920,1080,False,2022-01-18T14:15:16.4225664+01:00
False,16,1920,1080,U8,3,1920,1080,5760,1000620112,0,0,0,1920,1080,False,2022-01-18T14:15:16.4554752+01:00
False,16,1920,1080,U8,3,1920,1080,5760,1149907024,0,0,0,1920,1080,False,2022-01-18T14:15:16.4878976+01:00
False,16,1920,1080,U8,3,1920,1080,5760,1156202576,0,0,0,1920,1080,False,2022-01-18T14:15:16.5221376+01:00
False,16,1920,1080,U8,3,1920,1080,5760,1162522704,0,0,0,1920,1080,False,2022-01-18T14:15:16.5549184+01:00
False,16,1920,1080,U8,3,1920,1080,5760,1168826448,0,0,0,1920,1080,False,2022-01-18T14:15:16.5882880+01:00
False,16,1920,1080,U8,3,1920,1080,5760,806174800,0,0,0,1920,1080,False,2022-01-18T14:15:16.6210432+01:00
False,16,1920,1080,U8,3,1920,1080,5760,812486736,0,0,0,1920,1080,False,2022-01-18T14:15:16.6546048+01:00
False,16,1920,1080,U8,3,1920,1080,5760,818761808,0,0,0,1920,1080,False,2022-01-18T14:15:16.6890240+01:00
False,16,1920,1080,U8,3,1920,1080,5760,825045072,0,0,0,1920,1080,False,2022-01-18T14:15:16.7223168+01:00
False,16,1920,1080,U8,3,1920,1080,5760,806174800,0,0,0,1920,1080,False,2022-01-18T14:15:16.7542144+01:00
False,16,1920,1080,U8,3,1920,1080,5760,812449872,0,0,0,1920,1080,False,2022-01-18T14:15:16.7873024+01:00
False,16,1920,1080,U8,3,1920,1080,5760,831328336,0,0,0,1920,1080,False,2022-01-18T14:15:16.8215424+01:00
False,16,1920,1080,U8,3,1920,1080,5760,844464208,0,0,0,1920,1080,False,2022-01-18T14:15:16.8552704+01:00
False,16,1920,1080,U8,3,1920,1080,5760,806191184,0,0,0,1920,1080,False,2022-01-18T14:15:16.8884864+01:00
False,16,1920,1080,U8,3,1920,1080,5760,812494928,0,0,0,1920,1080,False,2022-01-18T14:15:16.9216000+01:00
False,16,1920,1080,U8,3,1920,1080,5760,850780240,0,0,0,1920,1080,False,2022-01-18T14:15:16.9556096+01:00
False,16,1920,1080,U8,3,1920,1080,5760,988069968,0,0,0,1920,1080,False,2022-01-18T14:15:16.9891456+01:00
False,16,1920,1080,U8,3,1920,1080,5760,994332752,0,0,0,1920,1080,False,2022-01-18T14:15:17.0221312+01:00
False,16,1920,1080,U8,3,1920,1080,5760,1000661072,0,0,0,1920,1080,False,2022-01-18T14:15:17.0558336+01:00
False,16,1920,1080,U8,3,1920,1080,5760,1149952080,0,0,0,1920,1080,False,2022-01-18T14:15:17.0890624+01:00
False,16,1920,1080,U8,3,1920,1080,5760,1156218960,0,0,0,1920,1080,False,2022-01-18T14:15:17.1209728+01:00
False,16,1920,1080,U8,3,1920,1080,5760,1162522704,0,0,0,1920,1080,False,2022-01-18T14:15:17.1544320+01:00
False,16,1920,1080,U8,3,1920,1080,5760,1168785488,0,0,0,1920,1080,False,2022-01-18T14:15:17.1886336+01:00
False,16,1920,1080,U8,3,1920,1080,5760,806195280,0,0,0,1920,1080,False,2022-01-18T14:15:17.2217856+01:00
False,16,1920,1080,U8,3,1920,1080,5760,812478544,0,0,0,1920,1080,False,2022-01-18T14:15:17.2552832+01:00
False,16,1920,1080,U8,3,1920,1080,5760,818798672,0,0,0,1920,1080,False,2022-01-18T14:15:17.2887424+01:00
False,16,1920,1080,U8,3,1920,1080,5760,825061456,0,0,0,1920,1080,False,2022-01-18T14:15:17.3215616+01:00
False,16,1920,1080,U8,3,1920,1080,5760,806166608,0,0,0,1920,1080,False,2022-01-18T14:15:17.3548416+01:00
False,16,1920,1080,U8,3,1920,1080,5760,812470352,0,0,0,1920,1080,False,2022-01-18T14:15:17.3885184+01:00
False,16,1920,1080,U8,3,1920,1080,5760,831332432,0,0,0,1920,1080,False,2022-01-18T14:15:17.4213120+01:00
False,16,1920,1080,U8,3,1920,1080,5760,844488784,0,0,0,1920,1080,False,2022-01-18T14:15:17.4557824+01:00
False,16,1920,1080,U8,3,1920,1080,5760,806170704,0,0,0,1920,1080,False,2022-01-18T14:15:17.4884992+01:00
False,16,1920,1080,U8,3,1920,1080,5760,812503120,0,0,0,1920,1080,False,2022-01-18T14:15:17.5208576+01:00
False,16,1920,1080,U8,3,1920,1080,5760,850722896,0,0,0,1920,1080,False,2022-01-18T14:15:17.5554688+01:00
False,16,1920,1080,U8,3,1920,1080,5760,988078160,0,0,0,1920,1080,False,2022-01-18T14:15:17.5878272+01:00
False,16,1920,1080,U8,3,1920,1080,5760,994340944,0,0,0,1920,1080,False,2022-01-18T14:15:17.6205952+01:00
False,16,1920,1080,U8,3,1920,1080,5760,1000632400,0,0,0,1920,1080,False,2022-01-18T14:15:17.6555264+01:00
False,16,1920,1080,U8,3,1920,1080,5760,1149939792,0,0,0,1920,1080,False,2022-01-18T14:15:17.6883584+01:00
False,16,1920,1080,U8,3,1920,1080,5760,1156227152,0,0,0,1920,1080,False,2022-01-18T14:15:17.7219200+01:00
False,16,1920,1080,U8,3,1920,1080,5760,1162514512,0,0,0,1920,1080,False,2022-01-18T14:15:17.7554688+01:00
False,16,1920,1080,U8,3,1920,1080,5760,1168805968,0,0,0,1920,1080,False,2022-01-18T14:15:17.7883904+01:00
False,16,1920,1080,U8,3,1920,1080,5760,806174800,0,0,0,1920,1080,False,2022-01-18T14:15:17.8222208+01:00
False,16,1920,1080,U8,3,1920,1080,5760,812462160,0,0,0,1920,1080,False,2022-01-18T14:15:17.8563584+01:00
False,16,1920,1080,U8,3,1920,1080,5760,818786384,0,0,0,1920,1080,False,2022-01-18T14:15:17.8893440+01:00
False,16,1920,1080,U8,3,1920,1080,5760,825094224,0,0,0,1920,1080,False,2022-01-18T14:15:17.9232384+01:00
False,16,1920,1080,U8,3,1920,1080,5760,806199376,0,0,0,1920,1080,False,2022-01-18T14:15:17.9558656+01:00
False,16,1920,1080,U8,3,1920,1080,5760,812482640,0,0,0,1920,1080,False,2022-01-18T14:15:17.9884416+01:00
False,16,1920,1080,U8,3,1920,1080,5760,831369296,0,0,0,1920,1080,False,2022-01-18T14:15:18.0218752+01:00
False,16,1920,1080,U8,3,1920,1080,5760,844431440,0,0,0,1920,1080,False,2022-01-18T14:15:18.0549376+01:00
False,16,1920,1080,U8,3,1920,1080,5760,806174800,0,0,0,1920,1080,False,2022-01-18T14:15:18.0882048+01:00
False,16,1920,1080,U8,3,1920,1080,5760,812507216,0,0,0,1920,1080,False,2022-01-18T14:15:18.1224320+01:00
False,16,1920,1080,U8,3,1920,1080,5760,850657360,0,0,0,1920,1080,False,2022-01-18T14:15:18.1556736+01:00
False,16,1920,1080,U8,3,1920,1080,5760,988078160,0,0,0,1920,1080,False,2022-01-18T14:15:18.1880192+01:00
False,16,1920,1080,U8,3,1920,1080,5760,994336848,0,0,0,1920,1080,False,2022-01-18T14:15:18.2218752+01:00
False,16,1920,1080,U8,3,1920,1080,5760,1000632400,0,0,0,1920,1080,False,2022-01-18T14:15:18.2544896+01:00
False,16,1920,1080,U8,3,1920,1080,5760,1149907024,0,0,0,1920,1080,False,2022-01-18T14:15:18.2879488+01:00
False,16,1920,1080,U8,3,1920,1080,5760,1156194384,0,0,0,1920,1080,False,2022-01-18T14:15:18.3219328+01:00
False,16,1920,1080,U8,3,1920,1080,5760,1162489936,0,0,0,1920,1080,False,2022-01-18T14:15:18.3550592+01:00
False,16,1920,1080,U8,3,1920,1080,5760,1168814160,0,0,0,1920,1080,False,2022-01-18T14:15:18.3888896+01:00
False,16,1920,1080,U8,3,1920,1080,5760,806199376,0,0,0,1920,1080,False,2022-01-18T14:15:18.4219392+01:00
False,16,1920,1080,U8,3,1920,1080,5760,812507216,0,0,0,1920,1080,False,2022-01-18T14:15:18.4551424+01:00
False,16,1920,1080,U8,3,1920,1080,5760,818798672,0,0,0,1920,1080,False,2022-01-18T14:15:18.4893952+01:00
False,16,1920,1080,U8,3,1920,1080,5760,825036880,0,0,0,1920,1080,False,2022-01-18T14:15:18.5217792+01:00
False,16,1920,1080,U8,3,1920,1080,5760,806215760,0,0,0,1920,1080,False,2022-01-18T14:15:18.5549568+01:00
False,16,1920,1080,U8,3,1920,1080,5760,812494928,0,0,0,1920,1080,False,2022-01-18T14:15:18.5880832+01:00
False,16,1920,1080,U8,3,1920,1080,5760,831328336,0,0,0,1920,1080,False,2022-01-18T14:15:18.6222976+01:00
False,16,1920,1080,U8,3,1920,1080,5760,844484688,0,0,0,1920,1080,False,2022-01-18T14:15:18.6554752+01:00
False,16,1920,1080,U8,3,1920,1080,5760,806158416,0,0,0,1920,1080,False,2022-01-18T14:15:18.6893312+01:00
False,16,1920,1080,U8,3,1920,1080,5760,812413008,0,0,0,1920,1080,False,2022-01-18T14:15:18.7218048+01:00
False,16,1920,1080,U8,3,1920,1080,5760,850751568,0,0,0,1920,1080,False,2022-01-18T14:15:18.7553664+01:00
False,16,1920,1080,U8,3,1920,1080,5760,988041296,0,0,0,1920,1080,False,2022-01-18T14:15:18.7890944+01:00
False,16,1920,1080,U8,3,1920,1080,5760,994349136,0,0,0,1920,1080,False,2022-01-18T14:15:18.8219264+01:00
False,16,1920,1080,U8,3,1920,1080,5760,1000648784,0,0,0,1920,1080,False,2022-01-18T14:15:18.8546560+01:00
False,16,1920,1080,U8,3,1920,1080,5760,1149894736,0,0,0,1920,1080,False,2022-01-18T14:15:18.8889088+01:00
False,16,1920,1080,U8,3,1920,1080,5760,1156153424,0,0,0,1920,1080,False,2022-01-18T14:15:18.9225344+01:00
False,16,1920,1080,U8,3,1920,1080,5760,1162416208,0,0,0,1920,1080,False,2022-01-18T14:15:18.9550592+01:00
False,16,1920,1080,U8,3,1920,1080,5760,1168703568,0,0,0,1920,1080,False,2022-01-18T14:15:18.9892992+01:00
False,16,1920,1080,U8,3,1920,1080,5760,806215760,0,0,0,1920,1080,False,2022-01-18T14:15:19.0216064+01:00
False,16,1920,1080,U8,3,1920,1080,5760,812449872,0,0,0,1920,1080,False,2022-01-18T14:15:19.0554496+01:00
False,16,1920,1080,U8,3,1920,1080,5760,818696272,0,0,0,1920,1080,False,2022-01-18T14:15:19.0890496+01:00
False,16,1920,1080,U8,3,1920,1080,5760,824967248,0,0,0,1920,1080,False,2022-01-18T14:15:19.1244288+01:00
False,16,1920,1080,U8,3,1920,1080,5760,806166608,0,0,0,1920,1080,False,2022-01-18T14:15:19.1553024+01:00
False,16,1920,1080,U8,3,1920,1080,5760,831234128,0,0,0,1920,1080,False,2022-01-18T14:15:19.1888768+01:00
False,16,1920,1080,U8,3,1920,1080,5760,844484688,0,0,0,1920,1080,False,2022-01-18T14:15:19.2229120+01:00
False,16,1920,1080,U8,3,1920,1080,5760,850731088,0,0,0,1920,1080,False,2022-01-18T14:15:19.2563456+01:00
False,16,1920,1080,U8,3,1920,1080,5760,806207568,0,0,0,1920,1080,False,2022-01-18T14:15:19.2890752+01:00
False,16,1920,1080,U8,3,1920,1080,5760,812449872,0,0,0,1920,1080,False,2022-01-18T14:15:19.3214464+01:00
False,16,1920,1080,U8,3,1920,1080,5760,831254608,0,0,0,1920,1080,False,2022-01-18T14:15:19.3547776+01:00
False,16,1920,1080,U8,3,1920,1080,5760,988069968,0,0,0,1920,1080,False,2022-01-18T14:15:19.3886336+01:00
False,16,1920,1080,U8,3,1920,1080,5760,994369616,0,0,0,1920,1080,False,2022-01-18T14:15:19.4216576+01:00
False,16,1920,1080,U8,3,1920,1080,5760,1000620112,0,0,0,1920,1080,False,2022-01-18T14:15:19.4561664+01:00
False,16,1920,1080,U8,3,1920,1080,5760,1149894736,0,0,0,1920,1080,False,2022-01-18T14:15:19.4887552+01:00
False,16,1920,1080,U8,3,1920,1080,5760,1156161616,0,0,0,1920,1080,False,2022-01-18T14:15:19.5226112+01:00
False,16,1920,1080,U8,3,1920,1080,5760,1162416208,0,0,0,1920,1080,False,2022-01-18T14:15:19.5557888+01:00
False,16,1920,1080,U8,3,1920,1080,5760,1168748624,0,0,0,1920,1080,False,2022-01-18T14:15:19.5890304+01:00
False,16,1920,1080,U8,3,1920,1080,5760,806191184,0,0,0,1920,1080,False,2022-01-18T14:15:19.6219136+01:00
False,16,1920,1080,U8,3,1920,1080,5760,812449872,0,0,0,1920,1080,False,2022-01-18T14:15:19.6555648+01:00
False,16,1920,1080,U8,3,1920,1080,5760,818712656,0,0,0,1920,1080,False,2022-01-18T14:15:19.6894208+01:00
False,16,1920,1080,U8,3,1920,1080,5760,824975440,0,0,0,1920,1080,False,2022-01-18T14:15:19.7222528+01:00
False,16,1920,1080,U8,3,1920,1080,5760,806170704,0,0,0,1920,1080,False,2022-01-18T14:15:19.7555072+01:00
False,16,1920,1080,U8,3,1920,1080,5760,812449872,0,0,0,1920,1080,False,2022-01-18T14:15:19.7885440+01:00
False,16,1920,1080,U8,3,1920,1080,5760,831275088,0,0,0,1920,1080,False,2022-01-18T14:15:19.8217216+01:00
False,16,1920,1080,U8,3,1920,1080,5760,844488784,0,0,0,1920,1080,False,2022-01-18T14:15:19.8552064+01:00
False,16,1920,1080,U8,3,1920,1080,5760,806211664,0,0,0,1920,1080,False,2022-01-18T14:15:19.8883072+01:00
False,16,1920,1080,U8,3,1920,1080,5760,850739280,0,0,0,1920,1080,False,2022-01-18T14:15:19.9216256+01:00
False,16,1920,1080,U8,3,1920,1080,5760,988045392,0,0,0,1920,1080,False,2022-01-18T14:15:19.9558784+01:00
False,16,1920,1080,U8,3,1920,1080,5760,994365520,0,0,0,1920,1080,False,2022-01-18T14:15:19.9894656+01:00
False,16,1920,1080,U8,3,1920,1080,5760,1000661072,0,0,0,1920,1080,False,2022-01-18T14:15:20.0226304+01:00
False,16,1920,1080,U8,3,1920,1080,5760,1149902928,0,0,0,1920,1080,False,2022-01-18T14:15:20.0558592+01:00
False,16,1920,1080,U8,3,1920,1080,5760,812449872,0,0,0,1920,1080,False,2022-01-18T14:15:20.0875392+01:00
False,16,1920,1080,U8,3,1920,1080,5760,1156231248,0,0,0,1920,1080,False,2022-01-18T14:15:20.1214336+01:00
False,16,1920,1080,U8,3,1920,1080,5760,1162485840,0,0,0,1920,1080,False,2022-01-18T14:15:20.1560704+01:00
False,16,1920,1080,U8,3,1920,1080,5760,1168773200,0,0,0,1920,1080,False,2022-01-18T14:15:20.1894272+01:00
False,16,1920,1080,U8,3,1920,1080,5760,806182992,0,0,0,1920,1080,False,2022-01-18T14:15:20.2230784+01:00
False,16,1920,1080,U8,3,1920,1080,5760,812482640,0,0,0,1920,1080,False,2022-01-18T14:15:20.2556160+01:00
False,16,1920,1080,U8,3,1920,1080,5760,818786384,0,0,0,1920,1080,False,2022-01-18T14:15:20.2891136+01:00
False,16,1920,1080,U8,3,1920,1080,5760,825040976,0,0,0,1920,1080,False,2022-01-18T14:15:20.3222784+01:00
False,16,1920,1080,U8,3,1920,1080,5760,806215760,0,0,0,1920,1080,False,2022-01-18T14:15:20.3555712+01:00
False,16,1920,1080,U8,3,1920,1080,5760,812466256,0,0,0,1920,1080,False,2022-01-18T14:15:20.3888128+01:00
False,16,1920,1080,U8,3,1920,1080,5760,831365200,0,0,0,1920,1080,False,2022-01-18T14:15:20.4220160+01:00
False,16,1920,1080,U8,3,1920,1080,5760,844484688,0,0,0,1920,1080,False,2022-01-18T14:15:20.4552704+01:00
False,16,1920,1080,U8,3,1920,1080,5760,806162512,0,0,0,1920,1080,False,2022-01-18T14:15:20.4887680+01:00
False,16,1920,1080,U8,3,1920,1080,5760,812490832,0,0,0,1920,1080,False,2022-01-18T14:15:20.5218560+01:00
False,16,1920,1080,U8,3,1920,1080,5760,850776144,0,0,0,1920,1080,False,2022-01-18T14:15:20.5565056+01:00
False,16,1920,1080,U8,3,1920,1080,5760,988024912,0,0,0,1920,1080,False,2022-01-18T14:15:20.5885952+01:00
False,16,1920,1080,U8,3,1920,1080,5760,994324560,0,0,0,1920,1080,False,2022-01-18T14:15:20.6216448+01:00
False,16,1920,1080,U8,3,1920,1080,5760,1000640592,0,0,0,1920,1080,False,2022-01-18T14:15:20.6551424+01:00
False,16,1920,1080,U8,3,1920,1080,5760,1149919312,0,0,0,1920,1080,False,2022-01-18T14:15:20.6892928+01:00
False,16,1920,1080,U8,3,1920,1080,5760,1156243536,0,0,0,1920,1080,False,2022-01-18T14:15:20.7225216+01:00
False,16,1920,1080,U8,3,1920,1080,5760,1162522704,0,0,0,1920,1080,False,2022-01-18T14:15:20.7555328+01:00
False,16,1920,1080,U8,3,1920,1080,5760,1168793680,0,0,0,1920,1080,False,2022-01-18T14:15:20.7888640+01:00
False,16,1920,1080,U8,3,1920,1080,5760,806182992,0,0,0,1920,1080,False,2022-01-18T14:15:20.8214144+01:00
False,16,1920,1080,U8,3,1920,1080,5760,812466256,0,0,0,1920,1080,False,2022-01-18T14:15:20.8553600+01:00
False,16,1920,1080,U8,3,1920,1080,5760,818749520,0,0,0,1920,1080,False,2022-01-18T14:15:20.8889984+01:00
False,16,1920,1080,U8,3,1920,1080,5760,825094224,0,0,0,1920,1080,False,2022-01-18T14:15:20.9231488+01:00
False,16,1920,1080,U8,3,1920,1080,5760,806195280,0,0,0,1920,1080,False,2022-01-18T14:15:20.9564544+01:00
False,16,1920,1080,U8,3,1920,1080,5760,812470352,0,0,0,1920,1080,False,2022-01-18T14:15:20.9885312+01:00
False,16,1920,1080,U8,3,1920,1080,5760,831324240,0,0,0,1920,1080,False,2022-01-18T14:15:21.0218496+01:00
False,16,1920,1080,U8,3,1920,1080,5760,844443728,0,0,0,1920,1080,False,2022-01-18T14:15:21.0559104+01:00
False,16,1920,1080,U8,3,1920,1080,5760,806211664,0,0,0,1920,1080,False,2022-01-18T14:15:21.0884224+01:00
False,16,1920,1080,U8,3,1920,1080,5760,812470352,0,0,0,1920,1080,False,2022-01-18T14:15:21.1221120+01:00
False,16,1920,1080,U8,3,1920,1080,5760,850751568,0,0,0,1920,1080,False,2022-01-18T14:15:21.1556992+01:00
False,16,1920,1080,U8,3,1920,1080,5760,988024912,0,0,0,1920,1080,False,2022-01-18T14:15:21.1881728+01:00
False,16,1920,1080,U8,3,1920,1080,5760,994373712,0,0,0,1920,1080,False,2022-01-18T14:15:21.2214016+01:00
False,16,1920,1080,U8,3,1920,1080,5760,1000607824,0,0,0,1920,1080,False,2022-01-18T14:15:21.2551680+01:00
False,16,1920,1080,U8,3,1920,1080,5760,1149927504,0,0,0,1920,1080,False,2022-01-18T14:15:21.2885376+01:00
False,16,1920,1080,U8,3,1920,1080,5760,1156247632,0,0,0,1920,1080,False,2022-01-18T14:15:21.3220608+01:00
False,16,1920,1080,U8,3,1920,1080,5760,1162506320,0,0,0,1920,1080,False,2022-01-18T14:15:21.3553792+01:00
False,16,1920,1080,U8,3,1920,1080,5760,1168773200,0,0,0,1920,1080,False,2022-01-18T14:15:21.3889280+01:00
False,16,1920,1080,U8,3,1920,1080,5760,806219856,0,0,0,1920,1080,False,2022-01-18T14:15:21.4212480+01:00
False,16,1920,1080,U8,3,1920,1080,5760,812494928,0,0,0,1920,1080,False,2022-01-18T14:15:21.4551168+01:00
False,16,1920,1080,U8,3,1920,1080,5760,818741328,0,0,0,1920,1080,False,2022-01-18T14:15:21.4897408+01:00
False,16,1920,1080,U8,3,1920,1080,5760,825024592,0,0,0,1920,1080,False,2022-01-18T14:15:21.5231104+01:00
False,16,1920,1080,U8,3,1920,1080,5760,806182992,0,0,0,1920,1080,False,2022-01-18T14:15:21.5554304+01:00
False,16,1920,1080,U8,3,1920,1080,5760,812478544,0,0,0,1920,1080,False,2022-01-18T14:15:21.5884032+01:00
False,16,1920,1080,U8,3,1920,1080,5760,831303760,0,0,0,1920,1080,False,2022-01-18T14:15:21.6226176+01:00
False,16,1920,1080,U8,3,1920,1080,5760,844460112,0,0,0,1920,1080,False,2022-01-18T14:15:21.6545408+01:00
False,16,1920,1080,U8,3,1920,1080,5760,806162512,0,0,0,1920,1080,False,2022-01-18T14:15:21.6897408+01:00
False,16,1920,1080,U8,3,1920,1080,5760,812466256,0,0,0,1920,1080,False,2022-01-18T14:15:21.7218432+01:00
False,16,1920,1080,U8,3,1920,1080,5760,850731088,0,0,0,1920,1080,False,2022-01-18T14:15:21.7561344+01:00
False,16,1920,1080,U8,3,1920,1080,5760,988074064,0,0,0,1920,1080,False,2022-01-18T14:15:21.7886336+01:00
False,16,1920,1080,U8,3,1920,1080,5760,994328656,0,0,0,1920,1080,False,2022-01-18T14:15:21.8222976+01:00
False,16,1920,1080,U8,3,1920,1080,5760,1000648784,0,0,0,1920,1080,False,2022-01-18T14:15:21.8555648+01:00
False,16,1920,1080,U8,3,1920,1080,5760,1149943888,0,0,0,1920,1080,False,2022-01-18T14:15:21.8878208+01:00
False,16,1920,1080,U8,3,1920,1080,5760,1156214864,0,0,0,1920,1080,False,2022-01-18T14:15:21.9216768+01:00
False,16,1920,1080,U8,3,1920,1080,5760,1162518608,0,0,0,1920,1080,False,2022-01-18T14:15:21.9561600+01:00
False,16,1920,1080,U8,3,1920,1080,5760,1168810064,0,0,0,1920,1080,False,2022-01-18T14:15:21.9907072+01:00
False,16,1920,1080,U8,3,1920,1080,5760,806174800,0,0,0,1920,1080,False,2022-01-18T14:15:22.0225408+01:00
False,16,1920,1080,U8,3,1920,1080,5760,812462160,0,0,0,1920,1080,False,2022-01-18T14:15:22.0554752+01:00
False,16,1920,1080,U8,3,1920,1080,5760,818745424,0,0,0,1920,1080,False,2022-01-18T14:15:22.0899200+01:00
False,16,1920,1080,U8,3,1920,1080,5760,825065552,0,0,0,1920,1080,False,2022-01-18T14:15:22.1219328+01:00
False,16,1920,1080,U8,3,1920,1080,5760,806215760,0,0,0,1920,1080,False,2022-01-18T14:15:22.1542016+01:00
False,16,1920,1080,U8,3,1920,1080,5760,812462160,0,0,0,1920,1080,False,2022-01-18T14:15:22.1885952+01:00
False,16,1920,1080,U8,3,1920,1080,5760,831373392,0,0,0,1920,1080,False,2022-01-18T14:15:22.2231552+01:00
False,16,1920,1080,U8,3,1920,1080,5760,844451920,0,0,0,1920,1080,False,2022-01-18T14:15:22.2561536+01:00
False,16,1920,1080,U8,3,1920,1080,5760,806191184,0,0,0,1920,1080,False,2022-01-18T14:15:22.2879744+01:00
False,16,1920,1080,U8,3,1920,1080,5760,812482640,0,0,0,1920,1080,False,2022-01-18T14:15:22.3209216+01:00
False,16,1920,1080,U8,3,1920,1080,5760,850747472,0,0,0,1920,1080,False,2022-01-18T14:15:22.3564288+01:00
False,16,1920,1080,U8,3,1920,1080,5760,988061776,0,0,0,1920,1080,False,2022-01-18T14:15:22.3883904+01:00
False,16,1920,1080,U8,3,1920,1080,5760,994340944,0,0,0,1920,1080,False,2022-01-18T14:15:22.4219008+01:00
False,16,1920,1080,U8,3,1920,1080,5760,1000640592,0,0,0,1920,1080,False,2022-01-18T14:15:22.4540672+01:00
False,16,1920,1080,U8,3,1920,1080,5760,1149927504,0,0,0,1920,1080,False,2022-01-18T14:15:22.4881408+01:00
False,16,1920,1080,U8,3,1920,1080,5760,1156206672,0,0,0,1920,1080,False,2022-01-18T14:15:22.5223424+01:00
False,16,1920,1080,U8,3,1920,1080,5760,1162506320,0,0,0,1920,1080,False,2022-01-18T14:15:22.5552512+01:00
False,16,1920,1080,U8,3,1920,1080,5760,1168797776,0,0,0,1920,1080,False,2022-01-18T14:15:22.5887360+01:00
False,16,1920,1080,U8,3,1920,1080,5760,806207568,0,0,0,1920,1080,False,2022-01-18T14:15:22.6208768+01:00
False,16,1920,1080,U8,3,1920,1080,5760,812478544,0,0,0,1920,1080,False,2022-01-18T14:15:22.6549376+01:00
False,16,1920,1080,U8,3,1920,1080,5760,818798672,0,0,0,1920,1080,False,2022-01-18T14:15:22.6897280+01:00
False,16,1920,1080,U8,3,1920,1080,5760,825090128,0,0,0,1920,1080,False,2022-01-18T14:15:22.7215872+01:00
False,16,1920,1080,U8,3,1920,1080,5760,806162512,0,0,0,1920,1080,False,2022-01-18T14:15:22.7542144+01:00
False,16,1920,1080,U8,3,1920,1080,5760,812466256,0,0,0,1920,1080,False,2022-01-18T14:15:22.7881856+01:00
False,16,1920,1080,U8,3,1920,1080,5760,831369296,0,0,0,1920,1080,False,2022-01-18T14:15:22.8225792+01:00
False,16,1920,1080,U8,3,1920,1080,5760,844435536,0,0,0,1920,1080,False,2022-01-18T14:15:22.8543744+01:00
False,16,1920,1080,U8,3,1920,1080,5760,806191184,0,0,0,1920,1080,False,2022-01-18T14:15:22.8880512+01:00
False,16,1920,1080,U8,3,1920,1080,5760,812449872,0,0,0,1920,1080,False,2022-01-18T14:15:22.9224704+01:00
False,16,1920,1080,U8,3,1920,1080,5760,850784336,0,0,0,1920,1080,False,2022-01-18T14:15:22.9547264+01:00
False,16,1920,1080,U8,3,1920,1080,5760,988065872,0,0,0,1920,1080,False,2022-01-18T14:15:22.9884032+01:00
False,16,1920,1080,U8,3,1920,1080,5760,994349136,0,0,0,1920,1080,False,2022-01-18T14:15:23.0211456+01:00
False,16,1920,1080,U8,3,1920,1080,5760,1000640592,0,0,0,1920,1080,False,2022-01-18T14:15:23.0548224+01:00
False,16,1920,1080,U8,3,1920,1080,5760,1149915216,0,0,0,1920,1080,False,2022-01-18T14:15:23.0893952+01:00
False,16,1920,1080,U8,3,1920,1080,5760,1156247632,0,0,0,1920,1080,False,2022-01-18T14:15:23.1225600+01:00
False,16,1920,1080,U8,3,1920,1080,5760,1162506320,0,0,0,1920,1080,False,2022-01-18T14:15:23.1545472+01:00
False,16,1920,1080,U8,3,1920,1080,5760,1168793680,0,0,0,1920,1080,False,2022-01-18T14:15:23.1887488+01:00
False,16,1920,1080,U8,3,1920,1080,5760,806211664,0,0,0,1920,1080,False,2022-01-18T14:15:23.2210816+01:00
False,16,1920,1080,U8,3,1920,1080,5760,812458064,0,0,0,1920,1080,False,2022-01-18T14:15:23.2545152+01:00
False,16,1920,1080,U8,3,1920,1080,5760,818794576,0,0,0,1920,1080,False,2022-01-18T14:15:23.2883072+01:00
False,16,1920,1080,U8,3,1920,1080,5760,825045072,0,0,0,1920,1080,False,2022-01-18T14:15:23.3250048+01:00
False,16,1920,1080,U8,3,1920,1080,5760,806207568,0,0,0,1920,1080,False,2022-01-18T14:15:23.3551104+01:00
False,16,1920,1080,U8,3,1920,1080,5760,812462160,0,0,0,1920,1080,False,2022-01-18T14:15:23.3879424+01:00
False,16,1920,1080,U8,3,1920,1080,5760,831361104,0,0,0,1920,1080,False,2022-01-18T14:15:23.4215424+01:00
False,16,1920,1080,U8,3,1920,1080,5760,844443728,0,0,0,1920,1080,False,2022-01-18T14:15:23.4557952+01:00
False,16,1920,1080,U8,3,1920,1080,5760,806166608,0,0,0,1920,1080,False,2022-01-18T14:15:23.4884608+01:00
False,16,1920,1080,U8,3,1920,1080,5760,812511312,0,0,0,1920,1080,False,2022-01-18T14:15:23.5215104+01:00
False,16,1920,1080,U8,3,1920,1080,5760,850735184,0,0,0,1920,1080,False,2022-01-18T14:15:23.5555328+01:00
False,16,1920,1080,U8,3,1920,1080,5760,988020816,0,0,0,1920,1080,False,2022-01-18T14:15:23.5883008+01:00
False,16,1920,1080,U8,3,1920,1080,5760,994246736,0,0,0,1920,1080,False,2022-01-18T14:15:23.6219904+01:00
False,16,1920,1080,U8,3,1920,1080,5760,1000489040,0,0,0,1920,1080,False,2022-01-18T14:15:23.6556672+01:00
False,16,1920,1080,U8,3,1920,1080,5760,1149939792,0,0,0,1920,1080,False,2022-01-18T14:15:23.6884096+01:00
False,16,1920,1080,U8,3,1920,1080,5760,1156214864,0,0,0,1920,1080,False,2022-01-18T14:15:23.7213568+01:00
False,16,1920,1080,U8,3,1920,1080,5760,1162506320,0,0,0,1920,1080,False,2022-01-18T14:15:23.7553408+01:00
False,16,1920,1080,U8,3,1920,1080,5760,1168773200,0,0,0,1920,1080,False,2022-01-18T14:15:23.7889408+01:00
False,16,1920,1080,U8,3,1920,1080,5760,806195280,0,0,0,1920,1080,False,2022-01-18T14:15:23.8222208+01:00
False,16,1920,1080,U8,3,1920,1080,5760,812466256,0,0,0,1920,1080,False,2022-01-18T14:15:23.8545152+01:00
False,16,1920,1080,U8,3,1920,1080,5760,818794576,0,0,0,1920,1080,False,2022-01-18T14:15:23.8887040+01:00
False,16,1920,1080,U8,3,1920,1080,5760,825061456,0,0,0,1920,1080,False,2022-01-18T14:15:23.9229440+01:00
False,16,1920,1080,U8,3,1920,1080,5760,806219856,0,0,0,1920,1080,False,2022-01-18T14:15:23.9552256+01:00
False,16,1920,1080,U8,3,1920,1080,5760,812449872,0,0,0,1920,1080,False,2022-01-18T14:15:23.9879680+01:00
False,16,1920,1080,U8,3,1920,1080,5760,831385680,0,0,0,1920,1080,False,2022-01-18T14:15:24.0215296+01:00
False,16,1920,1080,U8,3,1920,1080,5760,844480592,0,0,0,1920,1080,False,2022-01-18T14:15:24.0557440+01:00
False,16,1920,1080,U8,3,1920,1080,5760,806215760,0,0,0,1920,1080,False,2022-01-18T14:15:24.0883712+01:00
False,16,1920,1080,U8,3,1920,1080,5760,812486736,0,0,0,1920,1080,False,2022-01-18T14:15:24.1217792+01:00
False,16,1920,1080,U8,3,1920,1080,5760,850743376,0,0,0,1920,1080,False,2022-01-18T14:15:24.1558400+01:00
False,16,1920,1080,U8,3,1920,1080,5760,988033104,0,0,0,1920,1080,False,2022-01-18T14:15:24.1885696+01:00
False,16,1920,1080,U8,3,1920,1080,5760,994332752,0,0,0,1920,1080,False,2022-01-18T14:15:24.2207488+01:00
False,16,1920,1080,U8,3,1920,1080,5760,1000665168,0,0,0,1920,1080,False,2022-01-18T14:15:24.2560640+01:00
False,16,1920,1080,U8,3,1920,1080,5760,1149931600,0,0,0,1920,1080,False,2022-01-18T14:15:24.2887424+01:00
False,16,1920,1080,U8,3,1920,1080,5760,1156227152,0,0,0,1920,1080,False,2022-01-18T14:15:24.3206912+01:00
False,16,1920,1080,U8,3,1920,1080,5760,1162539088,0,0,0,1920,1080,False,2022-01-18T14:15:24.3561856+01:00
False,16,1920,1080,U8,3,1920,1080,5760,1168801872,0,0,0,1920,1080,False,2022-01-18T14:15:24.3885312+01:00
False,16,1920,1080,U8,3,1920,1080,5760,806166608,0,0,0,1920,1080,False,2022-01-18T14:15:24.4212864+01:00
False,16,1920,1080,U8,3,1920,1080,5760,812478544,0,0,0,1920,1080,False,2022-01-18T14:15:24.4548736+01:00
False,16,1920,1080,U8,3,1920,1080,5760,818802768,0,0,0,1920,1080,False,2022-01-18T14:15:24.4889728+01:00
False,16,1920,1080,U8,3,1920,1080,5760,825086032,0,0,0,1920,1080,False,2022-01-18T14:15:24.5222528+01:00
False,16,1920,1080,U8,3,1920,1080,5760,806187088,0,0,0,1920,1080,False,2022-01-18T14:15:24.5557248+01:00
False,16,1920,1080,U8,3,1920,1080,5760,812474448,0,0,0,1920,1080,False,2022-01-18T14:15:24.5888256+01:00
False,16,1920,1080,U8,3,1920,1080,5760,831365200,0,0,0,1920,1080,False,2022-01-18T14:15:24.6222848+01:00
False,16,1920,1080,U8,3,1920,1080,5760,844468304,0,0,0,1920,1080,False,2022-01-18T14:15:24.6557056+01:00
False,16,1920,1080,U8,3,1920,1080,5760,806187088,0,0,0,1920,1080,False,2022-01-18T14:15:24.6878080+01:00
False,16,1920,1080,U8,3,1920,1080,5760,812466256,0,0,0,1920,1080,False,2022-01-18T14:15:24.7220224+01:00
False,16,1920,1080,U8,3,1920,1080,5760,850772048,0,0,0,1920,1080,False,2022-01-18T14:15:24.7550720+01:00
False,16,1920,1080,U8,3,1920,1080,5760,988078160,0,0,0,1920,1080,False,2022-01-18T14:15:24.7886080+01:00
False,16,1920,1080,U8,3,1920,1080,5760,994349136,0,0,0,1920,1080,False,2022-01-18T14:15:24.8215168+01:00
False,16,1920,1080,U8,3,1920,1080,5760,1000624208,0,0,0,1920,1080,False,2022-01-18T14:15:24.8550272+01:00
False,16,1920,1080,U8,3,1920,1080,5760,1149927504,0,0,0,1920,1080,False,2022-01-18T14:15:24.8887168+01:00
False,16,1920,1080,U8,3,1920,1080,5760,1156243536,0,0,0,1920,1080,False,2022-01-18T14:15:24.9218432+01:00
False,16,1920,1080,U8,3,1920,1080,5760,1162526800,0,0,0,1920,1080,False,2022-01-18T14:15:24.9556352+01:00
False,16,1920,1080,U8,3,1920,1080,5760,1168818256,0,0,0,1920,1080,False,2022-01-18T14:15:24.9889024+01:00
False,16,1920,1080,U8,3,1920,1080,5760,806166608,0,0,0,1920,1080,False,2022-01-18T14:15:25.0212608+01:00
False,16,1920,1080,U8,3,1920,1080,5760,812486736,0,0,0,1920,1080,False,2022-01-18T14:15:25.0558464+01:00
False,16,1920,1080,U8,3,1920,1080,5760,818794576,0,0,0,1920,1080,False,2022-01-18T14:15:25.0884224+01:00
False,16,1920,1080,U8,3,1920,1080,5760,825040976,0,0,0,1920,1080,False,2022-01-18T14:15:25.1227648+01:00
False,16,1920,1080,U8,3,1920,1080,5760,806178896,0,0,0,1920,1080,False,2022-01-18T14:15:25.1560960+01:00
False,16,1920,1080,U8,3,1920,1080,5760,812499024,0,0,0,1920,1080,False,2022-01-18T14:15:25.1881856+01:00
False,16,1920,1080,U8,3,1920,1080,5760,831336528,0,0,0,1920,1080,False,2022-01-18T14:15:25.2225920+01:00
False,16,1920,1080,U8,3,1920,1080,5760,844443728,0,0,0,1920,1080,False,2022-01-18T14:15:25.2558592+01:00
False,16,1920,1080,U8,3,1920,1080,5760,806158416,0,0,0,1920,1080,False,2022-01-18T14:15:25.2884992+01:00
False,16,1920,1080,U8,3,1920,1080,5760,812441680,0,0,0,1920,1080,False,2022-01-18T14:15:25.3218816+01:00
False,16,1920,1080,U8,3,1920,1080,5760,850722896,0,0,0,1920,1080,False,2022-01-18T14:15:25.3555328+01:00
False,16,1920,1080,U8,3,1920,1080,5760,988041296,0,0,0,1920,1080,False,2022-01-18T14:15:25.3881472+01:00
False,16,1920,1080,U8,3,1920,1080,5760,994324560,0,0,0,1920,1080,False,2022-01-18T14:15:25.4223104+01:00
False,16,1920,1080,U8,3,1920,1080,5760,1000661072,0,0,0,1920,1080,False,2022-01-18T14:15:25.4555776+01:00
False,16,1920,1080,U8,3,1920,1080,5760,1149943888,0,0,0,1920,1080,False,2022-01-18T14:15:25.4883328+01:00
False,16,1920,1080,U8,3,1920,1080,5760,1156194384,0,0,0,1920,1080,False,2022-01-18T14:15:25.5220224+01:00
False,16,1920,1080,U8,3,1920,1080,5760,1162510416,0,0,0,1920,1080,False,2022-01-18T14:15:25.5552000+01:00
False,16,1920,1080,U8,3,1920,1080,5760,1168793680,0,0,0,1920,1080,False,2022-01-18T14:15:25.5885056+01:00
False,16,1920,1080,U8,3,1920,1080,5760,806166608,0,0,0,1920,1080,False,2022-01-18T14:15:25.6211968+01:00
False,16,1920,1080,U8,3,1920,1080,5760,812462160,0,0,0,1920,1080,False,2022-01-18T14:15:25.6552576+01:00
False,16,1920,1080,U8,3,1920,1080,5760,818774096,0,0,0,1920,1080,False,2022-01-18T14:15:25.6881152+01:00
False,16,1920,1080,U8,3,1920,1080,5760,825077840,0,0,0,1920,1080,False,2022-01-18T14:15:25.7227008+01:00
False,16,1920,1080,U8,3,1920,1080,5760,806191184,0,0,0,1920,1080,False,2022-01-18T14:15:25.7563520+01:00
False,16,1920,1080,U8,3,1920,1080,5760,812511312,0,0,0,1920,1080,False,2022-01-18T14:15:25.7888896+01:00
False,16,1920,1080,U8,3,1920,1080,5760,831381584,0,0,0,1920,1080,False,2022-01-18T14:15:25.8211584+01:00
False,16,1920,1080,U8,3,1920,1080,5760,844476496,0,0,0,1920,1080,False,2022-01-18T14:15:25.8555264+01:00
False,16,1920,1080,U8,3,1920,1080,5760,806215760,0,0,0,1920,1080,False,2022-01-18T14:15:25.8878848+01:00
False,16,1920,1080,U8,3,1920,1080,5760,812482640,0,0,0,1920,1080,False,2022-01-18T14:15:25.9215488+01:00
False,16,1920,1080,U8,3,1920,1080,5760,850767952,0,0,0,1920,1080,False,2022-01-18T14:15:25.9555712+01:00
False,16,1920,1080,U8,3,1920,1080,5760,988057680,0,0,0,1920,1080,False,2022-01-18T14:15:25.9882240+01:00
False,16,1920,1080,U8,3,1920,1080,5760,994353232,0,0,0,1920,1080,False,2022-01-18T14:15:26.0213632+01:00
False,16,1920,1080,U8,3,1920,1080,5760,1000611920,0,0,0,1920,1080,False,2022-01-18T14:15:26.0551168+01:00
False,16,1920,1080,U8,3,1920,1080,5760,1149915216,0,0,0,1920,1080,False,2022-01-18T14:15:26.0879488+01:00
False,16,1920,1080,U8,3,1920,1080,5760,1156190288,0,0,0,1920,1080,False,2022-01-18T14:15:26.1207424+01:00
False,16,1920,1080,U8,3,1920,1080,5760,1162477648,0,0,0,1920,1080,False,2022-01-18T14:15:26.1555072+01:00
False,16,1920,1080,U8,3,1920,1080,5760,1168715856,0,0,0,1920,1080,False,2022-01-18T14:15:26.1899008+01:00
False,16,1920,1080,U8,3,1920,1080,5760,806166608,0,0,0,1920,1080,False,2022-01-18T14:15:26.2212992+01:00
False,16,1920,1080,U8,3,1920,1080,5760,812466256,0,0,0,1920,1080,False,2022-01-18T14:15:26.2560128+01:00
False,16,1920,1080,U8,3,1920,1080,5760,818745424,0,0,0,1920,1080,False,2022-01-18T14:15:26.2894080+01:00
False,16,1920,1080,U8,3,1920,1080,5760,825057360,0,0,0,1920,1080,False,2022-01-18T14:15:26.3214592+01:00
False,16,1920,1080,U8,3,1920,1080,5760,806166608,0,0,0,1920,1080,False,2022-01-18T14:15:26.3550208+01:00
False,16,1920,1080,U8,3,1920,1080,5760,812466256,0,0,0,1920,1080,False,2022-01-18T14:15:26.3881600+01:00
False,16,1920,1080,U8,3,1920,1080,5760,831324240,0,0,0,1920,1080,False,2022-01-18T14:15:26.4216576+01:00
False,16,1920,1080,U8,3,1920,1080,5760,844439632,0,0,0,1920,1080,False,2022-01-18T14:15:26.4567936+01:00
False,16,1920,1080,U8,3,1920,1080,5760,806203472,0,0,0,1920,1080,False,2022-01-18T14:15:26.4888192+01:00
False,16,1920,1080,U8,3,1920,1080,5760,812511312,0,0,0,1920,1080,False,2022-01-18T14:15:26.5209728+01:00
False,16,1920,1080,U8,3,1920,1080,5760,850784336,0,0,0,1920,1080,False,2022-01-18T14:15:26.5553408+01:00
False,16,1920,1080,U8,3,1920,1080,5760,988037200,0,0,0,1920,1080,False,2022-01-18T14:15:26.5881344+01:00
False,16,1920,1080,U8,3,1920,1080,5760,994316368,0,0,0,1920,1080,False,2022-01-18T14:15:26.6213248+01:00
False,16,1920,1080,U8,3,1920,1080,5760,1000656976,0,0,0,1920,1080,False,2022-01-18T14:15:26.6557056+01:00
False,16,1920,1080,U8,3,1920,1080,5760,1149931600,0,0,0,1920,1080,False,2022-01-18T14:15:26.6881920+01:00
False,16,1920,1080,U8,3,1920,1080,5760,1156194384,0,0,0,1920,1080,False,2022-01-18T14:15:26.7221248+01:00
False,16,1920,1080,U8,3,1920,1080,5760,1162494032,0,0,0,1920,1080,False,2022-01-18T14:15:26.7552128+01:00
False,16,1920,1080,U8,3,1920,1080,5760,1168793680,0,0,0,1920,1080,False,2022-01-18T14:15:26.7885184+01:00
False,16,1920,1080,U8,3,1920,1080,5760,806166608,0,0,0,1920,1080,False,2022-01-18T14:15:26.8209408+01:00
False,16,1920,1080,U8,3,1920,1080,5760,812511312,0,0,0,1920,1080,False,2022-01-18T14:15:26.8562816+01:00
False,16,1920,1080,U8,3,1920,1080,5760,818765904,0,0,0,1920,1080,False,2022-01-18T14:15:26.8883072+01:00
False,16,1920,1080,U8,3,1920,1080,5760,825077840,0,0,0,1920,1080,False,2022-01-18T14:15:26.9215488+01:00
False,16,1920,1080,U8,3,1920,1080,5760,806191184,0,0,0,1920,1080,False,2022-01-18T14:15:26.9563648+01:00
False,16,1920,1080,U8,3,1920,1080,5760,812449872,0,0,0,1920,1080,False,2022-01-18T14:15:26.9894400+01:00
False,16,1920,1080,U8,3,1920,1080,5760,831361104,0,0,0,1920,1080,False,2022-01-18T14:15:27.0217600+01:00
False,16,1920,1080,U8,3,1920,1080,5760,844435536,0,0,0,1920,1080,False,2022-01-18T14:15:27.0566272+01:00
False,16,1920,1080,U8,3,1920,1080,5760,806195280,0,0,0,1920,1080,False,2022-01-18T14:15:27.0880512+01:00
False,16,1920,1080,U8,3,1920,1080,5760,812486736,0,0,0,1920,1080,False,2022-01-18T14:15:27.1213952+01:00
False,16,1920,1080,U8,3,1920,1080,5760,850735184,0,0,0,1920,1080,False,2022-01-18T14:15:27.1565952+01:00
False,16,1920,1080,U8,3,1920,1080,5760,988029008,0,0,0,1920,1080,False,2022-01-18T14:15:27.1885440+01:00
False,16,1920,1080,U8,3,1920,1080,5760,994328656,0,0,0,1920,1080,False,2022-01-18T14:15:27.2213888+01:00
False,16,1920,1080,U8,3,1920,1080,5760,1000624208,0,0,0,1920,1080,False,2022-01-18T14:15:27.2567680+01:00
False,16,1920,1080,U8,3,1920,1080,5760,1149935696,0,0,0,1920,1080,False,2022-01-18T14:15:27.2890112+01:00
False,16,1920,1080,U8,3,1920,1080,5760,1156198480,0,0,0,1920,1080,False,2022-01-18T14:15:27.3218944+01:00
False,16,1920,1080,U8,3,1920,1080,5760,1162506320,0,0,0,1920,1080,False,2022-01-18T14:15:27.3564928+01:00
False,16,1920,1080,U8,3,1920,1080,5760,1168805968,0,0,0,1920,1080,False,2022-01-18T14:15:27.3909120+01:00
False,16,1920,1080,U8,3,1920,1080,5760,806207568,0,0,0,1920,1080,False,2022-01-18T14:15:27.4213376+01:00
False,16,1920,1080,U8,3,1920,1080,5760,812462160,0,0,0,1920,1080,False,2022-01-18T14:15:27.4566272+01:00
False,16,1920,1080,U8,3,1920,1080,5760,818794576,0,0,0,1920,1080,False,2022-01-18T14:15:27.4901248+01:00
False,16,1920,1080,U8,3,1920,1080,5760,825032784,0,0,0,1920,1080,False,2022-01-18T14:15:27.5240832+01:00
False,16,1920,1080,U8,3,1920,1080,5760,806219856,0,0,0,1920,1080,False,2022-01-18T14:15:27.5556352+01:00
False,16,1920,1080,U8,3,1920,1080,5760,812507216,0,0,0,1920,1080,False,2022-01-18T14:15:27.5883776+01:00
False,16,1920,1080,U8,3,1920,1080,5760,831320144,0,0,0,1920,1080,False,2022-01-18T14:15:27.6219136+01:00
False,16,1920,1080,U8,3,1920,1080,5760,844443728,0,0,0,1920,1080,False,2022-01-18T14:15:27.6566272+01:00
False,16,1920,1080,U8,3,1920,1080,5760,806219856,0,0,0,1920,1080,False,2022-01-18T14:15:27.6896640+01:00
False,16,1920,1080,U8,3,1920,1080,5760,812490832,0,0,0,1920,1080,False,2022-01-18T14:15:27.7212544+01:00
False,16,1920,1080,U8,3,1920,1080,5760,850747472,0,0,0,1920,1080,False,2022-01-18T14:15:27.7571200+01:00
False,16,1920,1080,U8,3,1920,1080,5760,988033104,0,0,0,1920,1080,False,2022-01-18T14:15:27.7880192+01:00
False,16,1920,1080,U8,3,1920,1080,5760,994365520,0,0,0,1920,1080,False,2022-01-18T14:15:27.8212480+01:00
False,16,1920,1080,U8,3,1920,1080,5760,1000656976,0,0,0,1920,1080,False,2022-01-18T14:15:27.8573184+01:00
False,16,1920,1080,U8,3,1920,1080,5760,1149927504,0,0,0,1920,1080,False,2022-01-18T14:15:27.8882176+01:00
False,16,1920,1080,U8,3,1920,1080,5760,1156223056,0,0,0,1920,1080,False,2022-01-18T14:15:27.9213312+01:00
False,16,1920,1080,U8,3,1920,1080,5760,1162514512,0,0,0,1920,1080,False,2022-01-18T14:15:27.9557760+01:00
False,16,1920,1080,U8,3,1920,1080,5760,1168801872,0,0,0,1920,1080,False,2022-01-18T14:15:27.9891840+01:00
False,16,1920,1080,U8,3,1920,1080,5760,806182992,0,0,0,1920,1080,False,2022-01-18T14:15:28.0216576+01:00
False,16,1920,1080,U8,3,1920,1080,5760,812449872,0,0,0,1920,1080,False,2022-01-18T14:15:28.0550272+01:00
False,16,1920,1080,U8,3,1920,1080,5760,818733136,0,0,0,1920,1080,False,2022-01-18T14:15:28.0887040+01:00
False,16,1920,1080,U8,3,1920,1080,5760,824967248,0,0,0,1920,1080,False,2022-01-18T14:15:28.1217792+01:00
False,16,1920,1080,U8,3,1920,1080,5760,806182992,0,0,0,1920,1080,False,2022-01-18T14:15:28.1553024+01:00
False,16,1920,1080,U8,3,1920,1080,5760,831250512,0,0,0,1920,1080,False,2022-01-18T14:15:28.1886208+01:00
False,16,1920,1080,U8,3,1920,1080,5760,844476496,0,0,0,1920,1080,False,2022-01-18T14:15:28.2219520+01:00
False,16,1920,1080,U8,3,1920,1080,5760,850735184,0,0,0,1920,1080,False,2022-01-18T14:15:28.2559616+01:00
False,16,1920,1080,U8,3,1920,1080,5760,806211664,0,0,0,1920,1080,False,2022-01-18T14:15:28.2895616+01:00
False,16,1920,1080,U8,3,1920,1080,5760,831209552,0,0,0,1920,1080,False,2022-01-18T14:15:28.3230080+01:00
False,16,1920,1080,U8,3,1920,1080,5760,988037200,0,0,0,1920,1080,False,2022-01-18T14:15:28.3574784+01:00
False,16,1920,1080,U8,3,1920,1080,5760,994320464,0,0,0,1920,1080,False,2022-01-18T14:15:28.3886336+01:00
False,16,1920,1080,U8,3,1920,1080,5760,1000640592,0,0,0,1920,1080,False,2022-01-18T14:15:28.4227584+01:00
False,16,1920,1080,U8,3,1920,1080,5760,812449872,0,0,0,1920,1080,False,2022-01-18T14:15:28.4569600+01:00
False,16,1920,1080,U8,3,1920,1080,5760,1149902928,0,0,0,1920,1080,False,2022-01-18T14:15:28.4893952+01:00
False,16,1920,1080,U8,3,1920,1080,5760,1156190288,0,0,0,1920,1080,False,2022-01-18T14:15:28.5211776+01:00
False,16,1920,1080,U8,3,1920,1080,5760,1162506320,0,0,0,1920,1080,False,2022-01-18T14:15:28.5556864+01:00
False,16,1920,1080,U8,3,1920,1080,5760,1168801872,0,0,0,1920,1080,False,2022-01-18T14:15:28.5888768+01:00
False,16,1920,1080,U8,3,1920,1080,5760,806166608,0,0,0,1920,1080,False,2022-01-18T14:15:28.6212608+01:00
False,16,1920,1080,U8,3,1920,1080,5760,812458064,0,0,0,1920,1080,False,2022-01-18T14:15:28.6551936+01:00
False,16,1920,1080,U8,3,1920,1080,5760,818761808,0,0,0,1920,1080,False,2022-01-18T14:15:28.6903296+01:00
False,16,1920,1080,U8,3,1920,1080,5760,825077840,0,0,0,1920,1080,False,2022-01-18T14:15:28.7235456+01:00
False,16,1920,1080,U8,3,1920,1080,5760,806187088,0,0,0,1920,1080,False,2022-01-18T14:15:28.7569536+01:00
False,16,1920,1080,U8,3,1920,1080,5760,812449872,0,0,0,1920,1080,False,2022-01-18T14:15:28.7899392+01:00
False,16,1920,1080,U8,3,1920,1080,5760,831357008,0,0,0,1920,1080,False,2022-01-18T14:15:28.8228608+01:00
False,16,1920,1080,U8,3,1920,1080,5760,844439632,0,0,0,1920,1080,False,2022-01-18T14:15:28.8574592+01:00
False,16,1920,1080,U8,3,1920,1080,5760,806215760,0,0,0,1920,1080,False,2022-01-18T14:15:28.8893056+01:00
False,16,1920,1080,U8,3,1920,1080,5760,812511312,0,0,0,1920,1080,False,2022-01-18T14:15:28.9228544+01:00
False,16,1920,1080,U8,3,1920,1080,5760,850767952,0,0,0,1920,1080,False,2022-01-18T14:15:28.9560960+01:00
False,16,1920,1080,U8,3,1920,1080,5760,988041296,0,0,0,1920,1080,False,2022-01-18T14:15:28.9885824+01:00
False,16,1920,1080,U8,3,1920,1080,5760,994312272,0,0,0,1920,1080,False,2022-01-18T14:15:29.0226816+01:00
False,16,1920,1080,U8,3,1920,1080,5760,1000579152,0,0,0,1920,1080,False,2022-01-18T14:15:29.0568192+01:00
False,16,1920,1080,U8,3,1920,1080,5760,1149956176,0,0,0,1920,1080,False,2022-01-18T14:15:29.0892416+01:00
False,16,1920,1080,U8,3,1920,1080,5760,1156231248,0,0,0,1920,1080,False,2022-01-18T14:15:29.1225344+01:00
False,16,1920,1080,U8,3,1920,1080,5760,1162481744,0,0,0,1920,1080,False,2022-01-18T14:15:29.1569664+01:00
False,16,1920,1080,U8,3,1920,1080,5760,1168805968,0,0,0,1920,1080,False,2022-01-18T14:15:29.1888640+01:00
False,16,1920,1080,U8,3,1920,1080,5760,806211664,0,0,0,1920,1080,False,2022-01-18T14:15:29.2216448+01:00
False,16,1920,1080,U8,3,1920,1080,5760,812466256,0,0,0,1920,1080,False,2022-01-18T14:15:29.2566656+01:00
False,16,1920,1080,U8,3,1920,1080,5760,818761808,0,0,0,1920,1080,False,2022-01-18T14:15:29.2888576+01:00
False,16,1920,1080,U8,3,1920,1080,5760,825036880,0,0,0,1920,1080,False,2022-01-18T14:15:29.3229184+01:00
False,16,1920,1080,U8,3,1920,1080,5760,806187088,0,0,0,1920,1080,False,2022-01-18T14:15:29.3563904+01:00
False,16,1920,1080,U8,3,1920,1080,5760,812482640,0,0,0,1920,1080,False,2022-01-18T14:15:29.3880960+01:00
False,16,1920,1080,U8,3,1920,1080,5760,831377488,0,0,0,1920,1080,False,2022-01-18T14:15:29.4229376+01:00
False,16,1920,1080,U8,3,1920,1080,5760,844439632,0,0,0,1920,1080,False,2022-01-18T14:15:29.4575744+01:00
False,16,1920,1080,U8,3,1920,1080,5760,806207568,0,0,0,1920,1080,False,2022-01-18T14:15:29.4884608+01:00
False,16,1920,1080,U8,3,1920,1080,5760,812478544,0,0,0,1920,1080,False,2022-01-18T14:15:29.5217792+01:00
False,16,1920,1080,U8,3,1920,1080,5760,850772048,0,0,0,1920,1080,False,2022-01-18T14:15:29.5559296+01:00
False,16,1920,1080,U8,3,1920,1080,5760,988029008,0,0,0,1920,1080,False,2022-01-18T14:15:29.5883776+01:00
False,16,1920,1080,U8,3,1920,1080,5760,994373712,0,0,0,1920,1080,False,2022-01-18T14:15:29.6222464+01:00
False,16,1920,1080,U8,3,1920,1080,5760,1000607824,0,0,0,1920,1080,False,2022-01-18T14:15:29.6554112+01:00
False,16,1920,1080,U8,3,1920,1080,5760,1149923408,0,0,0,1920,1080,False,2022-01-18T14:15:29.6884608+01:00
False,16,1920,1080,U8,3,1920,1080,5760,1156186192,0,0,0,1920,1080,False,2022-01-18T14:15:29.7226112+01:00
False,16,1920,1080,U8,3,1920,1080,5760,1162469456,0,0,0,1920,1080,False,2022-01-18T14:15:29.7556864+01:00
False,16,1920,1080,U8,3,1920,1080,5760,1168728144,0,0,0,1920,1080,False,2022-01-18T14:15:29.7898752+01:00
False,16,1920,1080,U8,3,1920,1080,5760,806158416,0,0,0,1920,1080,False,2022-01-18T14:15:29.8215552+01:00
False,16,1920,1080,U8,3,1920,1080,5760,812404816,0,0,0,1920,1080,False,2022-01-18T14:15:29.8566400+01:00
False,16,1920,1080,U8,3,1920,1080,5760,818724944,0,0,0,1920,1080,False,2022-01-18T14:15:29.8900096+01:00
False,16,1920,1080,U8,3,1920,1080,5760,825020496,0,0,0,1920,1080,False,2022-01-18T14:15:29.9230848+01:00
False,16,1920,1080,U8,3,1920,1080,5760,806195280,0,0,0,1920,1080,False,2022-01-18T14:15:29.9566976+01:00
False,16,1920,1080,U8,3,1920,1080,5760,831303760,0,0,0,1920,1080,False,2022-01-18T14:15:29.9893760+01:00
False,16,1920,1080,U8,3,1920,1080,5760,844472400,0,0,0,1920,1080,False,2022-01-18T14:15:30.0216448+01:00
False,16,1920,1080,U8,3,1920,1080,5760,850776144,0,0,0,1920,1080,False,2022-01-18T14:15:30.0569728+01:00
False,16,1920,1080,U8,3,1920,1080,5760,806174800,0,0,0,1920,1080,False,2022-01-18T14:15:30.0885120+01:00
False,16,1920,1080,U8,3,1920,1080,5760,831283280,0,0,0,1920,1080,False,2022-01-18T14:15:30.1227392+01:00
False,16,1920,1080,U8,3,1920,1080,5760,988029008,0,0,0,1920,1080,False,2022-01-18T14:15:30.1568512+01:00
False,16,1920,1080,U8,3,1920,1080,5760,994324560,0,0,0,1920,1080,False,2022-01-18T14:15:30.1894272+01:00
False,16,1920,1080,U8,3,1920,1080,5760,812449872,0,0,0,1920,1080,False,2022-01-18T14:15:30.2220928+01:00
False,16,1920,1080,U8,3,1920,1080,5760,1000611920,0,0,0,1920,1080,False,2022-01-18T14:15:30.2566656+01:00
False,16,1920,1080,U8,3,1920,1080,5760,1149919312,0,0,0,1920,1080,False,2022-01-18T14:15:30.2883584+01:00
False,16,1920,1080,U8,3,1920,1080,5760,1156214864,0,0,0,1920,1080,False,2022-01-18T14:15:30.3224704+01:00
False,16,1920,1080,U8,3,1920,1080,5760,1162518608,0,0,0,1920,1080,False,2022-01-18T14:15:30.3570176+01:00
False,16,1920,1080,U8,3,1920,1080,5760,1168781392,0,0,0,1920,1080,False,2022-01-18T14:15:30.3892608+01:00
False,16,1920,1080,U8,3,1920,1080,5760,806187088,0,0,0,1920,1080,False,2022-01-18T14:15:30.4218624+01:00
False,16,1920,1080,U8,3,1920,1080,5760,812474448,0,0,0,1920,1080,False,2022-01-18T14:15:30.4552448+01:00
False,16,1920,1080,U8,3,1920,1080,5760,818741328,0,0,0,1920,1080,False,2022-01-18T14:15:30.4886528+01:00
False,16,1920,1080,U8,3,1920,1080,5760,825004112,0,0,0,1920,1080,False,2022-01-18T14:15:30.5230208+01:00
False,16,1920,1080,U8,3,1920,1080,5760,806219856,0,0,0,1920,1080,False,2022-01-18T14:15:30.5557120+01:00
False,16,1920,1080,U8,3,1920,1080,5760,812474448,0,0,0,1920,1080,False,2022-01-18T14:15:30.5883648+01:00
False,16,1920,1080,U8,3,1920,1080,5760,831316048,0,0,0,1920,1080,False,2022-01-18T14:15:30.6230912+01:00
False,16,1920,1080,U8,3,1920,1080,5760,844447824,0,0,0,1920,1080,False,2022-01-18T14:15:30.6563072+01:00
False,16,1920,1080,U8,3,1920,1080,5760,806219856,0,0,0,1920,1080,False,2022-01-18T14:15:30.6893568+01:00
False,16,1920,1080,U8,3,1920,1080,5760,812499024,0,0,0,1920,1080,False,2022-01-18T14:15:30.7230080+01:00
False,16,1920,1080,U8,3,1920,1080,5760,850735184,0,0,0,1920,1080,False,2022-01-18T14:15:30.7574912+01:00
False,16,1920,1080,U8,3,1920,1080,5760,988020816,0,0,0,1920,1080,False,2022-01-18T14:15:30.7905664+01:00
False,16,1920,1080,U8,3,1920,1080,5760,994291792,0,0,0,1920,1080,False,2022-01-18T14:15:30.8228864+01:00
False,16,1920,1080,U8,3,1920,1080,5760,1000591440,0,0,0,1920,1080,False,2022-01-18T14:15:30.8566528+01:00
False,16,1920,1080,U8,3,1920,1080,5760,1149894736,0,0,0,1920,1080,False,2022-01-18T14:15:30.8904192+01:00
False,16,1920,1080,U8,3,1920,1080,5760,1156124752,0,0,0,1920,1080,False,2022-01-18T14:15:30.9233536+01:00
False,16,1920,1080,U8,3,1920,1080,5760,1162461264,0,0,0,1920,1080,False,2022-01-18T14:15:30.9567360+01:00
False,16,1920,1080,U8,3,1920,1080,5760,1168724048,0,0,0,1920,1080,False,2022-01-18T14:15:30.9904640+01:00
False,16,1920,1080,U8,3,1920,1080,5760,806203472,0,0,0,1920,1080,False,2022-01-18T14:15:31.0232064+01:00
False,16,1920,1080,U8,3,1920,1080,5760,812466256,0,0,0,1920,1080,False,2022-01-18T14:15:31.0566528+01:00
False,16,1920,1080,U8,3,1920,1080,5760,818745424,0,0,0,1920,1080,False,2022-01-18T14:15:31.0903680+01:00
False,16,1920,1080,U8,3,1920,1080,5760,825073744,0,0,0,1920,1080,False,2022-01-18T14:15:31.1242880+01:00
False,16,1920,1080,U8,3,1920,1080,5760,806215760,0,0,0,1920,1080,False,2022-01-18T14:15:31.1567488+01:00
False,16,1920,1080,U8,3,1920,1080,5760,812453968,0,0,0,1920,1080,False,2022-01-18T14:15:31.1908352+01:00
False,16,1920,1080,U8,3,1920,1080,5760,831352912,0,0,0,1920,1080,False,2022-01-18T14:15:31.2244608+01:00
False,16,1920,1080,U8,3,1920,1080,5760,844435536,0,0,0,1920,1080,False,2022-01-18T14:15:31.2575872+01:00
False,16,1920,1080,U8,3,1920,1080,5760,806195280,0,0,0,1920,1080,False,2022-01-18T14:15:31.2915584+01:00
False,16,1920,1080,U8,3,1920,1080,5760,812486736,0,0,0,1920,1080,False,2022-01-18T14:15:31.3240320+01:00
False,16,1920,1080,U8,3,1920,1080,5760,850726992,0,0,0,1920,1080,False,2022-01-18T14:15:31.3582080+01:00
False,16,1920,1080,U8,3,1920,1080,5760,988061776,0,0,0,1920,1080,False,2022-01-18T14:15:31.3905280+01:00
False,16,1920,1080,U8,3,1920,1080,5760,994373712,0,0,0,1920,1080,False,2022-01-18T14:15:31.4241408+01:00
False,16,1920,1080,U8,3,1920,1080,5760,1000652880,0,0,0,1920,1080,False,2022-01-18T14:15:31.4582400+01:00
False,16,1920,1080,U8,3,1920,1080,5760,1149952080,0,0,0,1920,1080,False,2022-01-18T14:15:31.4908416+01:00
False,16,1920,1080,U8,3,1920,1080,5760,1156247632,0,0,0,1920,1080,False,2022-01-18T14:15:31.5236608+01:00
False,16,1920,1080,U8,3,1920,1080,5760,1162514512,0,0,0,1920,1080,False,2022-01-18T14:15:31.5575040+01:00
False,16,1920,1080,U8,3,1920,1080,5760,1168781392,0,0,0,1920,1080,False,2022-01-18T14:15:31.5908480+01:00
False,16,1920,1080,U8,3,1920,1080,5760,806178896,0,0,0,1920,1080,False,2022-01-18T14:15:31.6240000+01:00
False,16,1920,1080,U8,3,1920,1080,5760,812458064,0,0,0,1920,1080,False,2022-01-18T14:15:31.6572672+01:00
False,16,1920,1080,U8,3,1920,1080,5760,818794576,0,0,0,1920,1080,False,2022-01-18T14:15:31.6910336+01:00
False,16,1920,1080,U8,3,1920,1080,5760,825081936,0,0,0,1920,1080,False,2022-01-18T14:15:31.7257728+01:00
False,16,1920,1080,U8,3,1920,1080,5760,806211664,0,0,0,1920,1080,False,2022-01-18T14:15:31.7569792+01:00
False,16,1920,1080,U8,3,1920,1080,5760,812511312,0,0,0,1920,1080,False,2022-01-18T14:15:31.7907584+01:00
False,16,1920,1080,U8,3,1920,1080,5760,831328336,0,0,0,1920,1080,False,2022-01-18T14:15:31.8232064+01:00
False,16,1920,1080,U8,3,1920,1080,5760,844443728,0,0,0,1920,1080,False,2022-01-18T14:15:31.8576896+01:00
False,16,1920,1080,U8,3,1920,1080,5760,806170704,0,0,0,1920,1080,False,2022-01-18T14:15:31.8902144+01:00
False,16,1920,1080,U8,3,1920,1080,5760,812494928,0,0,0,1920,1080,False,2022-01-18T14:15:31.9242496+01:00
False,16,1920,1080,U8,3,1920,1080,5760,850776144,0,0,0,1920,1080,False,2022-01-18T14:15:31.9576704+01:00
False,16,1920,1080,U8,3,1920,1080,5760,988078160,0,0,0,1920,1080,False,2022-01-18T14:15:31.9911680+01:00
False,16,1920,1080,U8,3,1920,1080,5760,994328656,0,0,0,1920,1080,False,2022-01-18T14:15:32.0239488+01:00
False,16,1920,1080,U8,3,1920,1080,5760,1000636496,0,0,0,1920,1080,False,2022-01-18T14:15:32.0572544+01:00
False,16,1920,1080,U8,3,1920,1080,5760,1149935696,0,0,0,1920,1080,False,2022-01-18T14:15:32.0915072+01:00
False,16,1920,1080,U8,3,1920,1080,5760,1156202576,0,0,0,1920,1080,False,2022-01-18T14:15:32.1242240+01:00
False,16,1920,1080,U8,3,1920,1080,5760,1162514512,0,0,0,1920,1080,False,2022-01-18T14:15:32.1572224+01:00
False,16,1920,1080,U8,3,1920,1080,5760,1168777296,0,0,0,1920,1080,False,2022-01-18T14:15:32.1919104+01:00
False,16,1920,1080,U8,3,1920,1080,5760,806215760,0,0,0,1920,1080,False,2022-01-18T14:15:32.2240384+01:00
False,16,1920,1080,U8,3,1920,1080,5760,812507216,0,0,0,1920,1080,False,2022-01-18T14:15:32.2568704+01:00
False,16,1920,1080,U8,3,1920,1080,5760,818790480,0,0,0,1920,1080,False,2022-01-18T14:15:32.2912768+01:00
False,16,1920,1080,U8,3,1920,1080,5760,825036880,0,0,0,1920,1080,False,2022-01-18T14:15:32.3245184+01:00
False,16,1920,1080,U8,3,1920,1080,5760,806166608,0,0,0,1920,1080,False,2022-01-18T14:15:32.3568768+01:00
False,16,1920,1080,U8,3,1920,1080,5760,812482640,0,0,0,1920,1080,False,2022-01-18T14:15:32.3912960+01:00
False,16,1920,1080,U8,3,1920,1080,5760,831332432,0,0,0,1920,1080,False,2022-01-18T14:15:32.4234112+01:00
False,16,1920,1080,U8,3,1920,1080,5760,844443728,0,0,0,1920,1080,False,2022-01-18T14:15:32.4575104+01:00
False,16,1920,1080,U8,3,1920,1080,5760,806162512,0,0,0,1920,1080,False,2022-01-18T14:15:32.4909184+01:00
False,16,1920,1080,U8,3,1920,1080,5760,812474448,0,0,0,1920,1080,False,2022-01-18T14:15:32.5236992+01:00
False,16,1920,1080,U8,3,1920,1080,5760,850776144,0,0,0,1920,1080,False,2022-01-18T14:15:32.5585152+01:00
False,16,1920,1080,U8,3,1920,1080,5760,988024912,0,0,0,1920,1080,False,2022-01-18T14:15:32.5907328+01:00
False,16,1920,1080,U8,3,1920,1080,5760,994328656,0,0,0,1920,1080,False,2022-01-18T14:15:32.6240128+01:00
False,16,1920,1080,U8,3,1920,1080,5760,1000661072,0,0,0,1920,1080,False,2022-01-18T14:15:32.6574592+01:00
False,16,1920,1080,U8,3,1920,1080,5760,1149947984,0,0,0,1920,1080,False,2022-01-18T14:15:32.6898304+01:00
False,16,1920,1080,U8,3,1920,1080,5760,1156223056,0,0,0,1920,1080,False,2022-01-18T14:15:32.7238016+01:00
False,16,1920,1080,U8,3,1920,1080,5760,1162514512,0,0,0,1920,1080,False,2022-01-18T14:15:32.7569152+01:00
False,16,1920,1080,U8,3,1920,1080,5760,1168826448,0,0,0,1920,1080,False,2022-01-18T14:15:32.7917056+01:00
False,16,1920,1080,U8,3,1920,1080,5760,806203472,0,0,0,1920,1080,False,2022-01-18T14:15:32.8236800+01:00
False,16,1920,1080,U8,3,1920,1080,5760,812462160,0,0,0,1920,1080,False,2022-01-18T14:15:32.8571136+01:00
False,16,1920,1080,U8,3,1920,1080,5760,818782288,0,0,0,1920,1080,False,2022-01-18T14:15:32.8914944+01:00
False,16,1920,1080,U8,3,1920,1080,5760,825049168,0,0,0,1920,1080,False,2022-01-18T14:15:32.9246848+01:00
False,16,1920,1080,U8,3,1920,1080,5760,806158416,0,0,0,1920,1080,False,2022-01-18T14:15:32.9568256+01:00
False,16,1920,1080,U8,3,1920,1080,5760,812388432,0,0,0,1920,1080,False,2022-01-18T14:15:32.9906816+01:00
False,16,1920,1080,U8,3,1920,1080,5760,831385680,0,0,0,1920,1080,False,2022-01-18T14:15:33.0242304+01:00
False,16,1920,1080,U8,3,1920,1080,5760,844472400,0,0,0,1920,1080,False,2022-01-18T14:15:33.0573312+01:00
False,16,1920,1080,U8,3,1920,1080,5760,806187088,0,0,0,1920,1080,False,2022-01-18T14:15:33.0897408+01:00
False,16,1920,1080,U8,3,1920,1080,5760,812478544,0,0,0,1920,1080,False,2022-01-18T14:15:33.1240192+01:00
False,16,1920,1080,U8,3,1920,1080,5760,850747472,0,0,0,1920,1080,False,2022-01-18T14:15:33.1574528+01:00
False,16,1920,1080,U8,3,1920,1080,5760,988041296,0,0,0,1920,1080,False,2022-01-18T14:15:33.1908096+01:00
False,16,1920,1080,U8,3,1920,1080,5760,994336848,0,0,0,1920,1080,False,2022-01-18T14:15:33.2228096+01:00
False,16,1920,1080,U8,3,1920,1080,5760,1000636496,0,0,0,1920,1080,False,2022-01-18T14:15:33.2576512+01:00
False,16,1920,1080,U8,3,1920,1080,5760,1149911120,0,0,0,1920,1080,False,2022-01-18T14:15:33.2907520+01:00
False,16,1920,1080,U8,3,1920,1080,5760,1156239440,0,0,0,1920,1080,False,2022-01-18T14:15:33.3242496+01:00
False,16,1920,1080,U8,3,1920,1080,5760,1162518608,0,0,0,1920,1080,False,2022-01-18T14:15:33.3573504+01:00
False,16,1920,1080,U8,3,1920,1080,5760,1168785488,0,0,0,1920,1080,False,2022-01-18T14:15:33.3906944+01:00
False,16,1920,1080,U8,3,1920,1080,5760,806182992,0,0,0,1920,1080,False,2022-01-18T14:15:33.4231680+01:00
False,16,1920,1080,U8,3,1920,1080,5760,812507216,0,0,0,1920,1080,False,2022-01-18T14:15:33.4572544+01:00
False,16,1920,1080,U8,3,1920,1080,5760,818778192,0,0,0,1920,1080,False,2022-01-18T14:15:33.4905856+01:00
False,16,1920,1080,U8,3,1920,1080,5760,825086032,0,0,0,1920,1080,False,2022-01-18T14:15:33.5238272+01:00
False,16,1920,1080,U8,3,1920,1080,5760,806219856,0,0,0,1920,1080,False,2022-01-18T14:15:33.5570560+01:00
False,16,1920,1080,U8,3,1920,1080,5760,812482640,0,0,0,1920,1080,False,2022-01-18T14:15:33.5899776+01:00
False,16,1920,1080,U8,3,1920,1080,5760,831365200,0,0,0,1920,1080,False,2022-01-18T14:15:33.6233984+01:00
False,16,1920,1080,U8,3,1920,1080,5760,844431440,0,0,0,1920,1080,False,2022-01-18T14:15:33.6579968+01:00
False,16,1920,1080,U8,3,1920,1080,5760,806191184,0,0,0,1920,1080,False,2022-01-18T14:15:33.6900864+01:00
False,16,1920,1080,U8,3,1920,1080,5760,812511312,0,0,0,1920,1080,False,2022-01-18T14:15:33.7235200+01:00
False,16,1920,1080,U8,3,1920,1080,5760,850661456,0,0,0,1920,1080,False,2022-01-18T14:15:33.7575424+01:00
False,16,1920,1080,U8,3,1920,1080,5760,988029008,0,0,0,1920,1080,False,2022-01-18T14:15:33.7912832+01:00
False,16,1920,1080,U8,3,1920,1080,5760,994312272,0,0,0,1920,1080,False,2022-01-18T14:15:33.8231936+01:00
False,16,1920,1080,U8,3,1920,1080,5760,1000595536,0,0,0,1920,1080,False,2022-01-18T14:15:33.8576768+01:00
False,16,1920,1080,U8,3,1920,1080,5760,1149898832,0,0,0,1920,1080,False,2022-01-18T14:15:33.8902784+01:00
False,16,1920,1080,U8,3,1920,1080,5760,1156202576,0,0,0,1920,1080,False,2022-01-18T14:15:33.9239936+01:00
False,16,1920,1080,U8,3,1920,1080,5760,1162539088,0,0,0,1920,1080,False,2022-01-18T14:15:33.9574272+01:00
False,16,1920,1080,U8,3,1920,1080,5760,1168789584,0,0,0,1920,1080,False,2022-01-18T14:15:33.9908224+01:00
False,16,1920,1080,U8,3,1920,1080,5760,806203472,0,0,0,1920,1080,False,2022-01-18T14:15:34.0230912+01:00
False,16,1920,1080,U8,3,1920,1080,5760,812507216,0,0,0,1920,1080,False,2022-01-18T14:15:34.0568320+01:00
False,16,1920,1080,U8,3,1920,1080,5760,818745424,0,0,0,1920,1080,False,2022-01-18T14:15:34.0903552+01:00
False,16,1920,1080,U8,3,1920,1080,5760,825081936,0,0,0,1920,1080,False,2022-01-18T14:15:34.1248384+01:00
False,16,1920,1080,U8,3,1920,1080,5760,806174800,0,0,0,1920,1080,False,2022-01-18T14:15:34.1572096+01:00
False,16,1920,1080,U8,3,1920,1080,5760,812486736,0,0,0,1920,1080,False,2022-01-18T14:15:34.1904128+01:00
False,16,1920,1080,U8,3,1920,1080,5760,831361104,0,0,0,1920,1080,False,2022-01-18T14:15:34.2239616+01:00
False,16,1920,1080,U8,3,1920,1080,5760,844488784,0,0,0,1920,1080,False,2022-01-18T14:15:34.2580480+01:00
False,16,1920,1080,U8,3,1920,1080,5760,806219856,0,0,0,1920,1080,False,2022-01-18T14:15:34.2903424+01:00
False,16,1920,1080,U8,3,1920,1080,5760,812499024,0,0,0,1920,1080,False,2022-01-18T14:15:34.3234688+01:00
False,16,1920,1080,U8,3,1920,1080,5760,850763856,0,0,0,1920,1080,False,2022-01-18T14:15:34.3578112+01:00
False,16,1920,1080,U8,3,1920,1080,5760,988024912,0,0,0,1920,1080,False,2022-01-18T14:15:34.3906432+01:00
False,16,1920,1080,U8,3,1920,1080,5760,994357328,0,0,0,1920,1080,False,2022-01-18T14:15:34.4233856+01:00
False,16,1920,1080,U8,3,1920,1080,5760,1000656976,0,0,0,1920,1080,False,2022-01-18T14:15:34.4580480+01:00
False,16,1920,1080,U8,3,1920,1080,5760,1149911120,0,0,0,1920,1080,False,2022-01-18T14:15:34.4904704+01:00
False,16,1920,1080,U8,3,1920,1080,5760,1156218960,0,0,0,1920,1080,False,2022-01-18T14:15:34.5243520+01:00
False,16,1920,1080,U8,3,1920,1080,5760,1162489936,0,0,0,1920,1080,False,2022-01-18T14:15:34.5577472+01:00
False,16,1920,1080,U8,3,1920,1080,5760,1168769104,0,0,0,1920,1080,False,2022-01-18T14:15:34.5915008+01:00
False,16,1920,1080,U8,3,1920,1080,5760,806170704,0,0,0,1920,1080,False,2022-01-18T14:15:34.6244224+01:00
False,16,1920,1080,U8,3,1920,1080,5760,812511312,0,0,0,1920,1080,False,2022-01-18T14:15:34.6573952+01:00
False,16,1920,1080,U8,3,1920,1080,5760,818741328,0,0,0,1920,1080,False,2022-01-18T14:15:34.6911232+01:00
False,16,1920,1080,U8,3,1920,1080,5760,825016400,0,0,0,1920,1080,False,2022-01-18T14:15:34.7257984+01:00
False,16,1920,1080,U8,3,1920,1080,5760,806158416,0,0,0,1920,1080,False,2022-01-18T14:15:34.7578368+01:00
False,16,1920,1080,U8,3,1920,1080,5760,812425296,0,0,0,1920,1080,False,2022-01-18T14:15:34.7908096+01:00
False,16,1920,1080,U8,3,1920,1080,5760,831320144,0,0,0,1920,1080,False,2022-01-18T14:15:34.8238080+01:00
False,16,1920,1080,U8,3,1920,1080,5760,844480592,0,0,0,1920,1080,False,2022-01-18T14:15:34.8581760+01:00
False,16,1920,1080,U8,3,1920,1080,5760,806219856,0,0,0,1920,1080,False,2022-01-18T14:15:34.8904064+01:00
False,16,1920,1080,U8,3,1920,1080,5760,812494928,0,0,0,1920,1080,False,2022-01-18T14:15:34.9248256+01:00
False,16,1920,1080,U8,3,1920,1080,5760,850784336,0,0,0,1920,1080,False,2022-01-18T14:15:34.9582464+01:00
False,16,1920,1080,U8,3,1920,1080,5760,988065872,0,0,0,1920,1080,False,2022-01-18T14:15:34.9903872+01:00
False,16,1920,1080,U8,3,1920,1080,5760,994345040,0,0,0,1920,1080,False,2022-01-18T14:15:35.0245504+01:00
False,16,1920,1080,U8,3,1920,1080,5760,1000620112,0,0,0,1920,1080,False,2022-01-18T14:15:35.0581760+01:00
False,16,1920,1080,U8,3,1920,1080,5760,1149927504,0,0,0,1920,1080,False,2022-01-18T14:15:35.0905728+01:00
False,16,1920,1080,U8,3,1920,1080,5760,1156190288,0,0,0,1920,1080,False,2022-01-18T14:15:35.1248384+01:00
False,16,1920,1080,U8,3,1920,1080,5760,1162477648,0,0,0,1920,1080,False,2022-01-18T14:15:35.1581568+01:00
False,16,1920,1080,U8,3,1920,1080,5760,1168728144,0,0,0,1920,1080,False,2022-01-18T14:15:35.1916160+01:00
False,16,1920,1080,U8,3,1920,1080,5760,806219856,0,0,0,1920,1080,False,2022-01-18T14:15:35.2248704+01:00
False,16,1920,1080,U8,3,1920,1080,5760,812474448,0,0,0,1920,1080,False,2022-01-18T14:15:35.2577920+01:00
False,16,1920,1080,U8,3,1920,1080,5760,818778192,0,0,0,1920,1080,False,2022-01-18T14:15:35.2912000+01:00
False,16,1920,1080,U8,3,1920,1080,5760,825090128,0,0,0,1920,1080,False,2022-01-18T14:15:35.3246208+01:00
False,16,1920,1080,U8,3,1920,1080,5760,806162512,0,0,0,1920,1080,False,2022-01-18T14:15:35.3579264+01:00
False,16,1920,1080,U8,3,1920,1080,5760,812507216,0,0,0,1920,1080,False,2022-01-18T14:15:35.3909760+01:00
False,16,1920,1080,U8,3,1920,1080,5760,831324240,0,0,0,1920,1080,False,2022-01-18T14:15:35.4252416+01:00
False,16,1920,1080,U8,3,1920,1080,5760,844439632,0,0,0,1920,1080,False,2022-01-18T14:15:35.4585728+01:00
False,16,1920,1080,U8,3,1920,1080,5760,806170704,0,0,0,1920,1080,False,2022-01-18T14:15:35.4907904+01:00
False,16,1920,1080,U8,3,1920,1080,5760,812486736,0,0,0,1920,1080,False,2022-01-18T14:15:35.5238144+01:00
False,16,1920,1080,U8,3,1920,1080,5760,850767952,0,0,0,1920,1080,False,2022-01-18T14:15:35.5581824+01:00
False,16,1920,1080,U8,3,1920,1080,5760,988078160,0,0,0,1920,1080,False,2022-01-18T14:15:35.5909376+01:00
False,16,1920,1080,U8,3,1920,1080,5760,994373712,0,0,0,1920,1080,False,2022-01-18T14:15:35.6248192+01:00
False,16,1920,1080,U8,3,1920,1080,5760,1000644688,0,0,0,1920,1080,False,2022-01-18T14:15:35.6581248+01:00
False,16,1920,1080,U8,3,1920,1080,5760,1149952080,0,0,0,1920,1080,False,2022-01-18T14:15:35.6908800+01:00
False,16,1920,1080,U8,3,1920,1080,5760,1156190288,0,0,0,1920,1080,False,2022-01-18T14:15:35.7247232+01:00
False,16,1920,1080,U8,3,1920,1080,5760,1162477648,0,0,0,1920,1080,False,2022-01-18T14:15:35.7577600+01:00
False,16,1920,1080,U8,3,1920,1080,5760,1168740432,0,0,0,1920,1080,False,2022-01-18T14:15:35.7913984+01:00
False,16,1920,1080,U8,3,1920,1080,5760,806178896,0,0,0,1920,1080,False,2022-01-18T14:15:35.8247296+01:00
False,16,1920,1080,U8,3,1920,1080,5760,812503120,0,0,0,1920,1080,False,2022-01-18T14:15:35.8582784+01:00
False,16,1920,1080,U8,3,1920,1080,5760,818786384,0,0,0,1920,1080,False,2022-01-18T14:15:35.8913280+01:00
False,16,1920,1080,U8,3,1920,1080,5760,825077840,0,0,0,1920,1080,False,2022-01-18T14:15:35.9272704+01:00
False,16,1920,1080,U8,3,1920,1080,5760,806166608,0,0,0,1920,1080,False,2022-01-18T14:15:35.9576704+01:00
False,16,1920,1080,U8,3,1920,1080,5760,812458064,0,0,0,1920,1080,False,2022-01-18T14:15:35.9906560+01:00
False,16,1920,1080,U8,3,1920,1080,5760,831336528,0,0,0,1920,1080,False,2022-01-18T14:15:36.0251008+01:00
False,16,1920,1080,U8,3,1920,1080,5760,844492880,0,0,0,1920,1080,False,2022-01-18T14:15:36.0584576+01:00
False,16,1920,1080,U8,3,1920,1080,5760,806187088,0,0,0,1920,1080,False,2022-01-18T14:15:36.0904448+01:00
False,16,1920,1080,U8,3,1920,1080,5760,812458064,0,0,0,1920,1080,False,2022-01-18T14:15:36.1248256+01:00
False,16,1920,1080,U8,3,1920,1080,5760,850739280,0,0,0,1920,1080,False,2022-01-18T14:15:36.1582080+01:00
False,16,1920,1080,U8,3,1920,1080,5760,988078160,0,0,0,1920,1080,False,2022-01-18T14:15:36.1904256+01:00
False,16,1920,1080,U8,3,1920,1080,5760,994349136,0,0,0,1920,1080,False,2022-01-18T14:15:36.2235904+01:00
False,16,1920,1080,U8,3,1920,1080,5760,1000616016,0,0,0,1920,1080,False,2022-01-18T14:15:36.2584448+01:00
False,16,1920,1080,U8,3,1920,1080,5760,1149952080,0,0,0,1920,1080,False,2022-01-18T14:15:36.2912128+01:00
False,16,1920,1080,U8,3,1920,1080,5760,1156227152,0,0,0,1920,1080,False,2022-01-18T14:15:36.3251968+01:00
False,16,1920,1080,U8,3,1920,1080,5760,1162526800,0,0,0,1920,1080,False,2022-01-18T14:15:36.3583872+01:00
False,16,1920,1080,U8,3,1920,1080,5760,1168818256,0,0,0,1920,1080,False,2022-01-18T14:15:36.3919488+01:00
False,16,1920,1080,U8,3,1920,1080,5760,806211664,0,0,0,1920,1080,False,2022-01-18T14:15:36.4252416+01:00
False,16,1920,1080,U8,3,1920,1080,5760,812466256,0,0,0,1920,1080,False,2022-01-18T14:15:36.4581632+01:00
False,16,1920,1080,U8,3,1920,1080,5760,818749520,0,0,0,1920,1080,False,2022-01-18T14:15:36.4916736+01:00
False,16,1920,1080,U8,3,1920,1080,5760,825081936,0,0,0,1920,1080,False,2022-01-18T14:15:36.5259392+01:00
False,16,1920,1080,U8,3,1920,1080,5760,806195280,0,0,0,1920,1080,False,2022-01-18T14:15:36.5582208+01:00
False,16,1920,1080,U8,3,1920,1080,5760,812462160,0,0,0,1920,1080,False,2022-01-18T14:15:36.5906816+01:00
False,16,1920,1080,U8,3,1920,1080,5760,831357008,0,0,0,1920,1080,False,2022-01-18T14:15:36.6256256+01:00
False,16,1920,1080,U8,3,1920,1080,5760,844431440,0,0,0,1920,1080,False,2022-01-18T14:15:36.6590976+01:00
False,16,1920,1080,U8,3,1920,1080,5760,806211664,0,0,0,1920,1080,False,2022-01-18T14:15:36.6909184+01:00
False,16,1920,1080,U8,3,1920,1080,5760,812494928,0,0,0,1920,1080,False,2022-01-18T14:15:36.7253504+01:00
False,16,1920,1080,U8,3,1920,1080,5760,850661456,0,0,0,1920,1080,False,2022-01-18T14:15:36.7582976+01:00
False,16,1920,1080,U8,3,1920,1080,5760,988020816,0,0,0,1920,1080,False,2022-01-18T14:15:36.7902720+01:00
False,16,1920,1080,U8,3,1920,1080,5760,994263120,0,0,0,1920,1080,False,2022-01-18T14:15:36.8254336+01:00
False,16,1920,1080,U8,3,1920,1080,5760,1000562768,0,0,0,1920,1080,False,2022-01-18T14:15:36.8585088+01:00
False,16,1920,1080,U8,3,1920,1080,5760,1149956176,0,0,0,1920,1080,False,2022-01-18T14:15:36.8906240+01:00
False,16,1920,1080,U8,3,1920,1080,5760,1156239440,0,0,0,1920,1080,False,2022-01-18T14:15:36.9253888+01:00
False,16,1920,1080,U8,3,1920,1080,5760,1162510416,0,0,0,1920,1080,False,2022-01-18T14:15:36.9581056+01:00
False,16,1920,1080,U8,3,1920,1080,5760,1168818256,0,0,0,1920,1080,False,2022-01-18T14:15:36.9916160+01:00
False,16,1920,1080,U8,3,1920,1080,5760,806162512,0,0,0,1920,1080,False,2022-01-18T14:15:37.0245248+01:00
False,16,1920,1080,U8,3,1920,1080,5760,812486736,0,0,0,1920,1080,False,2022-01-18T14:15:37.0574976+01:00
False,16,1920,1080,U8,3,1920,1080,5760,818745424,0,0,0,1920,1080,False,2022-01-18T14:15:37.0911616+01:00
False,16,1920,1080,U8,3,1920,1080,5760,825077840,0,0,0,1920,1080,False,2022-01-18T14:15:37.1257600+01:00
False,16,1920,1080,U8,3,1920,1080,5760,806207568,0,0,0,1920,1080,False,2022-01-18T14:15:37.1576064+01:00
False,16,1920,1080,U8,3,1920,1080,5760,812486736,0,0,0,1920,1080,False,2022-01-18T14:15:37.1901184+01:00
False,16,1920,1080,U8,3,1920,1080,5760,831348816,0,0,0,1920,1080,False,2022-01-18T14:15:37.2251648+01:00
False,16,1920,1080,U8,3,1920,1080,5760,844431440,0,0,0,1920,1080,False,2022-01-18T14:15:37.2584960+01:00
False,16,1920,1080,U8,3,1920,1080,5760,806219856,0,0,0,1920,1080,False,2022-01-18T14:15:37.2902144+01:00
False,16,1920,1080,U8,3,1920,1080,5760,812466256,0,0,0,1920,1080,False,2022-01-18T14:15:37.3248896+01:00
False,16,1920,1080,U8,3,1920,1080,5760,850698320,0,0,0,1920,1080,False,2022-01-18T14:15:37.3578880+01:00
False,16,1920,1080,U8,3,1920,1080,5760,988049488,0,0,0,1920,1080,False,2022-01-18T14:15:37.3916544+01:00
False,16,1920,1080,U8,3,1920,1080,5760,994316368,0,0,0,1920,1080,False,2022-01-18T14:15:37.4229888+01:00
False,16,1920,1080,U8,3,1920,1080,5760,1000656976,0,0,0,1920,1080,False,2022-01-18T14:15:37.4568448+01:00
False,16,1920,1080,U8,3,1920,1080,5760,1149947984,0,0,0,1920,1080,False,2022-01-18T14:15:37.4917248+01:00
False,16,1920,1080,U8,3,1920,1080,5760,1156227152,0,0,0,1920,1080,False,2022-01-18T14:15:37.5245568+01:00
False,16,1920,1080,U8,3,1920,1080,5760,1162510416,0,0,0,1920,1080,False,2022-01-18T14:15:37.5579520+01:00
False,16,1920,1080,U8,3,1920,1080,5760,1168781392,0,0,0,1920,1080,False,2022-01-18T14:15:37.5910656+01:00
False,16,1920,1080,U8,3,1920,1080,5760,806215760,0,0,0,1920,1080,False,2022-01-18T14:15:37.6235520+01:00
False,16,1920,1080,U8,3,1920,1080,5760,812490832,0,0,0,1920,1080,False,2022-01-18T14:15:37.6564608+01:00
False,16,1920,1080,U8,3,1920,1080,5760,818761808,0,0,0,1920,1080,False,2022-01-18T14:15:37.6913024+01:00
False,16,1920,1080,U8,3,1920,1080,5760,825090128,0,0,0,1920,1080,False,2022-01-18T14:15:37.7248000+01:00
False,16,1920,1080,U8,3,1920,1080,5760,806162512,0,0,0,1920,1080,False,2022-01-18T14:15:37.7569152+01:00
False,16,1920,1080,U8,3,1920,1080,5760,812499024,0,0,0,1920,1080,False,2022-01-18T14:15:37.7895936+01:00
False,16,1920,1080,U8,3,1920,1080,5760,831336528,0,0,0,1920,1080,False,2022-01-18T14:15:37.8241792+01:00
False,16,1920,1080,U8,3,1920,1080,5760,844435536,0,0,0,1920,1080,False,2022-01-18T14:15:37.8573952+01:00
False,16,1920,1080,U8,3,1920,1080,5760,806211664,0,0,0,1920,1080,False,2022-01-18T14:15:37.8908672+01:00
False,16,1920,1080,U8,3,1920,1080,5760,812466256,0,0,0,1920,1080,False,2022-01-18T14:15:37.9241984+01:00
False,16,1920,1080,U8,3,1920,1080,5760,850772048,0,0,0,1920,1080,False,2022-01-18T14:15:37.9572224+01:00
False,16,1920,1080,U8,3,1920,1080,5760,988053584,0,0,0,1920,1080,False,2022-01-18T14:15:37.9910400+01:00
False,16,1920,1080,U8,3,1920,1080,5760,994324560,0,0,0,1920,1080,False,2022-01-18T14:15:38.0236032+01:00
False,16,1920,1080,U8,3,1920,1080,5760,1000611920,0,0,0,1920,1080,False,2022-01-18T14:15:38.0583424+01:00
False,16,1920,1080,U8,3,1920,1080,5760,1149943888,0,0,0,1920,1080,False,2022-01-18T14:15:38.0907136+01:00
False,16,1920,1080,U8,3,1920,1080,5760,1156202576,0,0,0,1920,1080,False,2022-01-18T14:15:38.1238656+01:00
False,16,1920,1080,U8,3,1920,1080,5760,1162498128,0,0,0,1920,1080,False,2022-01-18T14:15:38.1570304+01:00
False,16,1920,1080,U8,3,1920,1080,5760,1168801872,0,0,0,1920,1080,False,2022-01-18T14:15:38.1903232+01:00
False,16,1920,1080,U8,3,1920,1080,5760,806195280,0,0,0,1920,1080,False,2022-01-18T14:15:38.2238080+01:00
False,16,1920,1080,U8,3,1920,1080,5760,812462160,0,0,0,1920,1080,False,2022-01-18T14:15:38.2574592+01:00
False,16,1920,1080,U8,3,1920,1080,5760,818765904,0,0,0,1920,1080,False,2022-01-18T14:15:38.2897024+01:00
False,16,1920,1080,U8,3,1920,1080,5760,825094224,0,0,0,1920,1080,False,2022-01-18T14:15:38.3242752+01:00
False,16,1920,1080,U8,3,1920,1080,5760,806215760,0,0,0,1920,1080,False,2022-01-18T14:15:38.3564800+01:00
False,16,1920,1080,U8,3,1920,1080,5760,812453968,0,0,0,1920,1080,False,2022-01-18T14:15:38.3910784+01:00
False,16,1920,1080,U8,3,1920,1080,5760,831361104,0,0,0,1920,1080,False,2022-01-18T14:15:38.4244480+01:00
False,16,1920,1080,U8,3,1920,1080,5760,844468304,0,0,0,1920,1080,False,2022-01-18T14:15:38.4582528+01:00
False,16,1920,1080,U8,3,1920,1080,5760,806215760,0,0,0,1920,1080,False,2022-01-18T14:15:38.4890624+01:00
False,16,1920,1080,U8,3,1920,1080,5760,812507216,0,0,0,1920,1080,False,2022-01-18T14:15:38.5234944+01:00
False,16,1920,1080,U8,3,1920,1080,5760,850743376,0,0,0,1920,1080,False,2022-01-18T14:15:38.5569280+01:00
False,16,1920,1080,U8,3,1920,1080,5760,988057680,0,0,0,1920,1080,False,2022-01-18T14:15:38.5906560+01:00
False,16,1920,1080,U8,3,1920,1080,5760,994365520,0,0,0,1920,1080,False,2022-01-18T14:15:38.6250880+01:00
False,16,1920,1080,U8,3,1920,1080,5760,1000656976,0,0,0,1920,1080,False,2022-01-18T14:15:38.6582656+01:00
False,16,1920,1080,U8,3,1920,1080,5760,1149911120,0,0,0,1920,1080,False,2022-01-18T14:15:38.6907136+01:00
False,16,1920,1080,U8,3,1920,1080,5760,1156218960,0,0,0,1920,1080,False,2022-01-18T14:15:38.7253120+01:00
False,16,1920,1080,U8,3,1920,1080,5760,1162481744,0,0,0,1920,1080,False,2022-01-18T14:15:38.7585408+01:00
False,16,1920,1080,U8,3,1920,1080,5760,1168826448,0,0,0,1920,1080,False,2022-01-18T14:15:38.7918464+01:00
False,16,1920,1080,U8,3,1920,1080,5760,806174800,0,0,0,1920,1080,False,2022-01-18T14:15:38.8241920+01:00
False,16,1920,1080,U8,3,1920,1080,5760,812499024,0,0,0,1920,1080,False,2022-01-18T14:15:38.8576896+01:00
False,16,1920,1080,U8,3,1920,1080,5760,818761808,0,0,0,1920,1080,False,2022-01-18T14:15:38.8915200+01:00
False,16,1920,1080,U8,3,1920,1080,5760,825090128,0,0,0,1920,1080,False,2022-01-18T14:15:38.9257216+01:00
False,16,1920,1080,U8,3,1920,1080,5760,806203472,0,0,0,1920,1080,False,2022-01-18T14:15:38.9590656+01:00
False,16,1920,1080,U8,3,1920,1080,5760,812482640,0,0,0,1920,1080,False,2022-01-18T14:15:38.9907712+01:00
False,16,1920,1080,U8,3,1920,1080,5760,831340624,0,0,0,1920,1080,False,2022-01-18T14:15:39.0256384+01:00
False,16,1920,1080,U8,3,1920,1080,5760,844456016,0,0,0,1920,1080,False,2022-01-18T14:15:39.0586368+01:00
False,16,1920,1080,U8,3,1920,1080,5760,806219856,0,0,0,1920,1080,False,2022-01-18T14:15:39.0902784+01:00
False,16,1920,1080,U8,3,1920,1080,5760,812486736,0,0,0,1920,1080,False,2022-01-18T14:15:39.1256704+01:00
False,16,1920,1080,U8,3,1920,1080,5760,850767952,0,0,0,1920,1080,False,2022-01-18T14:15:39.1586560+01:00
False,16,1920,1080,U8,3,1920,1080,5760,988029008,0,0,0,1920,1080,False,2022-01-18T14:15:39.1907968+01:00
False,16,1920,1080,U8,3,1920,1080,5760,994369616,0,0,0,1920,1080,False,2022-01-18T14:15:39.2248448+01:00
False,16,1920,1080,U8,3,1920,1080,5760,1000632400,0,0,0,1920,1080,False,2022-01-18T14:15:39.2578688+01:00
False,16,1920,1080,U8,3,1920,1080,5760,1149898832,0,0,0,1920,1080,False,2022-01-18T14:15:39.2903040+01:00
False,16,1920,1080,U8,3,1920,1080,5760,1156190288,0,0,0,1920,1080,False,2022-01-18T14:15:39.3234688+01:00
False,16,1920,1080,U8,3,1920,1080,5760,1162539088,0,0,0,1920,1080,False,2022-01-18T14:15:39.3580288+01:00
False,16,1920,1080,U8,3,1920,1080,5760,1168826448,0,0,0,1920,1080,False,2022-01-18T14:15:39.3899776+01:00
False,16,1920,1080,U8,3,1920,1080,5760,806166608,0,0,0,1920,1080,False,2022-01-18T14:15:39.4248576+01:00
False,16,1920,1080,U8,3,1920,1080,5760,812453968,0,0,0,1920,1080,False,2022-01-18T14:15:39.4579712+01:00
False,16,1920,1080,U8,3,1920,1080,5760,818786384,0,0,0,1920,1080,False,2022-01-18T14:15:39.4915712+01:00
False,16,1920,1080,U8,3,1920,1080,5760,825077840,0,0,0,1920,1080,False,2022-01-18T14:15:39.5241088+01:00
False,16,1920,1080,U8,3,1920,1080,5760,806166608,0,0,0,1920,1080,False,2022-01-18T14:15:39.5575040+01:00
False,16,1920,1080,U8,3,1920,1080,5760,812478544,0,0,0,1920,1080,False,2022-01-18T14:15:39.5905664+01:00
False,16,1920,1080,U8,3,1920,1080,5760,831352912,0,0,0,1920,1080,False,2022-01-18T14:15:39.6239616+01:00
False,16,1920,1080,U8,3,1920,1080,5760,844451920,0,0,0,1920,1080,False,2022-01-18T14:15:39.6581248+01:00
False,16,1920,1080,U8,3,1920,1080,5760,806211664,0,0,0,1920,1080,False,2022-01-18T14:15:39.6905728+01:00
False,16,1920,1080,U8,3,1920,1080,5760,812490832,0,0,0,1920,1080,False,2022-01-18T14:15:39.7240320+01:00
False,16,1920,1080,U8,3,1920,1080,5760,850784336,0,0,0,1920,1080,False,2022-01-18T14:15:39.7584640+01:00
False,16,1920,1080,U8,3,1920,1080,5760,988082256,0,0,0,1920,1080,False,2022-01-18T14:15:39.7907840+01:00
False,16,1920,1080,U8,3,1920,1080,5760,994361424,0,0,0,1920,1080,False,2022-01-18T14:15:39.8236416+01:00
False,16,1920,1080,U8,3,1920,1080,5760,1000616016,0,0,0,1920,1080,False,2022-01-18T14:15:39.8580352+01:00
False,16,1920,1080,U8,3,1920,1080,5760,1149931600,0,0,0,1920,1080,False,2022-01-18T14:15:39.8910592+01:00
False,16,1920,1080,U8,3,1920,1080,5760,1156223056,0,0,0,1920,1080,False,2022-01-18T14:15:39.9239424+01:00
False,16,1920,1080,U8,3,1920,1080,5760,1162506320,0,0,0,1920,1080,False,2022-01-18T14:15:39.9582464+01:00
False,16,1920,1080,U8,3,1920,1080,5760,1168785488,0,0,0,1920,1080,False,2022-01-18T14:15:39.9913088+01:00
False,16,1920,1080,U8,3,1920,1080,5760,806195280,0,0,0,1920,1080,False,2022-01-18T14:15:40.0234752+01:00
False,16,1920,1080,U8,3,1920,1080,5760,812458064,0,0,0,1920,1080,False,2022-01-18T14:15:40.0574080+01:00
False,16,1920,1080,U8,3,1920,1080,5760,818782288,0,0,0,1920,1080,False,2022-01-18T14:15:40.0908928+01:00
False,16,1920,1080,U8,3,1920,1080,5760,825032784,0,0,0,1920,1080,False,2022-01-18T14:15:40.1277824+01:00
False,16,1920,1080,U8,3,1920,1080,5760,806170704,0,0,0,1920,1080,False,2022-01-18T14:15:40.1576576+01:00
False,16,1920,1080,U8,3,1920,1080,5760,812507216,0,0,0,1920,1080,False,2022-01-18T14:15:40.1903616+01:00
False,16,1920,1080,U8,3,1920,1080,5760,831295568,0,0,0,1920,1080,False,2022-01-18T14:15:40.2237696+01:00
False,16,1920,1080,U8,3,1920,1080,5760,844488784,0,0,0,1920,1080,False,2022-01-18T14:15:40.2582144+01:00
False,16,1920,1080,U8,3,1920,1080,5760,806215760,0,0,0,1920,1080,False,2022-01-18T14:15:40.2905856+01:00
False,16,1920,1080,U8,3,1920,1080,5760,812458064,0,0,0,1920,1080,False,2022-01-18T14:15:40.3235968+01:00
False,16,1920,1080,U8,3,1920,1080,5760,850731088,0,0,0,1920,1080,False,2022-01-18T14:15:40.3580288+01:00
False,16,1920,1080,U8,3,1920,1080,5760,988020816,0,0,0,1920,1080,False,2022-01-18T14:15:40.3909120+01:00
False,16,1920,1080,U8,3,1920,1080,5760,994308176,0,0,0,1920,1080,False,2022-01-18T14:15:40.4238720+01:00
False,16,1920,1080,U8,3,1920,1080,5760,1000587344,0,0,0,1920,1080,False,2022-01-18T14:15:40.4568448+01:00
False,16,1920,1080,U8,3,1920,1080,5760,1149915216,0,0,0,1920,1080,False,2022-01-18T14:15:40.4907264+01:00
False,16,1920,1080,U8,3,1920,1080,5760,1156210768,0,0,0,1920,1080,False,2022-01-18T14:15:40.5235456+01:00
False,16,1920,1080,U8,3,1920,1080,5760,1162526800,0,0,0,1920,1080,False,2022-01-18T14:15:40.5568640+01:00
False,16,1920,1080,U8,3,1920,1080,5760,1168814160,0,0,0,1920,1080,False,2022-01-18T14:15:40.5913728+01:00
False,16,1920,1080,U8,3,1920,1080,5760,806219856,0,0,0,1920,1080,False,2022-01-18T14:15:40.6235520+01:00
False,16,1920,1080,U8,3,1920,1080,5760,812449872,0,0,0,1920,1080,False,2022-01-18T14:15:40.6567168+01:00
False,16,1920,1080,U8,3,1920,1080,5760,818696272,0,0,0,1920,1080,False,2022-01-18T14:15:40.6913536+01:00
False,16,1920,1080,U8,3,1920,1080,5760,825016400,0,0,0,1920,1080,False,2022-01-18T14:15:40.7248384+01:00
False,16,1920,1080,U8,3,1920,1080,5760,806191184,0,0,0,1920,1080,False,2022-01-18T14:15:40.7570048+01:00
False,16,1920,1080,U8,3,1920,1080,5760,831316048,0,0,0,1920,1080,False,2022-01-18T14:15:40.7910784+01:00
False,16,1920,1080,U8,3,1920,1080,5760,844460112,0,0,0,1920,1080,False,2022-01-18T14:15:40.8252800+01:00
False,16,1920,1080,U8,3,1920,1080,5760,850739280,0,0,0,1920,1080,False,2022-01-18T14:15:40.8582656+01:00
False,16,1920,1080,U8,3,1920,1080,5760,806162512,0,0,0,1920,1080,False,2022-01-18T14:15:40.8909568+01:00
False,16,1920,1080,U8,3,1920,1080,5760,812449872,0,0,0,1920,1080,False,2022-01-18T14:15:40.9242880+01:00
False,16,1920,1080,U8,3,1920,1080,5760,831262800,0,0,0,1920,1080,False,2022-01-18T14:15:40.9574144+01:00
False,16,1920,1080,U8,3,1920,1080,5760,988069968,0,0,0,1920,1080,False,2022-01-18T14:15:40.9910528+01:00
False,16,1920,1080,U8,3,1920,1080,5760,994320464,0,0,0,1920,1080,False,2022-01-18T14:15:41.0246912+01:00
False,16,1920,1080,U8,3,1920,1080,5760,1000665168,0,0,0,1920,1080,False,2022-01-18T14:15:41.0570112+01:00
False,16,1920,1080,U8,3,1920,1080,5760,1149919312,0,0,0,1920,1080,False,2022-01-18T14:15:41.0909056+01:00
False,16,1920,1080,U8,3,1920,1080,5760,1156190288,0,0,0,1920,1080,False,2022-01-18T14:15:41.1242624+01:00
False,16,1920,1080,U8,3,1920,1080,5760,1162518608,0,0,0,1920,1080,False,2022-01-18T14:15:41.1574656+01:00
False,16,1920,1080,U8,3,1920,1080,5760,1168781392,0,0,0,1920,1080,False,2022-01-18T14:15:41.1907328+01:00
False,16,1920,1080,U8,3,1920,1080,5760,806207568,0,0,0,1920,1080,False,2022-01-18T14:15:41.2240768+01:00
False,16,1920,1080,U8,3,1920,1080,5760,812511312,0,0,0,1920,1080,False,2022-01-18T14:15:41.2576384+01:00
False,16,1920,1080,U8,3,1920,1080,5760,818770000,0,0,0,1920,1080,False,2022-01-18T14:15:41.2898304+01:00
False,16,1920,1080,U8,3,1920,1080,5760,825094224,0,0,0,1920,1080,False,2022-01-18T14:15:41.3248128+01:00
False,16,1920,1080,U8,3,1920,1080,5760,806219856,0,0,0,1920,1080,False,2022-01-18T14:15:41.3580160+01:00
False,16,1920,1080,U8,3,1920,1080,5760,812507216,0,0,0,1920,1080,False,2022-01-18T14:15:41.3910400+01:00
False,16,1920,1080,U8,3,1920,1080,5760,831332432,0,0,0,1920,1080,False,2022-01-18T14:15:41.4243840+01:00
False,16,1920,1080,U8,3,1920,1080,5760,844476496,0,0,0,1920,1080,False,2022-01-18T14:15:41.4584064+01:00
False,16,1920,1080,U8,3,1920,1080,5760,806191184,0,0,0,1920,1080,False,2022-01-18T14:15:41.4907904+01:00
False,16,1920,1080,U8,3,1920,1080,5760,812466256,0,0,0,1920,1080,False,2022-01-18T14:15:41.5240192+01:00
False,16,1920,1080,U8,3,1920,1080,5760,850739280,0,0,0,1920,1080,False,2022-01-18T14:15:41.5573632+01:00
False,16,1920,1080,U8,3,1920,1080,5760,988053584,0,0,0,1920,1080,False,2022-01-18T14:15:41.5912576+01:00
False,16,1920,1080,U8,3,1920,1080,5760,994332752,0,0,0,1920,1080,False,2022-01-18T14:15:41.6241280+01:00
False,16,1920,1080,U8,3,1920,1080,5760,1000661072,0,0,0,1920,1080,False,2022-01-18T14:15:41.6576640+01:00
False,16,1920,1080,U8,3,1920,1080,5760,1149915216,0,0,0,1920,1080,False,2022-01-18T14:15:41.6902656+01:00
False,16,1920,1080,U8,3,1920,1080,5760,1156206672,0,0,0,1920,1080,False,2022-01-18T14:15:41.7240832+01:00
False,16,1920,1080,U8,3,1920,1080,5760,1162530896,0,0,0,1920,1080,False,2022-01-18T14:15:41.7568256+01:00
False,16,1920,1080,U8,3,1920,1080,5760,1168777296,0,0,0,1920,1080,False,2022-01-18T14:15:41.7915008+01:00
False,16,1920,1080,U8,3,1920,1080,5760,806166608,0,0,0,1920,1080,False,2022-01-18T14:15:41.8238080+01:00
False,16,1920,1080,U8,3,1920,1080,5760,812462160,0,0,0,1920,1080,False,2022-01-18T14:15:41.8572928+01:00
False,16,1920,1080,U8,3,1920,1080,5760,818774096,0,0,0,1920,1080,False,2022-01-18T14:15:41.8915200+01:00
False,16,1920,1080,U8,3,1920,1080,5760,825045072,0,0,0,1920,1080,False,2022-01-18T14:15:41.9247744+01:00
False,16,1920,1080,U8,3,1920,1080,5760,806178896,0,0,0,1920,1080,False,2022-01-18T14:15:41.9577600+01:00
False,16,1920,1080,U8,3,1920,1080,5760,812507216,0,0,0,1920,1080,False,2022-01-18T14:15:41.9907840+01:00
False,16,1920,1080,U8,3,1920,1080,5760,831369296,0,0,0,1920,1080,False,2022-01-18T14:15:42.0243328+01:00
False,16,1920,1080,U8,3,1920,1080,5760,844435536,0,0,0,1920,1080,False,2022-01-18T14:15:42.0573312+01:00
False,16,1920,1080,U8,3,1920,1080,5760,806166608,0,0,0,1920,1080,False,2022-01-18T14:15:42.0908928+01:00
False,16,1920,1080,U8,3,1920,1080,5760,812474448,0,0,0,1920,1080,False,2022-01-18T14:15:42.1240704+01:00
False,16,1920,1080,U8,3,1920,1080,5760,850772048,0,0,0,1920,1080,False,2022-01-18T14:15:42.1571328+01:00
False,16,1920,1080,U8,3,1920,1080,5760,988053584,0,0,0,1920,1080,False,2022-01-18T14:15:42.1909888+01:00
False,16,1920,1080,U8,3,1920,1080,5760,994361424,0,0,0,1920,1080,False,2022-01-18T14:15:42.2241024+01:00
False,16,1920,1080,U8,3,1920,1080,5760,1000636496,0,0,0,1920,1080,False,2022-01-18T14:15:42.2573568+01:00
False,16,1920,1080,U8,3,1920,1080,5760,1149915216,0,0,0,1920,1080,False,2022-01-18T14:15:42.2909184+01:00
False,16,1920,1080,U8,3,1920,1080,5760,1156243536,0,0,0,1920,1080,False,2022-01-18T14:15:42.3239168+01:00
False,16,1920,1080,U8,3,1920,1080,5760,1162502224,0,0,0,1920,1080,False,2022-01-18T14:15:42.3577856+01:00
False,16,1920,1080,U8,3,1920,1080,5760,1168789584,0,0,0,1920,1080,False,2022-01-18T14:15:42.3919744+01:00
False,16,1920,1080,U8,3,1920,1080,5760,806219856,0,0,0,1920,1080,False,2022-01-18T14:15:42.4241536+01:00
False,16,1920,1080,U8,3,1920,1080,5760,812486736,0,0,0,1920,1080,False,2022-01-18T14:15:42.4573312+01:00
False,16,1920,1080,U8,3,1920,1080,5760,818761808,0,0,0,1920,1080,False,2022-01-18T14:15:42.4916864+01:00
False,16,1920,1080,U8,3,1920,1080,5760,825061456,0,0,0,1920,1080,False,2022-01-18T14:15:42.5255808+01:00
False,16,1920,1080,U8,3,1920,1080,5760,806195280,0,0,0,1920,1080,False,2022-01-18T14:15:42.5569536+01:00
False,16,1920,1080,U8,3,1920,1080,5760,812490832,0,0,0,1920,1080,False,2022-01-18T14:15:42.5911040+01:00
False,16,1920,1080,U8,3,1920,1080,5760,831361104,0,0,0,1920,1080,False,2022-01-18T14:15:42.6246144+01:00
False,16,1920,1080,U8,3,1920,1080,5760,844435536,0,0,0,1920,1080,False,2022-01-18T14:15:42.6576384+01:00
False,16,1920,1080,U8,3,1920,1080,5760,806158416,0,0,0,1920,1080,False,2022-01-18T14:15:42.6911488+01:00
False,16,1920,1080,U8,3,1920,1080,5760,812396624,0,0,0,1920,1080,False,2022-01-18T14:15:42.7242752+01:00
False,16,1920,1080,U8,3,1920,1080,5760,850772048,0,0,0,1920,1080,False,2022-01-18T14:15:42.7571584+01:00
False,16,1920,1080,U8,3,1920,1080,5760,988057680,0,0,0,1920,1080,False,2022-01-18T14:15:42.7908480+01:00
False,16,1920,1080,U8,3,1920,1080,5760,994332752,0,0,0,1920,1080,False,2022-01-18T14:15:42.8237568+01:00
False,16,1920,1080,U8,3,1920,1080,5760,1000620112,0,0,0,1920,1080,False,2022-01-18T14:15:42.8578048+01:00
False,16,1920,1080,U8,3,1920,1080,5760,1149919312,0,0,0,1920,1080,False,2022-01-18T14:15:42.8910848+01:00
False,16,1920,1080,U8,3,1920,1080,5760,1156239440,0,0,0,1920,1080,False,2022-01-18T14:15:42.9239936+01:00
False,16,1920,1080,U8,3,1920,1080,5760,1162494032,0,0,0,1920,1080,False,2022-01-18T14:15:42.9584896+01:00
False,16,1920,1080,U8,3,1920,1080,5760,1168805968,0,0,0,1920,1080,False,2022-01-18T14:15:42.9905280+01:00
False,16,1920,1080,U8,3,1920,1080,5760,806211664,0,0,0,1920,1080,False,2022-01-18T14:15:43.0240896+01:00
False,16,1920,1080,U8,3,1920,1080,5760,812458064,0,0,0,1920,1080,False,2022-01-18T14:15:43.0574080+01:00
False,16,1920,1080,U8,3,1920,1080,5760,818749520,0,0,0,1920,1080,False,2022-01-18T14:15:43.0914560+01:00
False,16,1920,1080,U8,3,1920,1080,5760,825086032,0,0,0,1920,1080,False,2022-01-18T14:15:43.1246592+01:00
False,16,1920,1080,U8,3,1920,1080,5760,806166608,0,0,0,1920,1080,False,2022-01-18T14:15:43.1570176+01:00
False,16,1920,1080,U8,3,1920,1080,5760,812490832,0,0,0,1920,1080,False,2022-01-18T14:15:43.1913216+01:00
False,16,1920,1080,U8,3,1920,1080,5760,831328336,0,0,0,1920,1080,False,2022-01-18T14:15:43.2248960+01:00
False,16,1920,1080,U8,3,1920,1080,5760,844488784,0,0,0,1920,1080,False,2022-01-18T14:15:43.2577536+01:00
False,16,1920,1080,U8,3,1920,1080,5760,806199376,0,0,0,1920,1080,False,2022-01-18T14:15:43.2910592+01:00
False,16,1920,1080,U8,3,1920,1080,5760,812482640,0,0,0,1920,1080,False,2022-01-18T14:15:43.3243136+01:00
False,16,1920,1080,U8,3,1920,1080,5760,850772048,0,0,0,1920,1080,False,2022-01-18T14:15:43.3574656+01:00
False,16,1920,1080,U8,3,1920,1080,5760,988041296,0,0,0,1920,1080,False,2022-01-18T14:15:43.3914112+01:00
False,16,1920,1080,U8,3,1920,1080,5760,994320464,0,0,0,1920,1080,False,2022-01-18T14:15:43.4241408+01:00
False,16,1920,1080,U8,3,1920,1080,5760,1000607824,0,0,0,1920,1080,False,2022-01-18T14:15:43.4574336+01:00
False,16,1920,1080,U8,3,1920,1080,5760,1149911120,0,0,0,1920,1080,False,2022-01-18T14:15:43.4910336+01:00
False,16,1920,1080,U8,3,1920,1080,5760,1156247632,0,0,0,1920,1080,False,2022-01-18T14:15:43.5239808+01:00
False,16,1920,1080,U8,3,1920,1080,5760,1162481744,0,0,0,1920,1080,False,2022-01-18T14:15:43.5574400+01:00
False,16,1920,1080,U8,3,1920,1080,5760,1168805968,0,0,0,1920,1080,False,2022-01-18T14:15:43.5917440+01:00
False,16,1920,1080,U8,3,1920,1080,5760,806170704,0,0,0,1920,1080,False,2022-01-18T14:15:43.6241664+01:00
False,16,1920,1080,U8,3,1920,1080,5760,812470352,0,0,0,1920,1080,False,2022-01-18T14:15:43.6568704+01:00
False,16,1920,1080,U8,3,1920,1080,5760,818765904,0,0,0,1920,1080,False,2022-01-18T14:15:43.6914560+01:00
False,16,1920,1080,U8,3,1920,1080,5760,825040976,0,0,0,1920,1080,False,2022-01-18T14:15:43.7245824+01:00
False,16,1920,1080,U8,3,1920,1080,5760,806203472,0,0,0,1920,1080,False,2022-01-18T14:15:43.7579520+01:00
False,16,1920,1080,U8,3,1920,1080,5760,812474448,0,0,0,1920,1080,False,2022-01-18T14:15:43.7910528+01:00
False,16,1920,1080,U8,3,1920,1080,5760,831344720,0,0,0,1920,1080,False,2022-01-18T14:15:43.8243456+01:00
False,16,1920,1080,U8,3,1920,1080,5760,844443728,0,0,0,1920,1080,False,2022-01-18T14:15:43.8576128+01:00
False,16,1920,1080,U8,3,1920,1080,5760,806203472,0,0,0,1920,1080,False,2022-01-18T14:15:43.8909952+01:00
False,16,1920,1080,U8,3,1920,1080,5760,812511312,0,0,0,1920,1080,False,2022-01-18T14:15:43.9250304+01:00
False,16,1920,1080,U8,3,1920,1080,5760,850735184,0,0,0,1920,1080,False,2022-01-18T14:15:43.9576576+01:00
False,16,1920,1080,U8,3,1920,1080,5760,988061776,0,0,0,1920,1080,False,2022-01-18T14:15:43.9916288+01:00
False,16,1920,1080,U8,3,1920,1080,5760,994361424,0,0,0,1920,1080,False,2022-01-18T14:15:44.0235520+01:00
False,16,1920,1080,U8,3,1920,1080,5760,1000661072,0,0,0,1920,1080,False,2022-01-18T14:15:44.0574336+01:00
False,16,1920,1080,U8,3,1920,1080,5760,1149943888,0,0,0,1920,1080,False,2022-01-18T14:15:44.0899456+01:00
False,16,1920,1080,U8,3,1920,1080,5760,1156202576,0,0,0,1920,1080,False,2022-01-18T14:15:44.1243008+01:00
False,16,1920,1080,U8,3,1920,1080,5760,1162485840,0,0,0,1920,1080,False,2022-01-18T14:15:44.1591936+01:00
False,16,1920,1080,U8,3,1920,1080,5760,1168785488,0,0,0,1920,1080,False,2022-01-18T14:15:44.1922944+01:00
False,16,1920,1080,U8,3,1920,1080,5760,806211664,0,0,0,1920,1080,False,2022-01-18T14:15:44.2246400+01:00
False,16,1920,1080,U8,3,1920,1080,5760,812449872,0,0,0,1920,1080,False,2022-01-18T14:15:44.2572288+01:00
False,16,1920,1080,U8,3,1920,1080,5760,818704464,0,0,0,1920,1080,False,2022-01-18T14:15:44.2905856+01:00
False,16,1920,1080,U8,3,1920,1080,5760,825016400,0,0,0,1920,1080,False,2022-01-18T14:15:44.3266944+01:00
False,16,1920,1080,U8,3,1920,1080,5760,806162512,0,0,0,1920,1080,False,2022-01-18T14:15:44.3588608+01:00
False,16,1920,1080,U8,3,1920,1080,5760,831320144,0,0,0,1920,1080,False,2022-01-18T14:15:44.3908352+01:00
False,16,1920,1080,U8,3,1920,1080,5760,844456016,0,0,0,1920,1080,False,2022-01-18T14:15:44.4248320+01:00
False,16,1920,1080,U8,3,1920,1080,5760,850780240,0,0,0,1920,1080,False,2022-01-18T14:15:44.4577664+01:00
False,16,1920,1080,U8,3,1920,1080,5760,806178896,0,0,0,1920,1080,False,2022-01-18T14:15:44.4911232+01:00
False,16,1920,1080,U8,3,1920,1080,5760,831320144,0,0,0,1920,1080,False,2022-01-18T14:15:44.5244416+01:00
False,16,1920,1080,U8,3,1920,1080,5760,812449872,0,0,0,1920,1080,False,2022-01-18T14:15:44.5587968+01:00
False,16,1920,1080,U8,3,1920,1080,5760,988074064,0,0,0,1920,1080,False,2022-01-18T14:15:44.5912576+01:00
False,16,1920,1080,U8,3,1920,1080,5760,994345040,0,0,0,1920,1080,False,2022-01-18T14:15:44.6242688+01:00
False,16,1920,1080,U8,3,1920,1080,5760,1000607824,0,0,0,1920,1080,False,2022-01-18T14:15:44.6587264+01:00
False,16,1920,1080,U8,3,1920,1080,5760,1149915216,0,0,0,1920,1080,False,2022-01-18T14:15:44.6913408+01:00
False,16,1920,1080,U8,3,1920,1080,5760,1156186192,0,0,0,1920,1080,False,2022-01-18T14:15:44.7259392+01:00
False,16,1920,1080,U8,3,1920,1080,5760,1162428496,0,0,0,1920,1080,False,2022-01-18T14:15:44.7588352+01:00
False,16,1920,1080,U8,3,1920,1080,5760,1168740432,0,0,0,1920,1080,False,2022-01-18T14:15:44.7917312+01:00
False,16,1920,1080,U8,3,1920,1080,5760,806191184,0,0,0,1920,1080,False,2022-01-18T14:15:44.8244224+01:00
False,16,1920,1080,U8,3,1920,1080,5760,812486736,0,0,0,1920,1080,False,2022-01-18T14:15:44.8573312+01:00
False,16,1920,1080,U8,3,1920,1080,5760,818782288,0,0,0,1920,1080,False,2022-01-18T14:15:44.8915840+01:00
False,16,1920,1080,U8,3,1920,1080,5760,825040976,0,0,0,1920,1080,False,2022-01-18T14:15:44.9251584+01:00
False,16,1920,1080,U8,3,1920,1080,5760,806166608,0,0,0,1920,1080,False,2022-01-18T14:15:44.9586432+01:00
False,16,1920,1080,U8,3,1920,1080,5760,812503120,0,0,0,1920,1080,False,2022-01-18T14:15:44.9915264+01:00
False,16,1920,1080,U8,3,1920,1080,5760,831385680,0,0,0,1920,1080,False,2022-01-18T14:15:45.0248448+01:00
False,16,1920,1080,U8,3,1920,1080,5760,844431440,0,0,0,1920,1080,False,2022-01-18T14:15:45.0581376+01:00
False,16,1920,1080,U8,3,1920,1080,5760,806199376,0,0,0,1920,1080,False,2022-01-18T14:15:45.0913280+01:00
False,16,1920,1080,U8,3,1920,1080,5760,812494928,0,0,0,1920,1080,False,2022-01-18T14:15:45.1248384+01:00
False,16,1920,1080,U8,3,1920,1080,5760,850714704,0,0,0,1920,1080,False,2022-01-18T14:15:45.1591424+01:00
False,16,1920,1080,U8,3,1920,1080,5760,988045392,0,0,0,1920,1080,False,2022-01-18T14:15:45.1917056+01:00
False,16,1920,1080,U8,3,1920,1080,5760,994373712,0,0,0,1920,1080,False,2022-01-18T14:15:45.2247296+01:00
False,16,1920,1080,U8,3,1920,1080,5760,1000616016,0,0,0,1920,1080,False,2022-01-18T14:15:45.2590464+01:00
False,16,1920,1080,U8,3,1920,1080,5760,1149943888,0,0,0,1920,1080,False,2022-01-18T14:15:45.2918016+01:00
False,16,1920,1080,U8,3,1920,1080,5760,1156235344,0,0,0,1920,1080,False,2022-01-18T14:15:45.3245312+01:00
False,16,1920,1080,U8,3,1920,1080,5760,1162539088,0,0,0,1920,1080,False,2022-01-18T14:15:45.3588608+01:00
False,16,1920,1080,U8,3,1920,1080,5760,1168822352,0,0,0,1920,1080,False,2022-01-18T14:15:45.3914752+01:00
False,16,1920,1080,U8,3,1920,1080,5760,806182992,0,0,0,1920,1080,False,2022-01-18T14:15:45.4247168+01:00
False,16,1920,1080,U8,3,1920,1080,5760,812486736,0,0,0,1920,1080,False,2022-01-18T14:15:45.4586752+01:00
False,16,1920,1080,U8,3,1920,1080,5760,818790480,0,0,0,1920,1080,False,2022-01-18T14:15:45.4916224+01:00
False,16,1920,1080,U8,3,1920,1080,5760,825036880,0,0,0,1920,1080,False,2022-01-18T14:15:45.5252224+01:00
False,16,1920,1080,U8,3,1920,1080,5760,806174800,0,0,0,1920,1080,False,2022-01-18T14:15:45.5585152+01:00
False,16,1920,1080,U8,3,1920,1080,5760,812470352,0,0,0,1920,1080,False,2022-01-18T14:15:45.5910400+01:00
False,16,1920,1080,U8,3,1920,1080,5760,831365200,0,0,0,1920,1080,False,2022-01-18T14:15:45.6256256+01:00
False,16,1920,1080,U8,3,1920,1080,5760,844431440,0,0,0,1920,1080,False,2022-01-18T14:15:45.6592768+01:00
False,16,1920,1080,U8,3,1920,1080,5760,806170704,0,0,0,1920,1080,False,2022-01-18T14:15:45.6911872+01:00
False,16,1920,1080,U8,3,1920,1080,5760,812503120,0,0,0,1920,1080,False,2022-01-18T14:15:45.7247360+01:00
False,16,1920,1080,U8,3,1920,1080,5760,850686032,0,0,0,1920,1080,False,2022-01-18T14:15:45.7587840+01:00
False,16,1920,1080,U8,3,1920,1080,5760,988061776,0,0,0,1920,1080,False,2022-01-18T14:15:45.7907200+01:00
False,16,1920,1080,U8,3,1920,1080,5760,994328656,0,0,0,1920,1080,False,2022-01-18T14:15:45.8247168+01:00
False,16,1920,1080,U8,3,1920,1080,5760,1000636496,0,0,0,1920,1080,False,2022-01-18T14:15:45.8587904+01:00
False,16,1920,1080,U8,3,1920,1080,5760,1149931600,0,0,0,1920,1080,False,2022-01-18T14:15:45.8908672+01:00
False,16,1920,1080,U8,3,1920,1080,5760,1156243536,0,0,0,1920,1080,False,2022-01-18T14:15:45.9257088+01:00
False,16,1920,1080,U8,3,1920,1080,5760,1162502224,0,0,0,1920,1080,False,2022-01-18T14:15:45.9588864+01:00
False,16,1920,1080,U8,3,1920,1080,5760,1168810064,0,0,0,1920,1080,False,2022-01-18T14:15:45.9926656+01:00
False,16,1920,1080,U8,3,1920,1080,5760,806187088,0,0,0,1920,1080,False,2022-01-18T14:15:46.0251648+01:00
False,16,1920,1080,U8,3,1920,1080,5760,812486736,0,0,0,1920,1080,False,2022-01-18T14:15:46.0590336+01:00
False,16,1920,1080,U8,3,1920,1080,5760,818782288,0,0,0,1920,1080,False,2022-01-18T14:15:46.0925184+01:00
False,16,1920,1080,U8,3,1920,1080,5760,825061456,0,0,0,1920,1080,False,2022-01-18T14:15:46.1255808+01:00
False,16,1920,1080,U8,3,1920,1080,5760,806166608,0,0,0,1920,1080,False,2022-01-18T14:15:46.1595136+01:00
False,16,1920,1080,U8,3,1920,1080,5760,812466256,0,0,0,1920,1080,False,2022-01-18T14:15:46.1922816+01:00
False,16,1920,1080,U8,3,1920,1080,5760,831352912,0,0,0,1920,1080,False,2022-01-18T14:15:46.2259584+01:00
False,16,1920,1080,U8,3,1920,1080,5760,844435536,0,0,0,1920,1080,False,2022-01-18T14:15:46.2599552+01:00
False,16,1920,1080,U8,3,1920,1080,5760,806203472,0,0,0,1920,1080,False,2022-01-18T14:15:46.2922112+01:00
False,16,1920,1080,U8,3,1920,1080,5760,812470352,0,0,0,1920,1080,False,2022-01-18T14:15:46.3254784+01:00
False,16,1920,1080,U8,3,1920,1080,5760,850784336,0,0,0,1920,1080,False,2022-01-18T14:15:46.3585536+01:00
False,16,1920,1080,U8,3,1920,1080,5760,988037200,0,0,0,1920,1080,False,2022-01-18T14:15:46.3920000+01:00
False,16,1920,1080,U8,3,1920,1080,5760,994349136,0,0,0,1920,1080,False,2022-01-18T14:15:46.4246528+01:00
False,16,1920,1080,U8,3,1920,1080,5760,1000652880,0,0,0,1920,1080,False,2022-01-18T14:15:46.4582144+01:00
False,16,1920,1080,U8,3,1920,1080,5760,1149898832,0,0,0,1920,1080,False,2022-01-18T14:15:46.4925952+01:00
False,16,1920,1080,U8,3,1920,1080,5760,1156206672,0,0,0,1920,1080,False,2022-01-18T14:15:46.5254272+01:00
False,16,1920,1080,U8,3,1920,1080,5760,1162477648,0,0,0,1920,1080,False,2022-01-18T14:15:46.5584128+01:00
False,16,1920,1080,U8,3,1920,1080,5760,1168736336,0,0,0,1920,1080,False,2022-01-18T14:15:46.5926400+01:00
False,16,1920,1080,U8,3,1920,1080,5760,806191184,0,0,0,1920,1080,False,2022-01-18T14:15:46.6243840+01:00
False,16,1920,1080,U8,3,1920,1080,5760,812490832,0,0,0,1920,1080,False,2022-01-18T14:15:46.6579072+01:00
False,16,1920,1080,U8,3,1920,1080,5760,818794576,0,0,0,1920,1080,False,2022-01-18T14:15:46.6911360+01:00
False,16,1920,1080,U8,3,1920,1080,5760,825057360,0,0,0,1920,1080,False,2022-01-18T14:15:46.7257088+01:00
False,16,1920,1080,U8,3,1920,1080,5760,806162512,0,0,0,1920,1080,False,2022-01-18T14:15:46.7578752+01:00
False,16,1920,1080,U8,3,1920,1080,5760,812462160,0,0,0,1920,1080,False,2022-01-18T14:15:46.7905536+01:00
False,16,1920,1080,U8,3,1920,1080,5760,831348816,0,0,0,1920,1080,False,2022-01-18T14:15:46.8264704+01:00
False,16,1920,1080,U8,3,1920,1080,5760,844484688,0,0,0,1920,1080,False,2022-01-18T14:15:46.8584320+01:00
False,16,1920,1080,U8,3,1920,1080,5760,806187088,0,0,0,1920,1080,False,2022-01-18T14:15:46.8916096+01:00
False,16,1920,1080,U8,3,1920,1080,5760,812494928,0,0,0,1920,1080,False,2022-01-18T14:15:46.9252352+01:00
False,16,1920,1080,U8,3,1920,1080,5760,850726992,0,0,0,1920,1080,False,2022-01-18T14:15:46.9583744+01:00
False,16,1920,1080,U8,3,1920,1080,5760,988041296,0,0,0,1920,1080,False,2022-01-18T14:15:46.9907456+01:00
False,16,1920,1080,U8,3,1920,1080,5760,994373712,0,0,0,1920,1080,False,2022-01-18T14:15:47.0246272+01:00
False,16,1920,1080,U8,3,1920,1080,5760,1000607824,0,0,0,1920,1080,False,2022-01-18T14:15:47.0591360+01:00
False,16,1920,1080,U8,3,1920,1080,5760,1149915216,0,0,0,1920,1080,False,2022-01-18T14:15:47.0907776+01:00
False,16,1920,1080,U8,3,1920,1080,5760,1156231248,0,0,0,1920,1080,False,2022-01-18T14:15:47.1247104+01:00
False,16,1920,1080,U8,3,1920,1080,5760,1162485840,0,0,0,1920,1080,False,2022-01-18T14:15:47.1592320+01:00
False,16,1920,1080,U8,3,1920,1080,5760,1168773200,0,0,0,1920,1080,False,2022-01-18T14:15:47.1917824+01:00
False,16,1920,1080,U8,3,1920,1080,5760,806199376,0,0,0,1920,1080,False,2022-01-18T14:15:47.2252800+01:00
False,16,1920,1080,U8,3,1920,1080,5760,812486736,0,0,0,1920,1080,False,2022-01-18T14:15:47.2573824+01:00
False,16,1920,1080,U8,3,1920,1080,5760,818757712,0,0,0,1920,1080,False,2022-01-18T14:15:47.2920832+01:00
False,16,1920,1080,U8,3,1920,1080,5760,825094224,0,0,0,1920,1080,False,2022-01-18T14:15:47.3256832+01:00
False,16,1920,1080,U8,3,1920,1080,5760,806178896,0,0,0,1920,1080,False,2022-01-18T14:15:47.3575808+01:00
False,16,1920,1080,U8,3,1920,1080,5760,812453968,0,0,0,1920,1080,False,2022-01-18T14:15:47.3909504+01:00
False,16,1920,1080,U8,3,1920,1080,5760,831369296,0,0,0,1920,1080,False,2022-01-18T14:15:47.4262016+01:00
False,16,1920,1080,U8,3,1920,1080,5760,844468304,0,0,0,1920,1080,False,2022-01-18T14:15:47.4582784+01:00
False,16,1920,1080,U8,3,1920,1080,5760,806211664,0,0,0,1920,1080,False,2022-01-18T14:15:47.4916480+01:00
False,16,1920,1080,U8,3,1920,1080,5760,812499024,0,0,0,1920,1080,False,2022-01-18T14:15:47.5248768+01:00
False,16,1920,1080,U8,3,1920,1080,5760,850767952,0,0,0,1920,1080,False,2022-01-18T14:15:47.5580672+01:00
False,16,1920,1080,U8,3,1920,1080,5760,988049488,0,0,0,1920,1080,False,2022-01-18T14:15:47.5919488+01:00
False,16,1920,1080,U8,3,1920,1080,5760,994328656,0,0,0,1920,1080,False,2022-01-18T14:15:47.6246528+01:00
False,16,1920,1080,U8,3,1920,1080,5760,1000607824,0,0,0,1920,1080,False,2022-01-18T14:15:47.6593792+01:00
False,16,1920,1080,U8,3,1920,1080,5760,1149898832,0,0,0,1920,1080,False,2022-01-18T14:15:47.6922112+01:00
False,16,1920,1080,U8,3,1920,1080,5760,1156214864,0,0,0,1920,1080,False,2022-01-18T14:15:47.7252096+01:00
False,16,1920,1080,U8,3,1920,1080,5760,1162506320,0,0,0,1920,1080,False,2022-01-18T14:15:47.7596160+01:00
False,16,1920,1080,U8,3,1920,1080,5760,1168789584,0,0,0,1920,1080,False,2022-01-18T14:15:47.7922048+01:00
False,16,1920,1080,U8,3,1920,1080,5760,806191184,0,0,0,1920,1080,False,2022-01-18T14:15:47.8247168+01:00
False,16,1920,1080,U8,3,1920,1080,5760,812507216,0,0,0,1920,1080,False,2022-01-18T14:15:47.8589696+01:00
False,16,1920,1080,U8,3,1920,1080,5760,818749520,0,0,0,1920,1080,False,2022-01-18T14:15:47.8930048+01:00
False,16,1920,1080,U8,3,1920,1080,5760,825032784,0,0,0,1920,1080,False,2022-01-18T14:15:47.9260032+01:00
False,16,1920,1080,U8,3,1920,1080,5760,806207568,0,0,0,1920,1080,False,2022-01-18T14:15:47.9586944+01:00
False,16,1920,1080,U8,3,1920,1080,5760,812453968,0,0,0,1920,1080,False,2022-01-18T14:15:47.9921792+01:00
False,16,1920,1080,U8,3,1920,1080,5760,831291472,0,0,0,1920,1080,False,2022-01-18T14:15:48.0252544+01:00
False,16,1920,1080,U8,3,1920,1080,5760,844464208,0,0,0,1920,1080,False,2022-01-18T14:15:48.0589056+01:00
False,16,1920,1080,U8,3,1920,1080,5760,806215760,0,0,0,1920,1080,False,2022-01-18T14:15:48.0920064+01:00
False,16,1920,1080,U8,3,1920,1080,5760,812458064,0,0,0,1920,1080,False,2022-01-18T14:15:48.1258240+01:00
False,16,1920,1080,U8,3,1920,1080,5760,850780240,0,0,0,1920,1080,False,2022-01-18T14:15:48.1594880+01:00
False,16,1920,1080,U8,3,1920,1080,5760,988029008,0,0,0,1920,1080,False,2022-01-18T14:15:48.1923200+01:00
False,16,1920,1080,U8,3,1920,1080,5760,994369616,0,0,0,1920,1080,False,2022-01-18T14:15:48.2251904+01:00
False,16,1920,1080,U8,3,1920,1080,5760,1000616016,0,0,0,1920,1080,False,2022-01-18T14:15:48.2592256+01:00
False,16,1920,1080,U8,3,1920,1080,5760,1149907024,0,0,0,1920,1080,False,2022-01-18T14:15:48.2920192+01:00
False,16,1920,1080,U8,3,1920,1080,5760,1156190288,0,0,0,1920,1080,False,2022-01-18T14:15:48.3250048+01:00
False,16,1920,1080,U8,3,1920,1080,5760,1162530896,0,0,0,1920,1080,False,2022-01-18T14:15:48.3592320+01:00
False,16,1920,1080,U8,3,1920,1080,5760,1168789584,0,0,0,1920,1080,False,2022-01-18T14:15:48.3931776+01:00
False,16,1920,1080,U8,3,1920,1080,5760,806203472,0,0,0,1920,1080,False,2022-01-18T14:15:48.4253440+01:00
False,16,1920,1080,U8,3,1920,1080,5760,812478544,0,0,0,1920,1080,False,2022-01-18T14:15:48.4585216+01:00
False,16,1920,1080,U8,3,1920,1080,5760,818794576,0,0,0,1920,1080,False,2022-01-18T14:15:48.4930176+01:00
False,16,1920,1080,U8,3,1920,1080,5760,825077840,0,0,0,1920,1080,False,2022-01-18T14:15:48.5289984+01:00
False,16,1920,1080,U8,3,1920,1080,5760,806211664,0,0,0,1920,1080,False,2022-01-18T14:15:48.5581952+01:00
False,16,1920,1080,U8,3,1920,1080,5760,812486736,0,0,0,1920,1080,False,2022-01-18T14:15:48.5923584+01:00
False,16,1920,1080,U8,3,1920,1080,5760,831361104,0,0,0,1920,1080,False,2022-01-18T14:15:48.6259968+01:00
False,16,1920,1080,U8,3,1920,1080,5760,844451920,0,0,0,1920,1080,False,2022-01-18T14:15:48.6597632+01:00
False,16,1920,1080,U8,3,1920,1080,5760,806174800,0,0,0,1920,1080,False,2022-01-18T14:15:48.6924416+01:00
False,16,1920,1080,U8,3,1920,1080,5760,812449872,0,0,0,1920,1080,False,2022-01-18T14:15:48.7259520+01:00
False,16,1920,1080,U8,3,1920,1080,5760,850743376,0,0,0,1920,1080,False,2022-01-18T14:15:48.7597568+01:00
False,16,1920,1080,U8,3,1920,1080,5760,988078160,0,0,0,1920,1080,False,2022-01-18T14:15:48.7925120+01:00
False,16,1920,1080,U8,3,1920,1080,5760,994312272,0,0,0,1920,1080,False,2022-01-18T14:15:48.8256640+01:00
False,16,1920,1080,U8,3,1920,1080,5760,1000599632,0,0,0,1920,1080,False,2022-01-18T14:15:48.8599168+01:00
False,16,1920,1080,U8,3,1920,1080,5760,1149911120,0,0,0,1920,1080,False,2022-01-18T14:15:48.8911616+01:00
False,16,1920,1080,U8,3,1920,1080,5760,1156223056,0,0,0,1920,1080,False,2022-01-18T14:15:48.9257600+01:00
False,16,1920,1080,U8,3,1920,1080,5760,1162489936,0,0,0,1920,1080,False,2022-01-18T14:15:48.9596288+01:00
False,16,1920,1080,U8,3,1920,1080,5760,1168769104,0,0,0,1920,1080,False,2022-01-18T14:15:48.9930240+01:00
False,16,1920,1080,U8,3,1920,1080,5760,806182992,0,0,0,1920,1080,False,2022-01-18T14:15:49.0254080+01:00
False,16,1920,1080,U8,3,1920,1080,5760,812482640,0,0,0,1920,1080,False,2022-01-18T14:15:49.0592000+01:00
False,16,1920,1080,U8,3,1920,1080,5760,818745424,0,0,0,1920,1080,False,2022-01-18T14:15:49.0927872+01:00
False,16,1920,1080,U8,3,1920,1080,5760,825057360,0,0,0,1920,1080,False,2022-01-18T14:15:49.1261056+01:00
False,16,1920,1080,U8,3,1920,1080,5760,806170704,0,0,0,1920,1080,False,2022-01-18T14:15:49.1593088+01:00
False,16,1920,1080,U8,3,1920,1080,5760,812462160,0,0,0,1920,1080,False,2022-01-18T14:15:49.1924096+01:00
False,16,1920,1080,U8,3,1920,1080,5760,831385680,0,0,0,1920,1080,False,2022-01-18T14:15:49.2259072+01:00
False,16,1920,1080,U8,3,1920,1080,5760,844472400,0,0,0,1920,1080,False,2022-01-18T14:15:49.2587776+01:00
False,16,1920,1080,U8,3,1920,1080,5760,806187088,0,0,0,1920,1080,False,2022-01-18T14:15:49.2921600+01:00
False,16,1920,1080,U8,3,1920,1080,5760,812482640,0,0,0,1920,1080,False,2022-01-18T14:15:49.3257600+01:00
False,16,1920,1080,U8,3,1920,1080,5760,850743376,0,0,0,1920,1080,False,2022-01-18T14:15:49.3583488+01:00
False,16,1920,1080,U8,3,1920,1080,5760,988024912,0,0,0,1920,1080,False,2022-01-18T14:15:49.3923456+01:00
False,16,1920,1080,U8,3,1920,1080,5760,994345040,0,0,0,1920,1080,False,2022-01-18T14:15:49.4257152+01:00
False,16,1920,1080,U8,3,1920,1080,5760,1000640592,0,0,0,1920,1080,False,2022-01-18T14:15:49.4587648+01:00
False,16,1920,1080,U8,3,1920,1080,5760,1149915216,0,0,0,1920,1080,False,2022-01-18T14:15:49.4926336+01:00
False,16,1920,1080,U8,3,1920,1080,5760,1156247632,0,0,0,1920,1080,False,2022-01-18T14:15:49.5257600+01:00
False,16,1920,1080,U8,3,1920,1080,5760,1162477648,0,0,0,1920,1080,False,2022-01-18T14:15:49.5598464+01:00
False,16,1920,1080,U8,3,1920,1080,5760,1168736336,0,0,0,1920,1080,False,2022-01-18T14:15:49.5931392+01:00
False,16,1920,1080,U8,3,1920,1080,5760,806191184,0,0,0,1920,1080,False,2022-01-18T14:15:49.6252672+01:00
False,16,1920,1080,U8,3,1920,1080,5760,812458064,0,0,0,1920,1080,False,2022-01-18T14:15:49.6578176+01:00
False,16,1920,1080,U8,3,1920,1080,5760,818757712,0,0,0,1920,1080,False,2022-01-18T14:15:49.6914304+01:00
False,16,1920,1080,U8,3,1920,1080,5760,825077840,0,0,0,1920,1080,False,2022-01-18T14:15:49.7263488+01:00
False,16,1920,1080,U8,3,1920,1080,5760,806191184,0,0,0,1920,1080,False,2022-01-18T14:15:49.7585408+01:00
False,16,1920,1080,U8,3,1920,1080,5760,812462160,0,0,0,1920,1080,False,2022-01-18T14:15:49.7926400+01:00
False,16,1920,1080,U8,3,1920,1080,5760,831365200,0,0,0,1920,1080,False,2022-01-18T14:15:49.8271616+01:00
False,16,1920,1080,U8,3,1920,1080,5760,844451920,0,0,0,1920,1080,False,2022-01-18T14:15:49.8603008+01:00
False,16,1920,1080,U8,3,1920,1080,5760,806182992,0,0,0,1920,1080,False,2022-01-18T14:15:49.8927616+01:00
False,16,1920,1080,U8,3,1920,1080,5760,812466256,0,0,0,1920,1080,False,2022-01-18T14:15:49.9254912+01:00
False,16,1920,1080,U8,3,1920,1080,5760,850726992,0,0,0,1920,1080,False,2022-01-18T14:15:49.9591296+01:00
False,16,1920,1080,U8,3,1920,1080,5760,988074064,0,0,0,1920,1080,False,2022-01-18T14:15:49.9915776+01:00
False,16,1920,1080,U8,3,1920,1080,5760,994340944,0,0,0,1920,1080,False,2022-01-18T14:15:50.0253312+01:00
False,16,1920,1080,U8,3,1920,1080,5760,1000636496,0,0,0,1920,1080,False,2022-01-18T14:15:50.0595840+01:00
False,16,1920,1080,U8,3,1920,1080,5760,1149923408,0,0,0,1920,1080,False,2022-01-18T14:15:50.0914944+01:00
False,16,1920,1080,U8,3,1920,1080,5760,1156214864,0,0,0,1920,1080,False,2022-01-18T14:15:50.1253504+01:00
False,16,1920,1080,U8,3,1920,1080,5760,1162514512,0,0,0,1920,1080,False,2022-01-18T14:15:50.1589632+01:00
False,16,1920,1080,U8,3,1920,1080,5760,1168789584,0,0,0,1920,1080,False,2022-01-18T14:15:50.1931264+01:00
False,16,1920,1080,U8,3,1920,1080,5760,806211664,0,0,0,1920,1080,False,2022-01-18T14:15:50.2253056+01:00
False,16,1920,1080,U8,3,1920,1080,5760,812503120,0,0,0,1920,1080,False,2022-01-18T14:15:50.2592640+01:00
False,16,1920,1080,U8,3,1920,1080,5760,818765904,0,0,0,1920,1080,False,2022-01-18T14:15:50.2917504+01:00
False,16,1920,1080,U8,3,1920,1080,5760,825053264,0,0,0,1920,1080,False,2022-01-18T14:15:50.3261440+01:00
False,16,1920,1080,U8,3,1920,1080,5760,806191184,0,0,0,1920,1080,False,2022-01-18T14:15:50.3584256+01:00
False,16,1920,1080,U8,3,1920,1080,5760,812453968,0,0,0,1920,1080,False,2022-01-18T14:15:50.3926272+01:00
False,16,1920,1080,U8,3,1920,1080,5760,831328336,0,0,0,1920,1080,False,2022-01-18T14:15:50.4261504+01:00
False,16,1920,1080,U8,3,1920,1080,5760,844492880,0,0,0,1920,1080,False,2022-01-18T14:15:50.4599040+01:00
False,16,1920,1080,U8,3,1920,1080,5760,806187088,0,0,0,1920,1080,False,2022-01-18T14:15:50.4917120+01:00
False,16,1920,1080,U8,3,1920,1080,5760,812482640,0,0,0,1920,1080,False,2022-01-18T14:15:50.5254400+01:00
False,16,1920,1080,U8,3,1920,1080,5760,850759760,0,0,0,1920,1080,False,2022-01-18T14:15:50.5594368+01:00
False,16,1920,1080,U8,3,1920,1080,5760,988049488,0,0,0,1920,1080,False,2022-01-18T14:15:50.5916160+01:00
False,16,1920,1080,U8,3,1920,1080,5760,994312272,0,0,0,1920,1080,False,2022-01-18T14:15:50.6255488+01:00
False,16,1920,1080,U8,3,1920,1080,5760,1000558672,0,0,0,1920,1080,False,2022-01-18T14:15:50.6592384+01:00
False,16,1920,1080,U8,3,1920,1080,5760,1149927504,0,0,0,1920,1080,False,2022-01-18T14:15:50.6918912+01:00
False,16,1920,1080,U8,3,1920,1080,5760,1156186192,0,0,0,1920,1080,False,2022-01-18T14:15:50.7255168+01:00
False,16,1920,1080,U8,3,1920,1080,5760,1162412112,0,0,0,1920,1080,False,2022-01-18T14:15:50.7589760+01:00
False,16,1920,1080,U8,3,1920,1080,5760,1168695376,0,0,0,1920,1080,False,2022-01-18T14:15:50.7928704+01:00
False,16,1920,1080,U8,3,1920,1080,5760,806215760,0,0,0,1920,1080,False,2022-01-18T14:15:50.8254592+01:00
False,16,1920,1080,U8,3,1920,1080,5760,812490832,0,0,0,1920,1080,False,2022-01-18T14:15:50.8587264+01:00
False,16,1920,1080,U8,3,1920,1080,5760,818753616,0,0,0,1920,1080,False,2022-01-18T14:15:50.8918400+01:00
False,16,1920,1080,U8,3,1920,1080,5760,825077840,0,0,0,1920,1080,False,2022-01-18T14:15:50.9261824+01:00
False,16,1920,1080,U8,3,1920,1080,5760,806170704,0,0,0,1920,1080,False,2022-01-18T14:15:50.9586944+01:00
False,16,1920,1080,U8,3,1920,1080,5760,812449872,0,0,0,1920,1080,False,2022-01-18T14:15:50.9926016+01:00
False,16,1920,1080,U8,3,1920,1080,5760,831336528,0,0,0,1920,1080,False,2022-01-18T14:15:51.0260608+01:00
False,16,1920,1080,U8,3,1920,1080,5760,844468304,0,0,0,1920,1080,False,2022-01-18T14:15:51.0592640+01:00
False,16,1920,1080,U8,3,1920,1080,5760,806178896,0,0,0,1920,1080,False,2022-01-18T14:15:51.0918400+01:00
False,16,1920,1080,U8,3,1920,1080,5760,812466256,0,0,0,1920,1080,False,2022-01-18T14:15:51.1255168+01:00
False,16,1920,1080,U8,3,1920,1080,5760,850726992,0,0,0,1920,1080,False,2022-01-18T14:15:51.1591552+01:00
False,16,1920,1080,U8,3,1920,1080,5760,988049488,0,0,0,1920,1080,False,2022-01-18T14:15:51.1926272+01:00
False,16,1920,1080,U8,3,1920,1080,5760,994369616,0,0,0,1920,1080,False,2022-01-18T14:15:51.2255488+01:00
False,16,1920,1080,U8,3,1920,1080,5760,1000616016,0,0,0,1920,1080,False,2022-01-18T14:15:51.2589312+01:00
False,16,1920,1080,U8,3,1920,1080,5760,1149911120,0,0,0,1920,1080,False,2022-01-18T14:15:51.2925312+01:00
False,16,1920,1080,U8,3,1920,1080,5760,1156247632,0,0,0,1920,1080,False,2022-01-18T14:15:51.3251328+01:00
False,16,1920,1080,U8,3,1920,1080,5760,1162514512,0,0,0,1920,1080,False,2022-01-18T14:15:51.3590528+01:00
False,16,1920,1080,U8,3,1920,1080,5760,1168773200,0,0,0,1920,1080,False,2022-01-18T14:15:51.3934720+01:00
False,16,1920,1080,U8,3,1920,1080,5760,806178896,0,0,0,1920,1080,False,2022-01-18T14:15:51.4258304+01:00
False,16,1920,1080,U8,3,1920,1080,5760,812507216,0,0,0,1920,1080,False,2022-01-18T14:15:51.4586880+01:00
False,16,1920,1080,U8,3,1920,1080,5760,818782288,0,0,0,1920,1080,False,2022-01-18T14:15:51.4924416+01:00
False,16,1920,1080,U8,3,1920,1080,5760,825069648,0,0,0,1920,1080,False,2022-01-18T14:15:51.5266816+01:00
False,16,1920,1080,U8,3,1920,1080,5760,806182992,0,0,0,1920,1080,False,2022-01-18T14:15:51.5596160+01:00
False,16,1920,1080,U8,3,1920,1080,5760,812453968,0,0,0,1920,1080,False,2022-01-18T14:15:51.5919104+01:00
False,16,1920,1080,U8,3,1920,1080,5760,831348816,0,0,0,1920,1080,False,2022-01-18T14:15:51.6264704+01:00
False,16,1920,1080,U8,3,1920,1080,5760,844443728,0,0,0,1920,1080,False,2022-01-18T14:15:51.6595200+01:00
False,16,1920,1080,U8,3,1920,1080,5760,806178896,0,0,0,1920,1080,False,2022-01-18T14:15:51.6926848+01:00
False,16,1920,1080,U8,3,1920,1080,5760,812511312,0,0,0,1920,1080,False,2022-01-18T14:15:51.7261184+01:00
False,16,1920,1080,U8,3,1920,1080,5760,850739280,0,0,0,1920,1080,False,2022-01-18T14:15:51.7591296+01:00
False,16,1920,1080,U8,3,1920,1080,5760,988024912,0,0,0,1920,1080,False,2022-01-18T14:15:51.7918720+01:00
False,16,1920,1080,U8,3,1920,1080,5760,994316368,0,0,0,1920,1080,False,2022-01-18T14:15:51.8259712+01:00
False,16,1920,1080,U8,3,1920,1080,5760,1000603728,0,0,0,1920,1080,False,2022-01-18T14:15:51.8597504+01:00
False,16,1920,1080,U8,3,1920,1080,5760,1149911120,0,0,0,1920,1080,False,2022-01-18T14:15:51.8930176+01:00
False,16,1920,1080,U8,3,1920,1080,5760,1156206672,0,0,0,1920,1080,False,2022-01-18T14:15:51.9258752+01:00
False,16,1920,1080,U8,3,1920,1080,5760,1162485840,0,0,0,1920,1080,False,2022-01-18T14:15:51.9593856+01:00
False,16,1920,1080,U8,3,1920,1080,5760,1168814160,0,0,0,1920,1080,False,2022-01-18T14:15:51.9929344+01:00
False,16,1920,1080,U8,3,1920,1080,5760,806166608,0,0,0,1920,1080,False,2022-01-18T14:15:52.0264960+01:00
False,16,1920,1080,U8,3,1920,1080,5760,812474448,0,0,0,1920,1080,False,2022-01-18T14:15:52.0589952+01:00
False,16,1920,1080,U8,3,1920,1080,5760,818770000,0,0,0,1920,1080,False,2022-01-18T14:15:52.0923392+01:00
False,16,1920,1080,U8,3,1920,1080,5760,825069648,0,0,0,1920,1080,False,2022-01-18T14:15:52.1267712+01:00
False,16,1920,1080,U8,3,1920,1080,5760,806199376,0,0,0,1920,1080,False,2022-01-18T14:15:52.1590656+01:00
False,16,1920,1080,U8,3,1920,1080,5760,812453968,0,0,0,1920,1080,False,2022-01-18T14:15:52.1922048+01:00
False,16,1920,1080,U8,3,1920,1080,5760,831373392,0,0,0,1920,1080,False,2022-01-18T14:15:52.2263040+01:00
False,16,1920,1080,U8,3,1920,1080,5760,844488784,0,0,0,1920,1080,False,2022-01-18T14:15:52.2602240+01:00
False,16,1920,1080,U8,3,1920,1080,5760,806219856,0,0,0,1920,1080,False,2022-01-18T14:15:52.2920704+01:00
False,16,1920,1080,U8,3,1920,1080,5760,812458064,0,0,0,1920,1080,False,2022-01-18T14:15:52.3259904+01:00
False,16,1920,1080,U8,3,1920,1080,5760,850755664,0,0,0,1920,1080,False,2022-01-18T14:15:52.3597568+01:00
False,16,1920,1080,U8,3,1920,1080,5760,988074064,0,0,0,1920,1080,False,2022-01-18T14:15:52.3929984+01:00
False,16,1920,1080,U8,3,1920,1080,5760,994336848,0,0,0,1920,1080,False,2022-01-18T14:15:52.4260608+01:00
False,16,1920,1080,U8,3,1920,1080,5760,1000632400,0,0,0,1920,1080,False,2022-01-18T14:15:52.4594816+01:00
False,16,1920,1080,U8,3,1920,1080,5760,1149952080,0,0,0,1920,1080,False,2022-01-18T14:15:52.4921344+01:00
False,16,1920,1080,U8,3,1920,1080,5760,1156247632,0,0,0,1920,1080,False,2022-01-18T14:15:52.5258752+01:00
False,16,1920,1080,U8,3,1920,1080,5760,1162477648,0,0,0,1920,1080,False,2022-01-18T14:15:52.5592704+01:00
False,16,1920,1080,U8,3,1920,1080,5760,1168736336,0,0,0,1920,1080,False,2022-01-18T14:15:52.5935872+01:00
False,16,1920,1080,U8,3,1920,1080,5760,806158416,0,0,0,1920,1080,False,2022-01-18T14:15:52.6261504+01:00
False,16,1920,1080,U8,3,1920,1080,5760,812433488,0,0,0,1920,1080,False,2022-01-18T14:15:52.6592896+01:00
False,16,1920,1080,U8,3,1920,1080,5760,818724944,0,0,0,1920,1080,False,2022-01-18T14:15:52.6934528+01:00
False,16,1920,1080,U8,3,1920,1080,5760,825000016,0,0,0,1920,1080,False,2022-01-18T14:15:52.7285248+01:00
False,16,1920,1080,U8,3,1920,1080,5760,806162512,0,0,0,1920,1080,False,2022-01-18T14:15:52.7592064+01:00
False,16,1920,1080,U8,3,1920,1080,5760,831275088,0,0,0,1920,1080,False,2022-01-18T14:15:52.7919232+01:00
False,16,1920,1080,U8,3,1920,1080,5760,844443728,0,0,0,1920,1080,False,2022-01-18T14:15:52.8263936+01:00
False,16,1920,1080,U8,3,1920,1080,5760,850735184,0,0,0,1920,1080,False,2022-01-18T14:15:52.8598016+01:00
False,16,1920,1080,U8,3,1920,1080,5760,806187088,0,0,0,1920,1080,False,2022-01-18T14:15:52.8920576+01:00
False,16,1920,1080,U8,3,1920,1080,5760,831299664,0,0,0,1920,1080,False,2022-01-18T14:15:52.9262976+01:00
False,16,1920,1080,U8,3,1920,1080,5760,988065872,0,0,0,1920,1080,False,2022-01-18T14:15:52.9602432+01:00
False,16,1920,1080,U8,3,1920,1080,5760,994357328,0,0,0,1920,1080,False,2022-01-18T14:15:52.9929088+01:00
False,16,1920,1080,U8,3,1920,1080,5760,1000656976,0,0,0,1920,1080,False,2022-01-18T14:15:53.0260224+01:00
False,16,1920,1080,U8,3,1920,1080,5760,1149898832,0,0,0,1920,1080,False,2022-01-18T14:15:53.0596992+01:00
False,16,1920,1080,U8,3,1920,1080,5760,1156202576,0,0,0,1920,1080,False,2022-01-18T14:15:53.0932864+01:00
False,16,1920,1080,U8,3,1920,1080,5760,1162514512,0,0,0,1920,1080,False,2022-01-18T14:15:53.1251968+01:00
False,16,1920,1080,U8,3,1920,1080,5760,1168822352,0,0,0,1920,1080,False,2022-01-18T14:15:53.1599488+01:00
False,16,1920,1080,U8,3,1920,1080,5760,1175105616,0,0,0,1920,1080,False,2022-01-18T14:15:53.1928320+01:00
False,16,1920,1080,U8,3,1920,1080,5760,806187088,0,0,0,1920,1080,False,2022-01-18T14:15:53.2264960+01:00
False,16,1920,1080,U8,3,1920,1080,5760,812499024,0,0,0,1920,1080,False,2022-01-18T14:15:53.2594304+01:00
False,16,1920,1080,U8,3,1920,1080,5760,818782288,0,0,0,1920,1080,False,2022-01-18T14:15:53.2935936+01:00
False,16,1920,1080,U8,3,1920,1080,5760,825032784,0,0,0,1920,1080,False,2022-01-18T14:15:53.3272704+01:00
False,16,1920,1080,U8,3,1920,1080,5760,806211664,0,0,0,1920,1080,False,2022-01-18T14:15:53.3593088+01:00
False,16,1920,1080,U8,3,1920,1080,5760,812511312,0,0,0,1920,1080,False,2022-01-18T14:15:53.3933952+01:00
False,16,1920,1080,U8,3,1920,1080,5760,831295568,0,0,0,1920,1080,False,2022-01-18T14:15:53.4271616+01:00
False,16,1920,1080,U8,3,1920,1080,5760,844472400,0,0,0,1920,1080,False,2022-01-18T14:15:53.4610688+01:00
False,16,1920,1080,U8,3,1920,1080,5760,806219856,0,0,0,1920,1080,False,2022-01-18T14:15:53.4933504+01:00
False,16,1920,1080,U8,3,1920,1080,5760,812458064,0,0,0,1920,1080,False,2022-01-18T14:15:53.5263104+01:00
False,16,1920,1080,U8,3,1920,1080,5760,850767952,0,0,0,1920,1080,False,2022-01-18T14:15:53.5598720+01:00
False,16,1920,1080,U8,3,1920,1080,5760,988029008,0,0,0,1920,1080,False,2022-01-18T14:15:53.5925376+01:00
False,16,1920,1080,U8,3,1920,1080,5760,994316368,0,0,0,1920,1080,False,2022-01-18T14:15:53.6254080+01:00
False,16,1920,1080,U8,3,1920,1080,5760,1000644688,0,0,0,1920,1080,False,2022-01-18T14:15:53.6595328+01:00
False,16,1920,1080,U8,3,1920,1080,5760,1149894736,0,0,0,1920,1080,False,2022-01-18T14:15:53.6922624+01:00
False,16,1920,1080,U8,3,1920,1080,5760,1156149328,0,0,0,1920,1080,False,2022-01-18T14:15:53.7263616+01:00
False,16,1920,1080,U8,3,1920,1080,5760,1162428496,0,0,0,1920,1080,False,2022-01-18T14:15:53.7594496+01:00
False,16,1920,1080,U8,3,1920,1080,5760,1168752720,0,0,0,1920,1080,False,2022-01-18T14:15:53.7929984+01:00
False,16,1920,1080,U8,3,1920,1080,5760,806162512,0,0,0,1920,1080,False,2022-01-18T14:15:53.8263552+01:00
False,16,1920,1080,U8,3,1920,1080,5760,812507216,0,0,0,1920,1080,False,2022-01-18T14:15:53.8594944+01:00
False,16,1920,1080,U8,3,1920,1080,5760,818790480,0,0,0,1920,1080,False,2022-01-18T14:15:53.8928000+01:00
False,16,1920,1080,U8,3,1920,1080,5760,825061456,0,0,0,1920,1080,False,2022-01-18T14:15:53.9266688+01:00
False,16,1920,1080,U8,3,1920,1080,5760,806195280,0,0,0,1920,1080,False,2022-01-18T14:15:53.9598208+01:00
False,16,1920,1080,U8,3,1920,1080,5760,812507216,0,0,0,1920,1080,False,2022-01-18T14:15:53.9934848+01:00
False,16,1920,1080,U8,3,1920,1080,5760,831336528,0,0,0,1920,1080,False,2022-01-18T14:15:54.0266112+01:00
False,16,1920,1080,U8,3,1920,1080,5760,844488784,0,0,0,1920,1080,False,2022-01-18T14:15:54.0600064+01:00
False,16,1920,1080,U8,3,1920,1080,5760,806187088,0,0,0,1920,1080,False,2022-01-18T14:15:54.0926464+01:00
False,16,1920,1080,U8,3,1920,1080,5760,812470352,0,0,0,1920,1080,False,2022-01-18T14:15:54.1269888+01:00
False,16,1920,1080,U8,3,1920,1080,5760,850784336,0,0,0,1920,1080,False,2022-01-18T14:15:54.1599744+01:00
False,16,1920,1080,U8,3,1920,1080,5760,988069968,0,0,0,1920,1080,False,2022-01-18T14:15:54.1923712+01:00
False,16,1920,1080,U8,3,1920,1080,5760,994332752,0,0,0,1920,1080,False,2022-01-18T14:15:54.2262656+01:00
False,16,1920,1080,U8,3,1920,1080,5760,1000620112,0,0,0,1920,1080,False,2022-01-18T14:15:54.2596480+01:00
False,16,1920,1080,U8,3,1920,1080,5760,1149939792,0,0,0,1920,1080,False,2022-01-18T14:15:54.2924160+01:00
False,16,1920,1080,U8,3,1920,1080,5760,1156206672,0,0,0,1920,1080,False,2022-01-18T14:15:54.3263360+01:00
False,16,1920,1080,U8,3,1920,1080,5760,1162530896,0,0,0,1920,1080,False,2022-01-18T14:15:54.3597184+01:00
False,16,1920,1080,U8,3,1920,1080,5760,1168793680,0,0,0,1920,1080,False,2022-01-18T14:15:54.3933056+01:00
False,16,1920,1080,U8,3,1920,1080,5760,806182992,0,0,0,1920,1080,False,2022-01-18T14:15:54.4269696+01:00
False,16,1920,1080,U8,3,1920,1080,5760,812486736,0,0,0,1920,1080,False,2022-01-18T14:15:54.4602240+01:00
False,16,1920,1080,U8,3,1920,1080,5760,818765904,0,0,0,1920,1080,False,2022-01-18T14:15:54.4927744+01:00
False,16,1920,1080,U8,3,1920,1080,5760,825065552,0,0,0,1920,1080,False,2022-01-18T14:15:54.5272576+01:00
False,16,1920,1080,U8,3,1920,1080,5760,806219856,0,0,0,1920,1080,False,2022-01-18T14:15:54.5594624+01:00
False,16,1920,1080,U8,3,1920,1080,5760,812478544,0,0,0,1920,1080,False,2022-01-18T14:15:54.5925632+01:00
False,16,1920,1080,U8,3,1920,1080,5760,831365200,0,0,0,1920,1080,False,2022-01-18T14:15:54.6267520+01:00
False,16,1920,1080,U8,3,1920,1080,5760,844447824,0,0,0,1920,1080,False,2022-01-18T14:15:54.6607104+01:00
False,16,1920,1080,U8,3,1920,1080,5760,806158416,0,0,0,1920,1080,False,2022-01-18T14:15:54.6934912+01:00
False,16,1920,1080,U8,3,1920,1080,5760,812421200,0,0,0,1920,1080,False,2022-01-18T14:15:54.7268992+01:00
False,16,1920,1080,U8,3,1920,1080,5760,850776144,0,0,0,1920,1080,False,2022-01-18T14:15:54.7598720+01:00
False,16,1920,1080,U8,3,1920,1080,5760,988037200,0,0,0,1920,1080,False,2022-01-18T14:15:54.7924608+01:00
False,16,1920,1080,U8,3,1920,1080,5760,994324560,0,0,0,1920,1080,False,2022-01-18T14:15:54.8265216+01:00
False,16,1920,1080,U8,3,1920,1080,5760,1000616016,0,0,0,1920,1080,False,2022-01-18T14:15:54.8599296+01:00
False,16,1920,1080,U8,3,1920,1080,5760,1149947984,0,0,0,1920,1080,False,2022-01-18T14:15:54.8924288+01:00
False,16,1920,1080,U8,3,1920,1080,5760,1156190288,0,0,0,1920,1080,False,2022-01-18T14:15:54.9254528+01:00
False,16,1920,1080,U8,3,1920,1080,5760,1162489936,0,0,0,1920,1080,False,2022-01-18T14:15:54.9601920+01:00
False,16,1920,1080,U8,3,1920,1080,5760,1168801872,0,0,0,1920,1080,False,2022-01-18T14:15:54.9934336+01:00
False,16,1920,1080,U8,3,1920,1080,5760,806174800,0,0,0,1920,1080,False,2022-01-18T14:15:55.0259712+01:00
False,16,1920,1080,U8,3,1920,1080,5760,812458064,0,0,0,1920,1080,False,2022-01-18T14:15:55.0596608+01:00
False,16,1920,1080,U8,3,1920,1080,5760,818770000,0,0,0,1920,1080,False,2022-01-18T14:15:55.0930688+01:00
False,16,1920,1080,U8,3,1920,1080,5760,825069648,0,0,0,1920,1080,False,2022-01-18T14:15:55.1273728+01:00
False,16,1920,1080,U8,3,1920,1080,5760,806158416,0,0,0,1920,1080,False,2022-01-18T14:15:55.1595776+01:00
False,16,1920,1080,U8,3,1920,1080,5760,812384336,0,0,0,1920,1080,False,2022-01-18T14:15:55.1929088+01:00
False,16,1920,1080,U8,3,1920,1080,5760,831373392,0,0,0,1920,1080,False,2022-01-18T14:15:55.2263296+01:00
False,16,1920,1080,U8,3,1920,1080,5760,844460112,0,0,0,1920,1080,False,2022-01-18T14:15:55.2605568+01:00
False,16,1920,1080,U8,3,1920,1080,5760,806207568,0,0,0,1920,1080,False,2022-01-18T14:15:55.2927616+01:00
False,16,1920,1080,U8,3,1920,1080,5760,812494928,0,0,0,1920,1080,False,2022-01-18T14:15:55.3259776+01:00
False,16,1920,1080,U8,3,1920,1080,5760,850767952,0,0,0,1920,1080,False,2022-01-18T14:15:55.3599744+01:00
False,16,1920,1080,U8,3,1920,1080,5760,988074064,0,0,0,1920,1080,False,2022-01-18T14:15:55.3923456+01:00
False,16,1920,1080,U8,3,1920,1080,5760,994373712,0,0,0,1920,1080,False,2022-01-18T14:15:55.4270336+01:00
False,16,1920,1080,U8,3,1920,1080,5760,1000640592,0,0,0,1920,1080,False,2022-01-18T14:15:55.4604288+01:00
False,16,1920,1080,U8,3,1920,1080,5760,1149911120,0,0,0,1920,1080,False,2022-01-18T14:15:55.4928256+01:00
False,16,1920,1080,U8,3,1920,1080,5760,1156223056,0,0,0,1920,1080,False,2022-01-18T14:15:55.5266944+01:00
False,16,1920,1080,U8,3,1920,1080,5760,1162522704,0,0,0,1920,1080,False,2022-01-18T14:15:55.5601536+01:00
False,16,1920,1080,U8,3,1920,1080,5760,1168830544,0,0,0,1920,1080,False,2022-01-18T14:15:55.5949184+01:00
False,16,1920,1080,U8,3,1920,1080,5760,806166608,0,0,0,1920,1080,False,2022-01-18T14:15:55.6265984+01:00
False,16,1920,1080,U8,3,1920,1080,5760,812458064,0,0,0,1920,1080,False,2022-01-18T14:15:55.6597760+01:00
False,16,1920,1080,U8,3,1920,1080,5760,818745424,0,0,0,1920,1080,False,2022-01-18T14:15:55.6943232+01:00
False,16,1920,1080,U8,3,1920,1080,5760,825094224,0,0,0,1920,1080,False,2022-01-18T14:15:55.7266432+01:00
False,16,1920,1080,U8,3,1920,1080,5760,806162512,0,0,0,1920,1080,False,2022-01-18T14:15:55.7595264+01:00
False,16,1920,1080,U8,3,1920,1080,5760,812503120,0,0,0,1920,1080,False,2022-01-18T14:15:55.7935488+01:00
False,16,1920,1080,U8,3,1920,1080,5760,831352912,0,0,0,1920,1080,False,2022-01-18T14:15:55.8274688+01:00
False,16,1920,1080,U8,3,1920,1080,5760,844451920,0,0,0,1920,1080,False,2022-01-18T14:15:55.8605312+01:00
False,16,1920,1080,U8,3,1920,1080,5760,806166608,0,0,0,1920,1080,False,2022-01-18T14:15:55.8924544+01:00
False,16,1920,1080,U8,3,1920,1080,5760,812449872,0,0,0,1920,1080,False,2022-01-18T14:15:55.9268608+01:00
False,16,1920,1080,U8,3,1920,1080,5760,850772048,0,0,0,1920,1080,False,2022-01-18T14:15:55.9600896+01:00
False,16,1920,1080,U8,3,1920,1080,5760,988065872,0,0,0,1920,1080,False,2022-01-18T14:15:55.9921664+01:00
False,16,1920,1080,U8,3,1920,1080,5760,994365520,0,0,0,1920,1080,False,2022-01-18T14:15:56.0259968+01:00
False,16,1920,1080,U8,3,1920,1080,5760,1000640592,0,0,0,1920,1080,False,2022-01-18T14:15:56.0598656+01:00
False,16,1920,1080,U8,3,1920,1080,5760,1149939792,0,0,0,1920,1080,False,2022-01-18T14:15:56.0936448+01:00
False,16,1920,1080,U8,3,1920,1080,5760,1156214864,0,0,0,1920,1080,False,2022-01-18T14:15:56.1253376+01:00
False,16,1920,1080,U8,3,1920,1080,5760,1162510416,0,0,0,1920,1080,False,2022-01-18T14:15:56.1600896+01:00
False,16,1920,1080,U8,3,1920,1080,5760,1168773200,0,0,0,1920,1080,False,2022-01-18T14:15:56.1931136+01:00
False,16,1920,1080,U8,3,1920,1080,5760,806195280,0,0,0,1920,1080,False,2022-01-18T14:15:56.2278784+01:00
False,16,1920,1080,U8,3,1920,1080,5760,818729040,0,0,0,1920,1080,False,2022-01-18T14:15:56.2592512+01:00
False,16,1920,1080,U8,3,1920,1080,5760,824995920,0,0,0,1920,1080,False,2022-01-18T14:15:56.2929536+01:00
False,16,1920,1080,U8,3,1920,1080,5760,831266896,0,0,0,1920,1080,False,2022-01-18T14:15:56.3262720+01:00
False,16,1920,1080,U8,3,1920,1080,5760,808312912,0,0,0,1920,1080,False,2022-01-18T14:15:56.3588480+01:00
False,16,1920,1080,U8,3,1920,1080,5760,814555216,0,0,0,1920,1080,False,2022-01-18T14:15:56.3942144+01:00
False,16,1920,1080,U8,3,1920,1080,5760,844492880,0,0,0,1920,1080,False,2022-01-18T14:15:56.4263424+01:00
False,16,1920,1080,U8,3,1920,1080,5760,850739280,0,0,0,1920,1080,False,2022-01-18T14:15:56.4611328+01:00
False,16,1920,1080,U8,3,1920,1080,5760,808300624,0,0,0,1920,1080,False,2022-01-18T14:15:56.4922496+01:00
False,16,1920,1080,U8,3,1920,1080,5760,814567504,0,0,0,1920,1080,False,2022-01-18T14:15:56.5274368+01:00
False,16,1920,1080,U8,3,1920,1080,5760,988074064,0,0,0,1920,1080,False,2022-01-18T14:15:56.5606144+01:00
False,16,1920,1080,U8,3,1920,1080,5760,994328656,0,0,0,1920,1080,False,2022-01-18T14:15:56.5929856+01:00
False,16,1920,1080,U8,3,1920,1080,5760,1000611920,0,0,0,1920,1080,False,2022-01-18T14:15:56.6275968+01:00
False,16,1920,1080,U8,3,1920,1080,5760,1149923408,0,0,0,1920,1080,False,2022-01-18T14:15:56.6597504+01:00
False,16,1920,1080,U8,3,1920,1080,5760,1156206672,0,0,0,1920,1080,False,2022-01-18T14:15:56.6922112+01:00
False,16,1920,1080,U8,3,1920,1080,5760,1162498128,0,0,0,1920,1080,False,2022-01-18T14:15:56.7255808+01:00
False,16,1920,1080,U8,3,1920,1080,5760,1168810064,0,0,0,1920,1080,False,2022-01-18T14:15:56.7595136+01:00
False,16,1920,1080,U8,3,1920,1080,5760,1175089232,0,0,0,1920,1080,False,2022-01-18T14:15:56.7940096+01:00
False,16,1920,1080,U8,3,1920,1080,5760,808255568,0,0,0,1920,1080,False,2022-01-18T14:15:56.8261248+01:00
False,16,1920,1080,U8,3,1920,1080,5760,814514256,0,0,0,1920,1080,False,2022-01-18T14:15:56.8600576+01:00
False,16,1920,1080,U8,3,1920,1080,5760,820789328,0,0,0,1920,1080,False,2022-01-18T14:15:56.8936192+01:00
False,16,1920,1080,U8,3,1920,1080,5760,827093072,0,0,0,1920,1080,False,2022-01-18T14:15:56.9289216+01:00
False,16,1920,1080,U8,3,1920,1080,5760,808308816,0,0,0,1920,1080,False,2022-01-18T14:15:56.9599872+01:00
False,16,1920,1080,U8,3,1920,1080,5760,844476496,0,0,0,1920,1080,False,2022-01-18T14:15:56.9930112+01:00
False,16,1920,1080,U8,3,1920,1080,5760,850739280,0,0,0,1920,1080,False,2022-01-18T14:15:57.0264832+01:00
False,16,1920,1080,U8,3,1920,1080,5760,988029008,0,0,0,1920,1080,False,2022-01-18T14:15:57.0597376+01:00
False,16,1920,1080,U8,3,1920,1080,5760,808317008,0,0,0,1920,1080,False,2022-01-18T14:15:57.0921856+01:00
False,16,1920,1080,U8,3,1920,1080,5760,844472400,0,0,0,1920,1080,False,2022-01-18T14:15:57.1256192+01:00
False,16,1920,1080,U8,3,1920,1080,5760,994340944,0,0,0,1920,1080,False,2022-01-18T14:15:57.1598848+01:00
False,16,1920,1080,U8,3,1920,1080,5760,814547024,0,0,0,1920,1080,False,2022-01-18T14:15:57.1932928+01:00
False,16,1920,1080,U8,3,1920,1080,5760,1000616016,0,0,0,1920,1080,False,2022-01-18T14:15:57.2255104+01:00
False,16,1920,1080,U8,3,1920,1080,5760,1149898832,0,0,0,1920,1080,False,2022-01-18T14:15:57.2596096+01:00
False,16,1920,1080,U8,3,1920,1080,5760,1156231248,0,0,0,1920,1080,False,2022-01-18T14:15:57.2920960+01:00
False,16,1920,1080,U8,3,1920,1080,5760,1162506320,0,0,0,1920,1080,False,2022-01-18T14:15:57.3263488+01:00
False,16,1920,1080,U8,3,1920,1080,5760,1168781392,0,0,0,1920,1080,False,2022-01-18T14:15:57.3595392+01:00
False,16,1920,1080,U8,3,1920,1080,5760,1175068752,0,0,0,1920,1080,False,2022-01-18T14:15:57.3947776+01:00
False,16,1920,1080,U8,3,1920,1080,5760,808304720,0,0,0,1920,1080,False,2022-01-18T14:15:57.4257920+01:00
False,16,1920,1080,U8,3,1920,1080,5760,814604368,0,0,0,1920,1080,False,2022-01-18T14:15:57.4596480+01:00
False,16,1920,1080,U8,3,1920,1080,5760,820871248,0,0,0,1920,1080,False,2022-01-18T14:15:57.4930944+01:00
False,16,1920,1080,U8,3,1920,1080,5760,827179088,0,0,0,1920,1080,False,2022-01-18T14:15:57.5263488+01:00
False,16,1920,1080,U8,3,1920,1080,5760,808280144,0,0,0,1920,1080,False,2022-01-18T14:15:57.5598080+01:00
False,16,1920,1080,U8,3,1920,1080,5760,814583888,0,0,0,1920,1080,False,2022-01-18T14:15:57.5938560+01:00
False,16,1920,1080,U8,3,1920,1080,5760,844447824,0,0,0,1920,1080,False,2022-01-18T14:15:57.6271104+01:00
False,16,1920,1080,U8,3,1920,1080,5760,850759760,0,0,0,1920,1080,False,2022-01-18T14:15:57.6604032+01:00
False,16,1920,1080,U8,3,1920,1080,5760,808312912,0,0,0,1920,1080,False,2022-01-18T14:15:57.6935168+01:00
False,16,1920,1080,U8,3,1920,1080,5760,814583888,0,0,0,1920,1080,False,2022-01-18T14:15:57.7268864+01:00
False,16,1920,1080,U8,3,1920,1080,5760,988049488,0,0,0,1920,1080,False,2022-01-18T14:15:57.7597056+01:00
False,16,1920,1080,U8,3,1920,1080,5760,994353232,0,0,0,1920,1080,False,2022-01-18T14:15:57.7922816+01:00
False,16,1920,1080,U8,3,1920,1080,5760,1000644688,0,0,0,1920,1080,False,2022-01-18T14:15:57.8264192+01:00
False,16,1920,1080,U8,3,1920,1080,5760,1149915216,0,0,0,1920,1080,False,2022-01-18T14:15:57.8604672+01:00
False,16,1920,1080,U8,3,1920,1080,5760,1156243536,0,0,0,1920,1080,False,2022-01-18T14:15:57.8931840+01:00
False,16,1920,1080,U8,3,1920,1080,5760,1162539088,0,0,0,1920,1080,False,2022-01-18T14:15:57.9265408+01:00
False,16,1920,1080,U8,3,1920,1080,5760,1168789584,0,0,0,1920,1080,False,2022-01-18T14:15:57.9611008+01:00
False,16,1920,1080,U8,3,1920,1080,5760,1175105616,0,0,0,1920,1080,False,2022-01-18T14:15:57.9932288+01:00
False,16,1920,1080,U8,3,1920,1080,5760,808284240,0,0,0,1920,1080,False,2022-01-18T14:15:58.0264192+01:00
False,16,1920,1080,U8,3,1920,1080,5760,814604368,0,0,0,1920,1080,False,2022-01-18T14:15:58.0592512+01:00
False,16,1920,1080,U8,3,1920,1080,5760,820838480,0,0,0,1920,1080,False,2022-01-18T14:15:58.0936960+01:00
False,16,1920,1080,U8,3,1920,1080,5760,827084880,0,0,0,1920,1080,False,2022-01-18T14:15:58.1269120+01:00
False,16,1920,1080,U8,3,1920,1080,5760,808284240,0,0,0,1920,1080,False,2022-01-18T14:15:58.1587456+01:00
False,16,1920,1080,U8,3,1920,1080,5760,814547024,0,0,0,1920,1080,False,2022-01-18T14:15:58.1924224+01:00
False,16,1920,1080,U8,3,1920,1080,5760,844443728,0,0,0,1920,1080,False,2022-01-18T14:15:58.2266496+01:00
False,16,1920,1080,U8,3,1920,1080,5760,850739280,0,0,0,1920,1080,False,2022-01-18T14:15:58.2600064+01:00
False,16,1920,1080,U8,3,1920,1080,5760,808255568,0,0,0,1920,1080,False,2022-01-18T14:15:58.2924416+01:00
False,16,1920,1080,U8,3,1920,1080,5760,814506064,0,0,0,1920,1080,False,2022-01-18T14:15:58.3257344+01:00
False,16,1920,1080,U8,3,1920,1080,5760,988024912,0,0,0,1920,1080,False,2022-01-18T14:15:58.3597952+01:00
False,16,1920,1080,U8,3,1920,1080,5760,994328656,0,0,0,1920,1080,False,2022-01-18T14:15:58.3924864+01:00
False,16,1920,1080,U8,3,1920,1080,5760,1000665168,0,0,0,1920,1080,False,2022-01-18T14:15:58.4256384+01:00
False,16,1920,1080,U8,3,1920,1080,5760,1149911120,0,0,0,1920,1080,False,2022-01-18T14:15:58.4599936+01:00
False,16,1920,1080,U8,3,1920,1080,5760,1156190288,0,0,0,1920,1080,False,2022-01-18T14:15:58.4925312+01:00
False,16,1920,1080,U8,3,1920,1080,5760,1162539088,0,0,0,1920,1080,False,2022-01-18T14:15:58.5253376+01:00
False,16,1920,1080,U8,3,1920,1080,5760,1168781392,0,0,0,1920,1080,False,2022-01-18T14:15:58.5608704+01:00
False,16,1920,1080,U8,3,1920,1080,5760,1175105616,0,0,0,1920,1080,False,2022-01-18T14:15:58.5933568+01:00
False,16,1920,1080,U8,3,1920,1080,5760,808292432,0,0,0,1920,1080,False,2022-01-18T14:15:58.6258048+01:00
False,16,1920,1080,U8,3,1920,1080,5760,814600272,0,0,0,1920,1080,False,2022-01-18T14:15:58.6598400+01:00
False,16,1920,1080,U8,3,1920,1080,5760,820838480,0,0,0,1920,1080,False,2022-01-18T14:15:58.6936192+01:00
False,16,1920,1080,U8,3,1920,1080,5760,827097168,0,0,0,1920,1080,False,2022-01-18T14:15:58.7270656+01:00
False,16,1920,1080,U8,3,1920,1080,5760,808312912,0,0,0,1920,1080,False,2022-01-18T14:15:58.7602688+01:00
False,16,1920,1080,U8,3,1920,1080,5760,814579792,0,0,0,1920,1080,False,2022-01-18T14:15:58.7932416+01:00
False,16,1920,1080,U8,3,1920,1080,5760,844431440,0,0,0,1920,1080,False,2022-01-18T14:15:58.8268672+01:00
False,16,1920,1080,U8,3,1920,1080,5760,850698320,0,0,0,1920,1080,False,2022-01-18T14:15:58.8606592+01:00
False,16,1920,1080,U8,3,1920,1080,5760,808259664,0,0,0,1920,1080,False,2022-01-18T14:15:58.8930816+01:00
False,16,1920,1080,U8,3,1920,1080,5760,814592080,0,0,0,1920,1080,False,2022-01-18T14:15:58.9271168+01:00
False,16,1920,1080,U8,3,1920,1080,5760,988082256,0,0,0,1920,1080,False,2022-01-18T14:15:58.9608448+01:00
False,16,1920,1080,U8,3,1920,1080,5760,994320464,0,0,0,1920,1080,False,2022-01-18T14:15:58.9928192+01:00
False,16,1920,1080,U8,3,1920,1080,5760,1000620112,0,0,0,1920,1080,False,2022-01-18T14:15:59.0257920+01:00
False,16,1920,1080,U8,3,1920,1080,5760,1149927504,0,0,0,1920,1080,False,2022-01-18T14:15:59.0602752+01:00
False,16,1920,1080,U8,3,1920,1080,5760,1156223056,0,0,0,1920,1080,False,2022-01-18T14:15:59.0920448+01:00
False,16,1920,1080,U8,3,1920,1080,5760,1162477648,0,0,0,1920,1080,False,2022-01-18T14:15:59.1271296+01:00
False,16,1920,1080,U8,3,1920,1080,5760,1168760912,0,0,0,1920,1080,False,2022-01-18T14:15:59.1606016+01:00
False,16,1920,1080,U8,3,1920,1080,5760,1175003216,0,0,0,1920,1080,False,2022-01-18T14:15:59.1929088+01:00
False,16,1920,1080,U8,3,1920,1080,5760,808317008,0,0,0,1920,1080,False,2022-01-18T14:15:59.2269696+01:00
False,16,1920,1080,U8,3,1920,1080,5760,814583888,0,0,0,1920,1080,False,2022-01-18T14:15:59.2594304+01:00
False,16,1920,1080,U8,3,1920,1080,5760,820863056,0,0,0,1920,1080,False,2022-01-18T14:15:59.2933888+01:00
False,16,1920,1080,U8,3,1920,1080,5760,827166800,0,0,0,1920,1080,False,2022-01-18T14:15:59.3272192+01:00
False,16,1920,1080,U8,3,1920,1080,5760,808300624,0,0,0,1920,1080,False,2022-01-18T14:15:59.3600256+01:00
False,16,1920,1080,U8,3,1920,1080,5760,814551120,0,0,0,1920,1080,False,2022-01-18T14:15:59.3921664+01:00
False,16,1920,1080,U8,3,1920,1080,5760,844460112,0,0,0,1920,1080,False,2022-01-18T14:15:59.4267520+01:00
False,16,1920,1080,U8,3,1920,1080,5760,850759760,0,0,0,1920,1080,False,2022-01-18T14:15:59.4601856+01:00
False,16,1920,1080,U8,3,1920,1080,5760,808317008,0,0,0,1920,1080,False,2022-01-18T14:15:59.4926080+01:00
False,16,1920,1080,U8,3,1920,1080,5760,814575696,0,0,0,1920,1080,False,2022-01-18T14:15:59.5264768+01:00
False,16,1920,1080,U8,3,1920,1080,5760,988065872,0,0,0,1920,1080,False,2022-01-18T14:15:59.5595520+01:00
False,16,1920,1080,U8,3,1920,1080,5760,994365520,0,0,0,1920,1080,False,2022-01-18T14:15:59.5934464+01:00
False,16,1920,1080,U8,3,1920,1080,5760,1000644688,0,0,0,1920,1080,False,2022-01-18T14:15:59.6263296+01:00
False,16,1920,1080,U8,3,1920,1080,5760,1149943888,0,0,0,1920,1080,False,2022-01-18T14:15:59.6596224+01:00
False,16,1920,1080,U8,3,1920,1080,5760,1156206672,0,0,0,1920,1080,False,2022-01-18T14:15:59.6930432+01:00
False,16,1920,1080,U8,3,1920,1080,5760,1162506320,0,0,0,1920,1080,False,2022-01-18T14:15:59.7258880+01:00
False,16,1920,1080,U8,3,1920,1080,5760,1168818256,0,0,0,1920,1080,False,2022-01-18T14:15:59.7592192+01:00
False,16,1920,1080,U8,3,1920,1080,5760,1175076944,0,0,0,1920,1080,False,2022-01-18T14:15:59.7927296+01:00
False,16,1920,1080,U8,3,1920,1080,5760,808255568,0,0,0,1920,1080,False,2022-01-18T14:15:59.8259456+01:00
False,16,1920,1080,U8,3,1920,1080,5760,814514256,0,0,0,1920,1080,False,2022-01-18T14:15:59.8591360+01:00
False,16,1920,1080,U8,3,1920,1080,5760,820772944,0,0,0,1920,1080,False,2022-01-18T14:15:59.8926848+01:00
False,16,1920,1080,U8,3,1920,1080,5760,827019344,0,0,0,1920,1080,False,2022-01-18T14:15:59.9268608+01:00
False,16,1920,1080,U8,3,1920,1080,5760,808259664,0,0,0,1920,1080,False,2022-01-18T14:15:59.9601792+01:00
False,16,1920,1080,U8,3,1920,1080,5760,844484688,0,0,0,1920,1080,False,2022-01-18T14:15:59.9922560+01:00
False,16,1920,1080,U8,3,1920,1080,5760,850726992,0,0,0,1920,1080,False,2022-01-18T14:16:00.0262656+01:00
False,16,1920,1080,U8,3,1920,1080,5760,988049488,0,0,0,1920,1080,False,2022-01-18T14:16:00.0596992+01:00
False,16,1920,1080,U8,3,1920,1080,5760,808308816,0,0,0,1920,1080,False,2022-01-18T14:16:00.0921216+01:00
False,16,1920,1080,U8,3,1920,1080,5760,844468304,0,0,0,1920,1080,False,2022-01-18T14:16:00.1275776+01:00
False,16,1920,1080,U8,3,1920,1080,5760,994320464,0,0,0,1920,1080,False,2022-01-18T14:16:00.1597952+01:00
False,16,1920,1080,U8,3,1920,1080,5760,1000644688,0,0,0,1920,1080,False,2022-01-18T14:16:00.1934976+01:00
False,16,1920,1080,U8,3,1920,1080,5760,1149935696,0,0,0,1920,1080,False,2022-01-18T14:16:00.2276096+01:00
False,16,1920,1080,U8,3,1920,1080,5760,1156202576,0,0,0,1920,1080,False,2022-01-18T14:16:00.2598528+01:00
False,16,1920,1080,U8,3,1920,1080,5760,1162534992,0,0,0,1920,1080,False,2022-01-18T14:16:00.2934272+01:00
False,16,1920,1080,U8,3,1920,1080,5760,1168793680,0,0,0,1920,1080,False,2022-01-18T14:16:00.3272960+01:00
False,16,1920,1080,U8,3,1920,1080,5760,1175076944,0,0,0,1920,1080,False,2022-01-18T14:16:00.3605504+01:00
False,16,1920,1080,U8,3,1920,1080,5760,1181356112,0,0,0,1920,1080,False,2022-01-18T14:16:00.3931392+01:00
False,16,1920,1080,U8,3,1920,1080,5760,808284240,0,0,0,1920,1080,False,2022-01-18T14:16:00.4275584+01:00
False,16,1920,1080,U8,3,1920,1080,5760,814567504,0,0,0,1920,1080,False,2022-01-18T14:16:00.4594688+01:00
False,16,1920,1080,U8,3,1920,1080,5760,820895824,0,0,0,1920,1080,False,2022-01-18T14:16:00.4924160+01:00
False,16,1920,1080,U8,3,1920,1080,5760,827166800,0,0,0,1920,1080,False,2022-01-18T14:16:00.5266176+01:00
False,16,1920,1080,U8,3,1920,1080,5760,808271952,0,0,0,1920,1080,False,2022-01-18T14:16:00.5591680+01:00
False,16,1920,1080,U8,3,1920,1080,5760,814571600,0,0,0,1920,1080,False,2022-01-18T14:16:00.5932160+01:00
False,16,1920,1080,U8,3,1920,1080,5760,844480592,0,0,0,1920,1080,False,2022-01-18T14:16:00.6277376+01:00
False,16,1920,1080,U8,3,1920,1080,5760,850743376,0,0,0,1920,1080,False,2022-01-18T14:16:00.6611712+01:00
False,16,1920,1080,U8,3,1920,1080,5760,808304720,0,0,0,1920,1080,False,2022-01-18T14:16:00.6940416+01:00
False,16,1920,1080,U8,3,1920,1080,5760,814555216,0,0,0,1920,1080,False,2022-01-18T14:16:00.7264512+01:00
False,16,1920,1080,U8,3,1920,1080,5760,988065872,0,0,0,1920,1080,False,2022-01-18T14:16:00.7601792+01:00
False,16,1920,1080,U8,3,1920,1080,5760,994369616,0,0,0,1920,1080,False,2022-01-18T14:16:00.7921920+01:00
False,16,1920,1080,U8,3,1920,1080,5760,1000607824,0,0,0,1920,1080,False,2022-01-18T14:16:00.8279296+01:00
False,16,1920,1080,U8,3,1920,1080,5760,1149931600,0,0,0,1920,1080,False,2022-01-18T14:16:00.8602624+01:00
False,16,1920,1080,U8,3,1920,1080,5760,1156231248,0,0,0,1920,1080,False,2022-01-18T14:16:00.8922496+01:00
False,16,1920,1080,U8,3,1920,1080,5760,1162494032,0,0,0,1920,1080,False,2022-01-18T14:16:00.9253504+01:00
False,16,1920,1080,U8,3,1920,1080,5760,1168785488,0,0,0,1920,1080,False,2022-01-18T14:16:00.9614720+01:00
False,16,1920,1080,U8,3,1920,1080,5760,1175085136,0,0,0,1920,1080,False,2022-01-18T14:16:00.9945856+01:00
False,16,1920,1080,U8,3,1920,1080,5760,808288336,0,0,0,1920,1080,False,2022-01-18T14:16:01.0252160+01:00
False,16,1920,1080,U8,3,1920,1080,5760,814579792,0,0,0,1920,1080,False,2022-01-18T14:16:01.0598016+01:00
False,16,1920,1080,U8,3,1920,1080,5760,820863056,0,0,0,1920,1080,False,2022-01-18T14:16:01.0925696+01:00
False,16,1920,1080,U8,3,1920,1080,5760,827154512,0,0,0,1920,1080,False,2022-01-18T14:16:01.1286144+01:00
False,16,1920,1080,U8,3,1920,1080,5760,808304720,0,0,0,1920,1080,False,2022-01-18T14:16:01.1612672+01:00
False,16,1920,1080,U8,3,1920,1080,5760,814596176,0,0,0,1920,1080,False,2022-01-18T14:16:01.1924480+01:00
False,16,1920,1080,U8,3,1920,1080,5760,844431440,0,0,0,1920,1080,False,2022-01-18T14:16:01.2284800+01:00
False,16,1920,1080,U8,3,1920,1080,5760,850661456,0,0,0,1920,1080,False,2022-01-18T14:16:01.2601728+01:00
False,16,1920,1080,U8,3,1920,1080,5760,808312912,0,0,0,1920,1080,False,2022-01-18T14:16:01.2939136+01:00
False,16,1920,1080,U8,3,1920,1080,5760,814596176,0,0,0,1920,1080,False,2022-01-18T14:16:01.3269632+01:00
False,16,1920,1080,U8,3,1920,1080,5760,988020816,0,0,0,1920,1080,False,2022-01-18T14:16:01.3615616+01:00
False,16,1920,1080,U8,3,1920,1080,5760,994246736,0,0,0,1920,1080,False,2022-01-18T14:16:01.3925120+01:00
False,16,1920,1080,U8,3,1920,1080,5760,1000480848,0,0,0,1920,1080,False,2022-01-18T14:16:01.4255232+01:00
False,16,1920,1080,U8,3,1920,1080,5760,1149898832,0,0,0,1920,1080,False,2022-01-18T14:16:01.4617856+01:00
False,16,1920,1080,U8,3,1920,1080,5760,1156239440,0,0,0,1920,1080,False,2022-01-18T14:16:01.4925440+01:00
False,16,1920,1080,U8,3,1920,1080,5760,1162534992,0,0,0,1920,1080,False,2022-01-18T14:16:01.5284224+01:00
False,16,1920,1080,U8,3,1920,1080,5760,1168805968,0,0,0,1920,1080,False,2022-01-18T14:16:01.5599104+01:00
False,16,1920,1080,U8,3,1920,1080,5760,1175068752,0,0,0,1920,1080,False,2022-01-18T14:16:01.5933184+01:00
False,16,1920,1080,U8,3,1920,1080,5760,808255568,0,0,0,1920,1080,False,2022-01-18T14:16:01.6280832+01:00
False,16,1920,1080,U8,3,1920,1080,5760,814518352,0,0,0,1920,1080,False,2022-01-18T14:16:01.6594432+01:00
False,16,1920,1080,U8,3,1920,1080,5760,820793424,0,0,0,1920,1080,False,2022-01-18T14:16:01.6943104+01:00
False,16,1920,1080,U8,3,1920,1080,5760,827072592,0,0,0,1920,1080,False,2022-01-18T14:16:01.7285632+01:00
False,16,1920,1080,U8,3,1920,1080,5760,808292432,0,0,0,1920,1080,False,2022-01-18T14:16:01.7593600+01:00
False,16,1920,1080,U8,3,1920,1080,5760,844468304,0,0,0,1920,1080,False,2022-01-18T14:16:01.7937536+01:00
False,16,1920,1080,U8,3,1920,1080,5760,850735184,0,0,0,1920,1080,False,2022-01-18T14:16:01.8282496+01:00
False,16,1920,1080,U8,3,1920,1080,5760,988065872,0,0,0,1920,1080,False,2022-01-18T14:16:01.8605568+01:00
False,16,1920,1080,U8,3,1920,1080,5760,808296528,0,0,0,1920,1080,False,2022-01-18T14:16:01.8926720+01:00
False,16,1920,1080,U8,3,1920,1080,5760,844472400,0,0,0,1920,1080,False,2022-01-18T14:16:01.9283200+01:00
False,16,1920,1080,U8,3,1920,1080,5760,814547024,0,0,0,1920,1080,False,2022-01-18T14:16:01.9598720+01:00
False,16,1920,1080,U8,3,1920,1080,5760,994316368,0,0,0,1920,1080,False,2022-01-18T14:16:01.9937536+01:00
False,16,1920,1080,U8,3,1920,1080,5760,1000661072,0,0,0,1920,1080,False,2022-01-18T14:16:02.0267136+01:00
False,16,1920,1080,U8,3,1920,1080,5760,1149919312,0,0,0,1920,1080,False,2022-01-18T14:16:02.0597248+01:00
False,16,1920,1080,U8,3,1920,1080,5760,1156239440,0,0,0,1920,1080,False,2022-01-18T14:16:02.0937088+01:00
False,16,1920,1080,U8,3,1920,1080,5760,1162534992,0,0,0,1920,1080,False,2022-01-18T14:16:02.1270400+01:00
False,16,1920,1080,U8,3,1920,1080,5760,1168769104,0,0,0,1920,1080,False,2022-01-18T14:16:02.1599488+01:00
False,16,1920,1080,U8,3,1920,1080,5760,1175040080,0,0,0,1920,1080,False,2022-01-18T14:16:02.1945728+01:00
False,16,1920,1080,U8,3,1920,1080,5760,808276048,0,0,0,1920,1080,False,2022-01-18T14:16:02.2264192+01:00
False,16,1920,1080,U8,3,1920,1080,5760,814567504,0,0,0,1920,1080,False,2022-01-18T14:16:02.2592000+01:00
False,16,1920,1080,U8,3,1920,1080,5760,820858960,0,0,0,1920,1080,False,2022-01-18T14:16:02.2927616+01:00
False,16,1920,1080,U8,3,1920,1080,5760,827166800,0,0,0,1920,1080,False,2022-01-18T14:16:02.3274496+01:00
False,16,1920,1080,U8,3,1920,1080,5760,808271952,0,0,0,1920,1080,False,2022-01-18T14:16:02.3596544+01:00
False,16,1920,1080,U8,3,1920,1080,5760,814608464,0,0,0,1920,1080,False,2022-01-18T14:16:02.3927552+01:00
False,16,1920,1080,U8,3,1920,1080,5760,844439632,0,0,0,1920,1080,False,2022-01-18T14:16:02.4263296+01:00
False,16,1920,1080,U8,3,1920,1080,5760,850743376,0,0,0,1920,1080,False,2022-01-18T14:16:02.4614656+01:00
False,16,1920,1080,U8,3,1920,1080,5760,808271952,0,0,0,1920,1080,False,2022-01-18T14:16:02.4922752+01:00
False,16,1920,1080,U8,3,1920,1080,5760,814555216,0,0,0,1920,1080,False,2022-01-18T14:16:02.5259520+01:00
False,16,1920,1080,U8,3,1920,1080,5760,988049488,0,0,0,1920,1080,False,2022-01-18T14:16:02.5602816+01:00
False,16,1920,1080,U8,3,1920,1080,5760,994336848,0,0,0,1920,1080,False,2022-01-18T14:16:02.5936128+01:00
False,16,1920,1080,U8,3,1920,1080,5760,1000661072,0,0,0,1920,1080,False,2022-01-18T14:16:02.6268544+01:00
False,16,1920,1080,U8,3,1920,1080,5760,1149919312,0,0,0,1920,1080,False,2022-01-18T14:16:02.6603264+01:00
False,16,1920,1080,U8,3,1920,1080,5760,1156239440,0,0,0,1920,1080,False,2022-01-18T14:16:02.6941056+01:00
False,16,1920,1080,U8,3,1920,1080,5760,1162485840,0,0,0,1920,1080,False,2022-01-18T14:16:02.7260800+01:00
False,16,1920,1080,U8,3,1920,1080,5760,1168822352,0,0,0,1920,1080,False,2022-01-18T14:16:02.7611776+01:00
False,16,1920,1080,U8,3,1920,1080,5760,1175109712,0,0,0,1920,1080,False,2022-01-18T14:16:02.7945344+01:00
False,16,1920,1080,U8,3,1920,1080,5760,808255568,0,0,0,1920,1080,False,2022-01-18T14:16:02.8257024+01:00
False,16,1920,1080,U8,3,1920,1080,5760,814485584,0,0,0,1920,1080,False,2022-01-18T14:16:02.8594176+01:00
False,16,1920,1080,U8,3,1920,1080,5760,820777040,0,0,0,1920,1080,False,2022-01-18T14:16:02.8930560+01:00
False,16,1920,1080,U8,3,1920,1080,5760,827084880,0,0,0,1920,1080,False,2022-01-18T14:16:02.9266304+01:00
False,16,1920,1080,U8,3,1920,1080,5760,808300624,0,0,0,1920,1080,False,2022-01-18T14:16:02.9596800+01:00
False,16,1920,1080,U8,3,1920,1080,5760,844451920,0,0,0,1920,1080,False,2022-01-18T14:16:02.9937664+01:00
False,16,1920,1080,U8,3,1920,1080,5760,850743376,0,0,0,1920,1080,False,2022-01-18T14:16:03.0269312+01:00
False,16,1920,1080,U8,3,1920,1080,5760,988024912,0,0,0,1920,1080,False,2022-01-18T14:16:03.0602624+01:00
False,16,1920,1080,U8,3,1920,1080,5760,808280144,0,0,0,1920,1080,False,2022-01-18T14:16:03.0926336+01:00
False,16,1920,1080,U8,3,1920,1080,5760,844435536,0,0,0,1920,1080,False,2022-01-18T14:16:03.1261824+01:00
False,16,1920,1080,U8,3,1920,1080,5760,994369616,0,0,0,1920,1080,False,2022-01-18T14:16:03.1602432+01:00
False,16,1920,1080,U8,3,1920,1080,5760,814547024,0,0,0,1920,1080,False,2022-01-18T14:16:03.1929216+01:00
False,16,1920,1080,U8,3,1920,1080,5760,1000661072,0,0,0,1920,1080,False,2022-01-18T14:16:03.2260096+01:00
False,16,1920,1080,U8,3,1920,1080,5760,1149915216,0,0,0,1920,1080,False,2022-01-18T14:16:03.2611840+01:00
False,16,1920,1080,U8,3,1920,1080,5760,1156218960,0,0,0,1920,1080,False,2022-01-18T14:16:03.2926080+01:00
False,16,1920,1080,U8,3,1920,1080,5760,1162510416,0,0,0,1920,1080,False,2022-01-18T14:16:03.3270912+01:00
False,16,1920,1080,U8,3,1920,1080,5760,1168769104,0,0,0,1920,1080,False,2022-01-18T14:16:03.3603712+01:00
False,16,1920,1080,U8,3,1920,1080,5760,1175019600,0,0,0,1920,1080,False,2022-01-18T14:16:03.3949312+01:00
False,16,1920,1080,U8,3,1920,1080,5760,808292432,0,0,0,1920,1080,False,2022-01-18T14:16:03.4262016+01:00
False,16,1920,1080,U8,3,1920,1080,5760,814583888,0,0,0,1920,1080,False,2022-01-18T14:16:03.4600576+01:00
False,16,1920,1080,U8,3,1920,1080,5760,820883536,0,0,0,1920,1080,False,2022-01-18T14:16:03.4942464+01:00
False,16,1920,1080,U8,3,1920,1080,5760,827183184,0,0,0,1920,1080,False,2022-01-18T14:16:03.5281152+01:00
False,16,1920,1080,U8,3,1920,1080,5760,808255568,0,0,0,1920,1080,False,2022-01-18T14:16:03.5603584+01:00
False,16,1920,1080,U8,3,1920,1080,5760,814506064,0,0,0,1920,1080,False,2022-01-18T14:16:03.5934080+01:00
False,16,1920,1080,U8,3,1920,1080,5760,844492880,0,0,0,1920,1080,False,2022-01-18T14:16:03.6274432+01:00
False,16,1920,1080,U8,3,1920,1080,5760,850767952,0,0,0,1920,1080,False,2022-01-18T14:16:03.6617984+01:00
False,16,1920,1080,U8,3,1920,1080,5760,808263760,0,0,0,1920,1080,False,2022-01-18T14:16:03.6931456+01:00
False,16,1920,1080,U8,3,1920,1080,5760,814563408,0,0,0,1920,1080,False,2022-01-18T14:16:03.7265152+01:00
False,16,1920,1080,U8,3,1920,1080,5760,988045392,0,0,0,1920,1080,False,2022-01-18T14:16:03.7611648+01:00
False,16,1920,1080,U8,3,1920,1080,5760,994373712,0,0,0,1920,1080,False,2022-01-18T14:16:03.7934208+01:00
False,16,1920,1080,U8,3,1920,1080,5760,1000661072,0,0,0,1920,1080,False,2022-01-18T14:16:03.8270208+01:00
False,16,1920,1080,U8,3,1920,1080,5760,1149919312,0,0,0,1920,1080,False,2022-01-18T14:16:03.8618240+01:00
False,16,1920,1080,U8,3,1920,1080,5760,1156231248,0,0,0,1920,1080,False,2022-01-18T14:16:03.8935680+01:00
False,16,1920,1080,U8,3,1920,1080,5760,1162502224,0,0,0,1920,1080,False,2022-01-18T14:16:03.9264768+01:00
False,16,1920,1080,U8,3,1920,1080,5760,1168769104,0,0,0,1920,1080,False,2022-01-18T14:16:03.9610624+01:00
False,16,1920,1080,U8,3,1920,1080,5760,1175052368,0,0,0,1920,1080,False,2022-01-18T14:16:03.9954176+01:00
False,16,1920,1080,U8,3,1920,1080,5760,808284240,0,0,0,1920,1080,False,2022-01-18T14:16:04.0265728+01:00
False,16,1920,1080,U8,3,1920,1080,5760,814592080,0,0,0,1920,1080,False,2022-01-18T14:16:04.0608384+01:00
False,16,1920,1080,U8,3,1920,1080,5760,820879440,0,0,0,1920,1080,False,2022-01-18T14:16:04.0935296+01:00
False,16,1920,1080,U8,3,1920,1080,5760,827170896,0,0,0,1920,1080,False,2022-01-18T14:16:04.1282176+01:00
False,16,1920,1080,U8,3,1920,1080,5760,808280144,0,0,0,1920,1080,False,2022-01-18T14:16:04.1603456+01:00
False,16,1920,1080,U8,3,1920,1080,5760,814551120,0,0,0,1920,1080,False,2022-01-18T14:16:04.1944576+01:00
False,16,1920,1080,U8,3,1920,1080,5760,844443728,0,0,0,1920,1080,False,2022-01-18T14:16:04.2271872+01:00
False,16,1920,1080,U8,3,1920,1080,5760,850755664,0,0,0,1920,1080,False,2022-01-18T14:16:04.2615296+01:00
False,16,1920,1080,U8,3,1920,1080,5760,808304720,0,0,0,1920,1080,False,2022-01-18T14:16:04.2941568+01:00
False,16,1920,1080,U8,3,1920,1080,5760,814596176,0,0,0,1920,1080,False,2022-01-18T14:16:04.3278080+01:00
False,16,1920,1080,U8,3,1920,1080,5760,988074064,0,0,0,1920,1080,False,2022-01-18T14:16:04.3609344+01:00
False,16,1920,1080,U8,3,1920,1080,5760,994369616,0,0,0,1920,1080,False,2022-01-18T14:16:04.3944192+01:00
False,16,1920,1080,U8,3,1920,1080,5760,1000628304,0,0,0,1920,1080,False,2022-01-18T14:16:04.4275072+01:00
False,16,1920,1080,U8,3,1920,1080,5760,1149915216,0,0,0,1920,1080,False,2022-01-18T14:16:04.4609152+01:00
False,16,1920,1080,U8,3,1920,1080,5760,1156223056,0,0,0,1920,1080,False,2022-01-18T14:16:04.4941184+01:00
False,16,1920,1080,U8,3,1920,1080,5760,1162481744,0,0,0,1920,1080,False,2022-01-18T14:16:04.5270656+01:00
False,16,1920,1080,U8,3,1920,1080,5760,1168830544,0,0,0,1920,1080,False,2022-01-18T14:16:04.5610880+01:00
False,16,1920,1080,U8,3,1920,1080,5760,1175117904,0,0,0,1920,1080,False,2022-01-18T14:16:04.5949440+01:00
False,16,1920,1080,U8,3,1920,1080,5760,808276048,0,0,0,1920,1080,False,2022-01-18T14:16:04.6265088+01:00
False,16,1920,1080,U8,3,1920,1080,5760,814604368,0,0,0,1920,1080,False,2022-01-18T14:16:04.6614784+01:00
False,16,1920,1080,U8,3,1920,1080,5760,820875344,0,0,0,1920,1080,False,2022-01-18T14:16:04.6941184+01:00
False,16,1920,1080,U8,3,1920,1080,5760,827162704,0,0,0,1920,1080,False,2022-01-18T14:16:04.7278592+01:00
False,16,1920,1080,U8,3,1920,1080,5760,808276048,0,0,0,1920,1080,False,2022-01-18T14:16:04.7603584+01:00
False,16,1920,1080,U8,3,1920,1080,5760,814567504,0,0,0,1920,1080,False,2022-01-18T14:16:04.7934976+01:00
False,16,1920,1080,U8,3,1920,1080,5760,844456016,0,0,0,1920,1080,False,2022-01-18T14:16:04.8276352+01:00
False,16,1920,1080,U8,3,1920,1080,5760,850731088,0,0,0,1920,1080,False,2022-01-18T14:16:04.8610176+01:00
False,16,1920,1080,U8,3,1920,1080,5760,808271952,0,0,0,1920,1080,False,2022-01-18T14:16:04.8941696+01:00
False,16,1920,1080,U8,3,1920,1080,5760,814600272,0,0,0,1920,1080,False,2022-01-18T14:16:04.9280256+01:00
False,16,1920,1080,U8,3,1920,1080,5760,988082256,0,0,0,1920,1080,False,2022-01-18T14:16:04.9614720+01:00
False,16,1920,1080,U8,3,1920,1080,5760,994345040,0,0,0,1920,1080,False,2022-01-18T14:16:04.9940224+01:00
False,16,1920,1080,U8,3,1920,1080,5760,1000620112,0,0,0,1920,1080,False,2022-01-18T14:16:05.0278016+01:00
False,16,1920,1080,U8,3,1920,1080,5760,1149894736,0,0,0,1920,1080,False,2022-01-18T14:16:05.0623872+01:00
False,16,1920,1080,U8,3,1920,1080,5760,1156161616,0,0,0,1920,1080,False,2022-01-18T14:16:05.0941952+01:00
False,16,1920,1080,U8,3,1920,1080,5760,1162444880,0,0,0,1920,1080,False,2022-01-18T14:16:05.1286528+01:00
False,16,1920,1080,U8,3,1920,1080,5760,1168756816,0,0,0,1920,1080,False,2022-01-18T14:16:05.1623040+01:00
False,16,1920,1080,U8,3,1920,1080,5760,1175011408,0,0,0,1920,1080,False,2022-01-18T14:16:05.1964160+01:00
False,16,1920,1080,U8,3,1920,1080,5760,808280144,0,0,0,1920,1080,False,2022-01-18T14:16:05.2279296+01:00
False,16,1920,1080,U8,3,1920,1080,5760,814579792,0,0,0,1920,1080,False,2022-01-18T14:16:05.2612608+01:00
False,16,1920,1080,U8,3,1920,1080,5760,820842576,0,0,0,1920,1080,False,2022-01-18T14:16:05.2961920+01:00
False,16,1920,1080,U8,3,1920,1080,5760,827129936,0,0,0,1920,1080,False,2022-01-18T14:16:05.3312128+01:00
False,16,1920,1080,U8,3,1920,1080,5760,808271952,0,0,0,1920,1080,False,2022-01-18T14:16:05.3611904+01:00
False,16,1920,1080,U8,3,1920,1080,5760,814567504,0,0,0,1920,1080,False,2022-01-18T14:16:05.3939712+01:00
False,16,1920,1080,U8,3,1920,1080,5760,844456016,0,0,0,1920,1080,False,2022-01-18T14:16:05.4288768+01:00
False,16,1920,1080,U8,3,1920,1080,5760,850780240,0,0,0,1920,1080,False,2022-01-18T14:16:05.4619008+01:00
False,16,1920,1080,U8,3,1920,1080,5760,808308816,0,0,0,1920,1080,False,2022-01-18T14:16:05.4942464+01:00
False,16,1920,1080,U8,3,1920,1080,5760,814579792,0,0,0,1920,1080,False,2022-01-18T14:16:05.5279872+01:00
False,16,1920,1080,U8,3,1920,1080,5760,988037200,0,0,0,1920,1080,False,2022-01-18T14:16:05.5617664+01:00
False,16,1920,1080,U8,3,1920,1080,5760,994361424,0,0,0,1920,1080,False,2022-01-18T14:16:05.5946112+01:00
False,16,1920,1080,U8,3,1920,1080,5760,1000628304,0,0,0,1920,1080,False,2022-01-18T14:16:05.6279808+01:00
False,16,1920,1080,U8,3,1920,1080,5760,1149947984,0,0,0,1920,1080,False,2022-01-18T14:16:05.6615040+01:00
False,16,1920,1080,U8,3,1920,1080,5760,1156239440,0,0,0,1920,1080,False,2022-01-18T14:16:05.6939008+01:00
False,16,1920,1080,U8,3,1920,1080,5760,1162498128,0,0,0,1920,1080,False,2022-01-18T14:16:05.7282560+01:00
False,16,1920,1080,U8,3,1920,1080,5760,1168822352,0,0,0,1920,1080,False,2022-01-18T14:16:05.7611008+01:00
False,16,1920,1080,U8,3,1920,1080,5760,1175122000,0,0,0,1920,1080,False,2022-01-18T14:16:05.7945344+01:00
False,16,1920,1080,U8,3,1920,1080,5760,808280144,0,0,0,1920,1080,False,2022-01-18T14:16:05.8281216+01:00
False,16,1920,1080,U8,3,1920,1080,5760,814596176,0,0,0,1920,1080,False,2022-01-18T14:16:05.8613376+01:00
False,16,1920,1080,U8,3,1920,1080,5760,820899920,0,0,0,1920,1080,False,2022-01-18T14:16:05.8951936+01:00
False,16,1920,1080,U8,3,1920,1080,5760,827183184,0,0,0,1920,1080,False,2022-01-18T14:16:05.9289472+01:00
False,16,1920,1080,U8,3,1920,1080,5760,808255568,0,0,0,1920,1080,False,2022-01-18T14:16:05.9610496+01:00
False,16,1920,1080,U8,3,1920,1080,5760,814526544,0,0,0,1920,1080,False,2022-01-18T14:16:05.9937792+01:00
False,16,1920,1080,U8,3,1920,1080,5760,844451920,0,0,0,1920,1080,False,2022-01-18T14:16:06.0280320+01:00
False,16,1920,1080,U8,3,1920,1080,5760,850726992,0,0,0,1920,1080,False,2022-01-18T14:16:06.0615680+01:00
False,16,1920,1080,U8,3,1920,1080,5760,808288336,0,0,0,1920,1080,False,2022-01-18T14:16:06.0949248+01:00
False,16,1920,1080,U8,3,1920,1080,5760,814555216,0,0,0,1920,1080,False,2022-01-18T14:16:06.1275904+01:00
False,16,1920,1080,U8,3,1920,1080,5760,988065872,0,0,0,1920,1080,False,2022-01-18T14:16:06.1623808+01:00
False,16,1920,1080,U8,3,1920,1080,5760,994320464,0,0,0,1920,1080,False,2022-01-18T14:16:06.1954304+01:00
False,16,1920,1080,U8,3,1920,1080,5760,1000632400,0,0,0,1920,1080,False,2022-01-18T14:16:06.2285696+01:00
False,16,1920,1080,U8,3,1920,1080,5760,1149894736,0,0,0,1920,1080,False,2022-01-18T14:16:06.2623488+01:00
False,16,1920,1080,U8,3,1920,1080,5760,1156178000,0,0,0,1920,1080,False,2022-01-18T14:16:06.2945664+01:00
False,16,1920,1080,U8,3,1920,1080,5760,1162416208,0,0,0,1920,1080,False,2022-01-18T14:16:06.3287040+01:00
False,16,1920,1080,U8,3,1920,1080,5760,1168760912,0,0,0,1920,1080,False,2022-01-18T14:16:06.3619840+01:00
False,16,1920,1080,U8,3,1920,1080,5760,1175023696,0,0,0,1920,1080,False,2022-01-18T14:16:06.3956224+01:00
False,16,1920,1080,U8,3,1920,1080,5760,808292432,0,0,0,1920,1080,False,2022-01-18T14:16:06.4285056+01:00
False,16,1920,1080,U8,3,1920,1080,5760,814563408,0,0,0,1920,1080,False,2022-01-18T14:16:06.4621824+01:00
False,16,1920,1080,U8,3,1920,1080,5760,820867152,0,0,0,1920,1080,False,2022-01-18T14:16:06.4942592+01:00
False,16,1920,1080,U8,3,1920,1080,5760,827179088,0,0,0,1920,1080,False,2022-01-18T14:16:06.5288960+01:00
False,16,1920,1080,U8,3,1920,1080,5760,808300624,0,0,0,1920,1080,False,2022-01-18T14:16:06.5608576+01:00
False,16,1920,1080,U8,3,1920,1080,5760,814592080,0,0,0,1920,1080,False,2022-01-18T14:16:06.5937024+01:00
False,16,1920,1080,U8,3,1920,1080,5760,844480592,0,0,0,1920,1080,False,2022-01-18T14:16:06.6283008+01:00
False,16,1920,1080,U8,3,1920,1080,5760,850763856,0,0,0,1920,1080,False,2022-01-18T14:16:06.6615424+01:00
False,16,1920,1080,U8,3,1920,1080,5760,808308816,0,0,0,1920,1080,False,2022-01-18T14:16:06.6941056+01:00
False,16,1920,1080,U8,3,1920,1080,5760,814571600,0,0,0,1920,1080,False,2022-01-18T14:16:06.7284864+01:00
False,16,1920,1080,U8,3,1920,1080,5760,988082256,0,0,0,1920,1080,False,2022-01-18T14:16:06.7615360+01:00
False,16,1920,1080,U8,3,1920,1080,5760,994340944,0,0,0,1920,1080,False,2022-01-18T14:16:06.7937792+01:00
False,16,1920,1080,U8,3,1920,1080,5760,1000652880,0,0,0,1920,1080,False,2022-01-18T14:16:06.8277760+01:00
False,16,1920,1080,U8,3,1920,1080,5760,1149931600,0,0,0,1920,1080,False,2022-01-18T14:16:06.8610816+01:00
False,16,1920,1080,U8,3,1920,1080,5760,1156190288,0,0,0,1920,1080,False,2022-01-18T14:16:06.8942976+01:00
False,16,1920,1080,U8,3,1920,1080,5760,1162506320,0,0,0,1920,1080,False,2022-01-18T14:16:06.9273472+01:00
False,16,1920,1080,U8,3,1920,1080,5760,1168830544,0,0,0,1920,1080,False,2022-01-18T14:16:06.9615104+01:00
False,16,1920,1080,U8,3,1920,1080,5760,1175105616,0,0,0,1920,1080,False,2022-01-18T14:16:06.9958912+01:00
False,16,1920,1080,U8,3,1920,1080,5760,808284240,0,0,0,1920,1080,False,2022-01-18T14:16:07.0275072+01:00
False,16,1920,1080,U8,3,1920,1080,5760,814592080,0,0,0,1920,1080,False,2022-01-18T14:16:07.0609920+01:00
False,16,1920,1080,U8,3,1920,1080,5760,820854864,0,0,0,1920,1080,False,2022-01-18T14:16:07.0946816+01:00
False,16,1920,1080,U8,3,1920,1080,5760,827129936,0,0,0,1920,1080,False,2022-01-18T14:16:07.1281792+01:00
False,16,1920,1080,U8,3,1920,1080,5760,808255568,0,0,0,1920,1080,False,2022-01-18T14:16:07.1612160+01:00
False,16,1920,1080,U8,3,1920,1080,5760,814526544,0,0,0,1920,1080,False,2022-01-18T14:16:07.1940480+01:00
False,16,1920,1080,U8,3,1920,1080,5760,844484688,0,0,0,1920,1080,False,2022-01-18T14:16:07.2282880+01:00
False,16,1920,1080,U8,3,1920,1080,5760,850759760,0,0,0,1920,1080,False,2022-01-18T14:16:07.2618368+01:00
False,16,1920,1080,U8,3,1920,1080,5760,808284240,0,0,0,1920,1080,False,2022-01-18T14:16:07.2945792+01:00
False,16,1920,1080,U8,3,1920,1080,5760,814547024,0,0,0,1920,1080,False,2022-01-18T14:16:07.3285376+01:00
False,16,1920,1080,U8,3,1920,1080,5760,988049488,0,0,0,1920,1080,False,2022-01-18T14:16:07.3607424+01:00
False,16,1920,1080,U8,3,1920,1080,5760,994328656,0,0,0,1920,1080,False,2022-01-18T14:16:07.3942656+01:00
False,16,1920,1080,U8,3,1920,1080,5760,1000661072,0,0,0,1920,1080,False,2022-01-18T14:16:07.4279168+01:00
False,16,1920,1080,U8,3,1920,1080,5760,1149927504,0,0,0,1920,1080,False,2022-01-18T14:16:07.4616064+01:00
False,16,1920,1080,U8,3,1920,1080,5760,1156231248,0,0,0,1920,1080,False,2022-01-18T14:16:07.4939904+01:00
False,16,1920,1080,U8,3,1920,1080,5760,1162518608,0,0,0,1920,1080,False,2022-01-18T14:16:07.5278720+01:00
False,16,1920,1080,U8,3,1920,1080,5760,1168810064,0,0,0,1920,1080,False,2022-01-18T14:16:07.5613824+01:00
False,16,1920,1080,U8,3,1920,1080,5760,1175085136,0,0,0,1920,1080,False,2022-01-18T14:16:07.5949440+01:00
False,16,1920,1080,U8,3,1920,1080,5760,808292432,0,0,0,1920,1080,False,2022-01-18T14:16:07.6281216+01:00
False,16,1920,1080,U8,3,1920,1080,5760,814587984,0,0,0,1920,1080,False,2022-01-18T14:16:07.6610560+01:00
False,16,1920,1080,U8,3,1920,1080,5760,820887632,0,0,0,1920,1080,False,2022-01-18T14:16:07.6946304+01:00
False,16,1920,1080,U8,3,1920,1080,5760,827134032,0,0,0,1920,1080,False,2022-01-18T14:16:07.7286016+01:00
False,16,1920,1080,U8,3,1920,1080,5760,808263760,0,0,0,1920,1080,False,2022-01-18T14:16:07.7607808+01:00
False,16,1920,1080,U8,3,1920,1080,5760,814559312,0,0,0,1920,1080,False,2022-01-18T14:16:07.7941376+01:00
False,16,1920,1080,U8,3,1920,1080,5760,844484688,0,0,0,1920,1080,False,2022-01-18T14:16:07.8286080+01:00
False,16,1920,1080,U8,3,1920,1080,5760,850755664,0,0,0,1920,1080,False,2022-01-18T14:16:07.8628608+01:00
False,16,1920,1080,U8,3,1920,1080,5760,808300624,0,0,0,1920,1080,False,2022-01-18T14:16:07.8953984+01:00
False,16,1920,1080,U8,3,1920,1080,5760,814583888,0,0,0,1920,1080,False,2022-01-18T14:16:07.9294080+01:00
False,16,1920,1080,U8,3,1920,1080,5760,988029008,0,0,0,1920,1080,False,2022-01-18T14:16:07.9628672+01:00
False,16,1920,1080,U8,3,1920,1080,5760,994365520,0,0,0,1920,1080,False,2022-01-18T14:16:07.9950208+01:00
False,16,1920,1080,U8,3,1920,1080,5760,1000616016,0,0,0,1920,1080,False,2022-01-18T14:16:08.0287104+01:00
False,16,1920,1080,U8,3,1920,1080,5760,1149956176,0,0,0,1920,1080,False,2022-01-18T14:16:08.0622592+01:00
False,16,1920,1080,U8,3,1920,1080,5760,1156235344,0,0,0,1920,1080,False,2022-01-18T14:16:08.0950272+01:00
False,16,1920,1080,U8,3,1920,1080,5760,1162494032,0,0,0,1920,1080,False,2022-01-18T14:16:08.1280640+01:00
False,16,1920,1080,U8,3,1920,1080,5760,1168785488,0,0,0,1920,1080,False,2022-01-18T14:16:08.1616384+01:00
False,16,1920,1080,U8,3,1920,1080,5760,1175060560,0,0,0,1920,1080,False,2022-01-18T14:16:08.1956480+01:00
False,16,1920,1080,U8,3,1920,1080,5760,808296528,0,0,0,1920,1080,False,2022-01-18T14:16:08.2282112+01:00
False,16,1920,1080,U8,3,1920,1080,5760,814604368,0,0,0,1920,1080,False,2022-01-18T14:16:08.2610432+01:00
False,16,1920,1080,U8,3,1920,1080,5760,820850768,0,0,0,1920,1080,False,2022-01-18T14:16:08.2947968+01:00
False,16,1920,1080,U8,3,1920,1080,5760,827162704,0,0,0,1920,1080,False,2022-01-18T14:16:08.3282176+01:00
False,16,1920,1080,U8,3,1920,1080,5760,808304720,0,0,0,1920,1080,False,2022-01-18T14:16:08.3614208+01:00
False,16,1920,1080,U8,3,1920,1080,5760,814563408,0,0,0,1920,1080,False,2022-01-18T14:16:08.3939968+01:00
False,16,1920,1080,U8,3,1920,1080,5760,844447824,0,0,0,1920,1080,False,2022-01-18T14:16:08.4279040+01:00
False,16,1920,1080,U8,3,1920,1080,5760,850735184,0,0,0,1920,1080,False,2022-01-18T14:16:08.4613760+01:00
False,16,1920,1080,U8,3,1920,1080,5760,808263760,0,0,0,1920,1080,False,2022-01-18T14:16:08.4946560+01:00
False,16,1920,1080,U8,3,1920,1080,5760,814555216,0,0,0,1920,1080,False,2022-01-18T14:16:08.5275008+01:00
False,16,1920,1080,U8,3,1920,1080,5760,988045392,0,0,0,1920,1080,False,2022-01-18T14:16:08.5614976+01:00
False,16,1920,1080,U8,3,1920,1080,5760,994332752,0,0,0,1920,1080,False,2022-01-18T14:16:08.5943168+01:00
False,16,1920,1080,U8,3,1920,1080,5760,1000628304,0,0,0,1920,1080,False,2022-01-18T14:16:08.6276096+01:00
False,16,1920,1080,U8,3,1920,1080,5760,1149907024,0,0,0,1920,1080,False,2022-01-18T14:16:08.6616064+01:00
False,16,1920,1080,U8,3,1920,1080,5760,1156227152,0,0,0,1920,1080,False,2022-01-18T14:16:08.6945152+01:00
False,16,1920,1080,U8,3,1920,1080,5760,1162514512,0,0,0,1920,1080,False,2022-01-18T14:16:08.7279488+01:00
False,16,1920,1080,U8,3,1920,1080,5760,1168830544,0,0,0,1920,1080,False,2022-01-18T14:16:08.7617920+01:00
False,16,1920,1080,U8,3,1920,1080,5760,1175101520,0,0,0,1920,1080,False,2022-01-18T14:16:08.7954432+01:00
False,16,1920,1080,U8,3,1920,1080,5760,808300624,0,0,0,1920,1080,False,2022-01-18T14:16:08.8277248+01:00
False,16,1920,1080,U8,3,1920,1080,5760,814604368,0,0,0,1920,1080,False,2022-01-18T14:16:08.8609920+01:00
False,16,1920,1080,U8,3,1920,1080,5760,820879440,0,0,0,1920,1080,False,2022-01-18T14:16:08.8949120+01:00
False,16,1920,1080,U8,3,1920,1080,5760,827142224,0,0,0,1920,1080,False,2022-01-18T14:16:08.9285760+01:00
False,16,1920,1080,U8,3,1920,1080,5760,808284240,0,0,0,1920,1080,False,2022-01-18T14:16:08.9608192+01:00
False,16,1920,1080,U8,3,1920,1080,5760,814559312,0,0,0,1920,1080,False,2022-01-18T14:16:08.9944576+01:00
False,16,1920,1080,U8,3,1920,1080,5760,844443728,0,0,0,1920,1080,False,2022-01-18T14:16:09.0279808+01:00
False,16,1920,1080,U8,3,1920,1080,5760,850755664,0,0,0,1920,1080,False,2022-01-18T14:16:09.0617984+01:00
False,16,1920,1080,U8,3,1920,1080,5760,808276048,0,0,0,1920,1080,False,2022-01-18T14:16:09.0946688+01:00
False,16,1920,1080,U8,3,1920,1080,5760,814559312,0,0,0,1920,1080,False,2022-01-18T14:16:09.1280256+01:00
False,16,1920,1080,U8,3,1920,1080,5760,988041296,0,0,0,1920,1080,False,2022-01-18T14:16:09.1612800+01:00
False,16,1920,1080,U8,3,1920,1080,5760,994369616,0,0,0,1920,1080,False,2022-01-18T14:16:09.1945728+01:00
False,16,1920,1080,U8,3,1920,1080,5760,1000632400,0,0,0,1920,1080,False,2022-01-18T14:16:09.2277632+01:00
False,16,1920,1080,U8,3,1920,1080,5760,1149927504,0,0,0,1920,1080,False,2022-01-18T14:16:09.2609536+01:00
False,16,1920,1080,U8,3,1920,1080,5760,1156190288,0,0,0,1920,1080,False,2022-01-18T14:16:09.2944000+01:00
False,16,1920,1080,U8,3,1920,1080,5760,1162526800,0,0,0,1920,1080,False,2022-01-18T14:16:09.3277952+01:00
False,16,1920,1080,U8,3,1920,1080,5760,1168830544,0,0,0,1920,1080,False,2022-01-18T14:16:09.3613952+01:00
False,16,1920,1080,U8,3,1920,1080,5760,1175109712,0,0,0,1920,1080,False,2022-01-18T14:16:09.3953664+01:00
False,16,1920,1080,U8,3,1920,1080,5760,808271952,0,0,0,1920,1080,False,2022-01-18T14:16:09.4280960+01:00
False,16,1920,1080,U8,3,1920,1080,5760,814575696,0,0,0,1920,1080,False,2022-01-18T14:16:09.4606464+01:00
False,16,1920,1080,U8,3,1920,1080,5760,820842576,0,0,0,1920,1080,False,2022-01-18T14:16:09.4948224+01:00
False,16,1920,1080,U8,3,1920,1080,5760,827142224,0,0,0,1920,1080,False,2022-01-18T14:16:09.5305984+01:00
False,16,1920,1080,U8,3,1920,1080,5760,808288336,0,0,0,1920,1080,False,2022-01-18T14:16:09.5607552+01:00
False,16,1920,1080,U8,3,1920,1080,5760,814579792,0,0,0,1920,1080,False,2022-01-18T14:16:09.5948288+01:00
False,16,1920,1080,U8,3,1920,1080,5760,844472400,0,0,0,1920,1080,False,2022-01-18T14:16:09.6279424+01:00
False,16,1920,1080,U8,3,1920,1080,5760,850772048,0,0,0,1920,1080,False,2022-01-18T14:16:09.6612480+01:00
False,16,1920,1080,U8,3,1920,1080,5760,808280144,0,0,0,1920,1080,False,2022-01-18T14:16:09.6944128+01:00
False,16,1920,1080,U8,3,1920,1080,5760,814567504,0,0,0,1920,1080,False,2022-01-18T14:16:09.7281536+01:00
False,16,1920,1080,U8,3,1920,1080,5760,988074064,0,0,0,1920,1080,False,2022-01-18T14:16:09.7615488+01:00
False,16,1920,1080,U8,3,1920,1080,5760,994324560,0,0,0,1920,1080,False,2022-01-18T14:16:09.7946368+01:00
False,16,1920,1080,U8,3,1920,1080,5760,1000656976,0,0,0,1920,1080,False,2022-01-18T14:16:09.8276352+01:00
False,16,1920,1080,U8,3,1920,1080,5760,1149894736,0,0,0,1920,1080,False,2022-01-18T14:16:09.8619904+01:00
False,16,1920,1080,U8,3,1920,1080,5760,1156141136,0,0,0,1920,1080,False,2022-01-18T14:16:09.8939776+01:00
False,16,1920,1080,U8,3,1920,1080,5760,1162432592,0,0,0,1920,1080,False,2022-01-18T14:16:09.9280384+01:00
False,16,1920,1080,U8,3,1920,1080,5760,1168736336,0,0,0,1920,1080,False,2022-01-18T14:16:09.9616000+01:00
False,16,1920,1080,U8,3,1920,1080,5760,1175040080,0,0,0,1920,1080,False,2022-01-18T14:16:09.9951232+01:00
False,16,1920,1080,U8,3,1920,1080,5760,808308816,0,0,0,1920,1080,False,2022-01-18T14:16:10.0286976+01:00
False,16,1920,1080,U8,3,1920,1080,5760,814555216,0,0,0,1920,1080,False,2022-01-18T14:16:10.0606976+01:00
False,16,1920,1080,U8,3,1920,1080,5760,820867152,0,0,0,1920,1080,False,2022-01-18T14:16:10.0945536+01:00
False,16,1920,1080,U8,3,1920,1080,5760,827187280,0,0,0,1920,1080,False,2022-01-18T14:16:10.1287040+01:00
False,16,1920,1080,U8,3,1920,1080,5760,808317008,0,0,0,1920,1080,False,2022-01-18T14:16:10.1609984+01:00
False,16,1920,1080,U8,3,1920,1080,5760,814592080,0,0,0,1920,1080,False,2022-01-18T14:16:10.1946624+01:00
False,16,1920,1080,U8,3,1920,1080,5760,844451920,0,0,0,1920,1080,False,2022-01-18T14:16:10.2283904+01:00
False,16,1920,1080,U8,3,1920,1080,5760,850739280,0,0,0,1920,1080,False,2022-01-18T14:16:10.2614144+01:00
False,16,1920,1080,U8,3,1920,1080,5760,808317008,0,0,0,1920,1080,False,2022-01-18T14:16:10.2941184+01:00
False,16,1920,1080,U8,3,1920,1080,5760,814579792,0,0,0,1920,1080,False,2022-01-18T14:16:10.3276544+01:00
False,16,1920,1080,U8,3,1920,1080,5760,988029008,0,0,0,1920,1080,False,2022-01-18T14:16:10.3613568+01:00
False,16,1920,1080,U8,3,1920,1080,5760,994361424,0,0,0,1920,1080,False,2022-01-18T14:16:10.3949696+01:00
False,16,1920,1080,U8,3,1920,1080,5760,1000632400,0,0,0,1920,1080,False,2022-01-18T14:16:10.4277248+01:00
False,16,1920,1080,U8,3,1920,1080,5760,1149956176,0,0,0,1920,1080,False,2022-01-18T14:16:10.4614272+01:00
False,16,1920,1080,U8,3,1920,1080,5760,1156231248,0,0,0,1920,1080,False,2022-01-18T14:16:10.4948224+01:00
False,16,1920,1080,U8,3,1920,1080,5760,1162485840,0,0,0,1920,1080,False,2022-01-18T14:16:10.5277568+01:00
False,16,1920,1080,U8,3,1920,1080,5760,1168810064,0,0,0,1920,1080,False,2022-01-18T14:16:10.5610880+01:00
False,16,1920,1080,U8,3,1920,1080,5760,1175105616,0,0,0,1920,1080,False,2022-01-18T14:16:10.5954560+01:00
False,16,1920,1080,U8,3,1920,1080,5760,808308816,0,0,0,1920,1080,False,2022-01-18T14:16:10.6277888+01:00
False,16,1920,1080,U8,3,1920,1080,5760,814571600,0,0,0,1920,1080,False,2022-01-18T14:16:10.6617856+01:00
False,16,1920,1080,U8,3,1920,1080,5760,820842576,0,0,0,1920,1080,False,2022-01-18T14:16:10.6944896+01:00
False,16,1920,1080,U8,3,1920,1080,5760,827134032,0,0,0,1920,1080,False,2022-01-18T14:16:10.7283456+01:00
False,16,1920,1080,U8,3,1920,1080,5760,808267856,0,0,0,1920,1080,False,2022-01-18T14:16:10.7614848+01:00
False,16,1920,1080,U8,3,1920,1080,5760,814583888,0,0,0,1920,1080,False,2022-01-18T14:16:10.7938944+01:00
False,16,1920,1080,U8,3,1920,1080,5760,844460112,0,0,0,1920,1080,False,2022-01-18T14:16:10.8279680+01:00
False,16,1920,1080,U8,3,1920,1080,5760,850772048,0,0,0,1920,1080,False,2022-01-18T14:16:10.8620544+01:00
False,16,1920,1080,U8,3,1920,1080,5760,808300624,0,0,0,1920,1080,False,2022-01-18T14:16:10.8938880+01:00
False,16,1920,1080,U8,3,1920,1080,5760,814592080,0,0,0,1920,1080,False,2022-01-18T14:16:10.9276928+01:00
False,16,1920,1080,U8,3,1920,1080,5760,988061776,0,0,0,1920,1080,False,2022-01-18T14:16:10.9619968+01:00
False,16,1920,1080,U8,3,1920,1080,5760,994369616,0,0,0,1920,1080,False,2022-01-18T14:16:10.9938176+01:00
False,16,1920,1080,U8,3,1920,1080,5760,1000628304,0,0,0,1920,1080,False,2022-01-18T14:16:11.0274816+01:00
False,16,1920,1080,U8,3,1920,1080,5760,1149915216,0,0,0,1920,1080,False,2022-01-18T14:16:11.0617216+01:00
False,16,1920,1080,U8,3,1920,1080,5760,1156210768,0,0,0,1920,1080,False,2022-01-18T14:16:11.0940544+01:00
False,16,1920,1080,U8,3,1920,1080,5760,1162510416,0,0,0,1920,1080,False,2022-01-18T14:16:11.1286528+01:00
False,16,1920,1080,U8,3,1920,1080,5760,1168818256,0,0,0,1920,1080,False,2022-01-18T14:16:11.1623680+01:00
False,16,1920,1080,U8,3,1920,1080,5760,1175105616,0,0,0,1920,1080,False,2022-01-18T14:16:11.1956352+01:00
False,16,1920,1080,U8,3,1920,1080,5760,808304720,0,0,0,1920,1080,False,2022-01-18T14:16:11.2275328+01:00
False,16,1920,1080,U8,3,1920,1080,5760,814592080,0,0,0,1920,1080,False,2022-01-18T14:16:11.2615296+01:00
False,16,1920,1080,U8,3,1920,1080,5760,820875344,0,0,0,1920,1080,False,2022-01-18T14:16:11.2942976+01:00
False,16,1920,1080,U8,3,1920,1080,5760,827170896,0,0,0,1920,1080,False,2022-01-18T14:16:11.3284736+01:00
False,16,1920,1080,U8,3,1920,1080,5760,808255568,0,0,0,1920,1080,False,2022-01-18T14:16:11.3612160+01:00
False,16,1920,1080,U8,3,1920,1080,5760,814534736,0,0,0,1920,1080,False,2022-01-18T14:16:11.3948800+01:00
False,16,1920,1080,U8,3,1920,1080,5760,844472400,0,0,0,1920,1080,False,2022-01-18T14:16:11.4281472+01:00
False,16,1920,1080,U8,3,1920,1080,5760,850784336,0,0,0,1920,1080,False,2022-01-18T14:16:11.4624896+01:00
False,16,1920,1080,U8,3,1920,1080,5760,808292432,0,0,0,1920,1080,False,2022-01-18T14:16:11.4938368+01:00
False,16,1920,1080,U8,3,1920,1080,5760,814571600,0,0,0,1920,1080,False,2022-01-18T14:16:11.5287296+01:00
False,16,1920,1080,U8,3,1920,1080,5760,988069968,0,0,0,1920,1080,False,2022-01-18T14:16:11.5621504+01:00
False,16,1920,1080,U8,3,1920,1080,5760,994345040,0,0,0,1920,1080,False,2022-01-18T14:16:11.5946880+01:00
False,16,1920,1080,U8,3,1920,1080,5760,1000656976,0,0,0,1920,1080,False,2022-01-18T14:16:11.6267136+01:00
False,16,1920,1080,U8,3,1920,1080,5760,1149902928,0,0,0,1920,1080,False,2022-01-18T14:16:11.6611200+01:00
False,16,1920,1080,U8,3,1920,1080,5760,1156235344,0,0,0,1920,1080,False,2022-01-18T14:16:11.6936576+01:00
False,16,1920,1080,U8,3,1920,1080,5760,1162494032,0,0,0,1920,1080,False,2022-01-18T14:16:11.7273984+01:00
False,16,1920,1080,U8,3,1920,1080,5760,1168818256,0,0,0,1920,1080,False,2022-01-18T14:16:11.7619840+01:00
False,16,1920,1080,U8,3,1920,1080,5760,1175097424,0,0,0,1920,1080,False,2022-01-18T14:16:11.7954048+01:00
False,16,1920,1080,U8,3,1920,1080,5760,808255568,0,0,0,1920,1080,False,2022-01-18T14:16:11.8266880+01:00
False,16,1920,1080,U8,3,1920,1080,5760,814506064,0,0,0,1920,1080,False,2022-01-18T14:16:11.8604416+01:00
False,16,1920,1080,U8,3,1920,1080,5760,820818000,0,0,0,1920,1080,False,2022-01-18T14:16:11.8951552+01:00
False,16,1920,1080,U8,3,1920,1080,5760,827113552,0,0,0,1920,1080,False,2022-01-18T14:16:11.9281280+01:00
False,16,1920,1080,U8,3,1920,1080,5760,808292432,0,0,0,1920,1080,False,2022-01-18T14:16:11.9607680+01:00
False,16,1920,1080,U8,3,1920,1080,5760,844492880,0,0,0,1920,1080,False,2022-01-18T14:16:11.9951360+01:00
False,16,1920,1080,U8,3,1920,1080,5760,850743376,0,0,0,1920,1080,False,2022-01-18T14:16:12.0293248+01:00
False,16,1920,1080,U8,3,1920,1080,5760,988053584,0,0,0,1920,1080,False,2022-01-18T14:16:12.0616960+01:00
False,16,1920,1080,U8,3,1920,1080,5760,808280144,0,0,0,1920,1080,False,2022-01-18T14:16:12.0941824+01:00
False,16,1920,1080,U8,3,1920,1080,5760,844476496,0,0,0,1920,1080,False,2022-01-18T14:16:12.1280896+01:00
False,16,1920,1080,U8,3,1920,1080,5760,994328656,0,0,0,1920,1080,False,2022-01-18T14:16:12.1625984+01:00
False,16,1920,1080,U8,3,1920,1080,5760,814547024,0,0,0,1920,1080,False,2022-01-18T14:16:12.1951360+01:00
False,16,1920,1080,U8,3,1920,1080,5760,1000624208,0,0,0,1920,1080,False,2022-01-18T14:16:12.2270976+01:00
False,16,1920,1080,U8,3,1920,1080,5760,1149894736,0,0,0,1920,1080,False,2022-01-18T14:16:12.2623488+01:00
False,16,1920,1080,U8,3,1920,1080,5760,1156178000,0,0,0,1920,1080,False,2022-01-18T14:16:12.2943360+01:00
False,16,1920,1080,U8,3,1920,1080,5760,1162424400,0,0,0,1920,1080,False,2022-01-18T14:16:12.3276672+01:00
False,16,1920,1080,U8,3,1920,1080,5760,1168765008,0,0,0,1920,1080,False,2022-01-18T14:16:12.3610880+01:00
False,16,1920,1080,U8,3,1920,1080,5760,1175052368,0,0,0,1920,1080,False,2022-01-18T14:16:12.3958144+01:00
False,16,1920,1080,U8,3,1920,1080,5760,808296528,0,0,0,1920,1080,False,2022-01-18T14:16:12.4290816+01:00
False,16,1920,1080,U8,3,1920,1080,5760,814567504,0,0,0,1920,1080,False,2022-01-18T14:16:12.4612480+01:00
False,16,1920,1080,U8,3,1920,1080,5760,820842576,0,0,0,1920,1080,False,2022-01-18T14:16:12.4949248+01:00
False,16,1920,1080,U8,3,1920,1080,5760,827162704,0,0,0,1920,1080,False,2022-01-18T14:16:12.5294720+01:00
False,16,1920,1080,U8,3,1920,1080,5760,808259664,0,0,0,1920,1080,False,2022-01-18T14:16:12.5605888+01:00
False,16,1920,1080,U8,3,1920,1080,5760,814547024,0,0,0,1920,1080,False,2022-01-18T14:16:12.5942912+01:00
False,16,1920,1080,U8,3,1920,1080,5760,844456016,0,0,0,1920,1080,False,2022-01-18T14:16:12.6278016+01:00
False,16,1920,1080,U8,3,1920,1080,5760,850776144,0,0,0,1920,1080,False,2022-01-18T14:16:12.6625152+01:00
False,16,1920,1080,U8,3,1920,1080,5760,808304720,0,0,0,1920,1080,False,2022-01-18T14:16:12.6942976+01:00
False,16,1920,1080,U8,3,1920,1080,5760,814575696,0,0,0,1920,1080,False,2022-01-18T14:16:12.7291136+01:00
False,16,1920,1080,U8,3,1920,1080,5760,988074064,0,0,0,1920,1080,False,2022-01-18T14:16:12.7621760+01:00
False,16,1920,1080,U8,3,1920,1080,5760,994373712,0,0,0,1920,1080,False,2022-01-18T14:16:12.7936768+01:00
False,16,1920,1080,U8,3,1920,1080,5760,1000624208,0,0,0,1920,1080,False,2022-01-18T14:16:12.8268160+01:00
False,16,1920,1080,U8,3,1920,1080,5760,1149907024,0,0,0,1920,1080,False,2022-01-18T14:16:12.8620672+01:00
False,16,1920,1080,U8,3,1920,1080,5760,1156235344,0,0,0,1920,1080,False,2022-01-18T14:16:12.8949504+01:00
False,16,1920,1080,U8,3,1920,1080,5760,1162526800,0,0,0,1920,1080,False,2022-01-18T14:16:12.9280512+01:00
False,16,1920,1080,U8,3,1920,1080,5760,1168818256,0,0,0,1920,1080,False,2022-01-18T14:16:12.9628928+01:00
False,16,1920,1080,U8,3,1920,1080,5760,1175076944,0,0,0,1920,1080,False,2022-01-18T14:16:12.9962112+01:00
False,16,1920,1080,U8,3,1920,1080,5760,808284240,0,0,0,1920,1080,False,2022-01-18T14:16:13.0281728+01:00
False,16,1920,1080,U8,3,1920,1080,5760,814547024,0,0,0,1920,1080,False,2022-01-18T14:16:13.0616192+01:00
False,16,1920,1080,U8,3,1920,1080,5760,820789328,0,0,0,1920,1080,False,2022-01-18T14:16:13.0952064+01:00
False,16,1920,1080,U8,3,1920,1080,5760,827093072,0,0,0,1920,1080,False,2022-01-18T14:16:13.1284608+01:00
False,16,1920,1080,U8,3,1920,1080,5760,808300624,0,0,0,1920,1080,False,2022-01-18T14:16:13.1617536+01:00
False,16,1920,1080,U8,3,1920,1080,5760,844447824,0,0,0,1920,1080,False,2022-01-18T14:16:13.1950848+01:00
False,16,1920,1080,U8,3,1920,1080,5760,850731088,0,0,0,1920,1080,False,2022-01-18T14:16:13.2283392+01:00
False,16,1920,1080,U8,3,1920,1080,5760,988053584,0,0,0,1920,1080,False,2022-01-18T14:16:13.2632704+01:00
False,16,1920,1080,U8,3,1920,1080,5760,808308816,0,0,0,1920,1080,False,2022-01-18T14:16:13.2949120+01:00
False,16,1920,1080,U8,3,1920,1080,5760,844451920,0,0,0,1920,1080,False,2022-01-18T14:16:13.3280512+01:00
False,16,1920,1080,U8,3,1920,1080,5760,994361424,0,0,0,1920,1080,False,2022-01-18T14:16:13.3611264+01:00
False,16,1920,1080,U8,3,1920,1080,5760,1000616016,0,0,0,1920,1080,False,2022-01-18T14:16:13.3946368+01:00
False,16,1920,1080,U8,3,1920,1080,5760,814547024,0,0,0,1920,1080,False,2022-01-18T14:16:13.4277632+01:00
False,16,1920,1080,U8,3,1920,1080,5760,1149898832,0,0,0,1920,1080,False,2022-01-18T14:16:13.4614784+01:00
False,16,1920,1080,U8,3,1920,1080,5760,1156231248,0,0,0,1920,1080,False,2022-01-18T14:16:13.4952576+01:00
False,16,1920,1080,U8,3,1920,1080,5760,1162530896,0,0,0,1920,1080,False,2022-01-18T14:16:13.5281792+01:00
False,16,1920,1080,U8,3,1920,1080,5760,1168801872,0,0,0,1920,1080,False,2022-01-18T14:16:13.5612288+01:00
False,16,1920,1080,U8,3,1920,1080,5760,1175109712,0,0,0,1920,1080,False,2022-01-18T14:16:13.5956864+01:00
False,16,1920,1080,U8,3,1920,1080,5760,808308816,0,0,0,1920,1080,False,2022-01-18T14:16:13.6267392+01:00
False,16,1920,1080,U8,3,1920,1080,5760,814600272,0,0,0,1920,1080,False,2022-01-18T14:16:13.6608512+01:00
False,16,1920,1080,U8,3,1920,1080,5760,820899920,0,0,0,1920,1080,False,2022-01-18T14:16:13.6953984+01:00
False,16,1920,1080,U8,3,1920,1080,5760,827191376,0,0,0,1920,1080,False,2022-01-18T14:16:13.7309952+01:00
False,16,1920,1080,U8,3,1920,1080,5760,808263760,0,0,0,1920,1080,False,2022-01-18T14:16:13.7609600+01:00
False,16,1920,1080,U8,3,1920,1080,5760,814608464,0,0,0,1920,1080,False,2022-01-18T14:16:13.7947136+01:00
False,16,1920,1080,U8,3,1920,1080,5760,844488784,0,0,0,1920,1080,False,2022-01-18T14:16:13.8283264+01:00
False,16,1920,1080,U8,3,1920,1080,5760,850767952,0,0,0,1920,1080,False,2022-01-18T14:16:13.8619008+01:00
False,16,1920,1080,U8,3,1920,1080,5760,808304720,0,0,0,1920,1080,False,2022-01-18T14:16:13.8951296+01:00
False,16,1920,1080,U8,3,1920,1080,5760,814583888,0,0,0,1920,1080,False,2022-01-18T14:16:13.9282816+01:00
False,16,1920,1080,U8,3,1920,1080,5760,988078160,0,0,0,1920,1080,False,2022-01-18T14:16:13.9616640+01:00
False,16,1920,1080,U8,3,1920,1080,5760,994373712,0,0,0,1920,1080,False,2022-01-18T14:16:13.9947520+01:00
False,16,1920,1080,U8,3,1920,1080,5760,1000640592,0,0,0,1920,1080,False,2022-01-18T14:16:14.0277760+01:00
False,16,1920,1080,U8,3,1920,1080,5760,1149919312,0,0,0,1920,1080,False,2022-01-18T14:16:14.0611968+01:00
False,16,1920,1080,U8,3,1920,1080,5760,1156210768,0,0,0,1920,1080,False,2022-01-18T14:16:14.0948352+01:00
False,16,1920,1080,U8,3,1920,1080,5760,1162510416,0,0,0,1920,1080,False,2022-01-18T14:16:14.1277568+01:00
False,16,1920,1080,U8,3,1920,1080,5760,1168810064,0,0,0,1920,1080,False,2022-01-18T14:16:14.1614848+01:00
False,16,1920,1080,U8,3,1920,1080,5760,1175122000,0,0,0,1920,1080,False,2022-01-18T14:16:14.1946496+01:00
False,16,1920,1080,U8,3,1920,1080,5760,808288336,0,0,0,1920,1080,False,2022-01-18T14:16:14.2279680+01:00
False,16,1920,1080,U8,3,1920,1080,5760,814555216,0,0,0,1920,1080,False,2022-01-18T14:16:14.2608512+01:00
False,16,1920,1080,U8,3,1920,1080,5760,820838480,0,0,0,1920,1080,False,2022-01-18T14:16:14.2952448+01:00
False,16,1920,1080,U8,3,1920,1080,5760,827113552,0,0,0,1920,1080,False,2022-01-18T14:16:14.3285504+01:00
False,16,1920,1080,U8,3,1920,1080,5760,808308816,0,0,0,1920,1080,False,2022-01-18T14:16:14.3613440+01:00
False,16,1920,1080,U8,3,1920,1080,5760,814563408,0,0,0,1920,1080,False,2022-01-18T14:16:14.3952128+01:00
False,16,1920,1080,U8,3,1920,1080,5760,844447824,0,0,0,1920,1080,False,2022-01-18T14:16:14.4284672+01:00
False,16,1920,1080,U8,3,1920,1080,5760,850722896,0,0,0,1920,1080,False,2022-01-18T14:16:14.4617088+01:00
False,16,1920,1080,U8,3,1920,1080,5760,808255568,0,0,0,1920,1080,False,2022-01-18T14:16:14.4947584+01:00
False,16,1920,1080,U8,3,1920,1080,5760,814514256,0,0,0,1920,1080,False,2022-01-18T14:16:14.5278720+01:00
False,16,1920,1080,U8,3,1920,1080,5760,988069968,0,0,0,1920,1080,False,2022-01-18T14:16:14.5625856+01:00
False,16,1920,1080,U8,3,1920,1080,5760,994328656,0,0,0,1920,1080,False,2022-01-18T14:16:14.5942144+01:00
False,16,1920,1080,U8,3,1920,1080,5760,1000607824,0,0,0,1920,1080,False,2022-01-18T14:16:14.6282752+01:00
False,16,1920,1080,U8,3,1920,1080,5760,1149947984,0,0,0,1920,1080,False,2022-01-18T14:16:14.6632576+01:00
False,16,1920,1080,U8,3,1920,1080,5760,1156218960,0,0,0,1920,1080,False,2022-01-18T14:16:14.6952576+01:00
False,16,1920,1080,U8,3,1920,1080,5760,1162522704,0,0,0,1920,1080,False,2022-01-18T14:16:14.7279744+01:00
False,16,1920,1080,U8,3,1920,1080,5760,1168777296,0,0,0,1920,1080,False,2022-01-18T14:16:14.7621376+01:00
False,16,1920,1080,U8,3,1920,1080,5760,1175081040,0,0,0,1920,1080,False,2022-01-18T14:16:14.7956736+01:00
False,16,1920,1080,U8,3,1920,1080,5760,808317008,0,0,0,1920,1080,False,2022-01-18T14:16:14.8281472+01:00
False,16,1920,1080,U8,3,1920,1080,5760,814567504,0,0,0,1920,1080,False,2022-01-18T14:16:14.8613376+01:00
False,16,1920,1080,U8,3,1920,1080,5760,820854864,0,0,0,1920,1080,False,2022-01-18T14:16:14.8955008+01:00
False,16,1920,1080,U8,3,1920,1080,5760,827158608,0,0,0,1920,1080,False,2022-01-18T14:16:14.9281536+01:00
False,16,1920,1080,U8,3,1920,1080,5760,808317008,0,0,0,1920,1080,False,2022-01-18T14:16:14.9618432+01:00
False,16,1920,1080,U8,3,1920,1080,5760,814571600,0,0,0,1920,1080,False,2022-01-18T14:16:14.9939072+01:00
False,16,1920,1080,U8,3,1920,1080,5760,844480592,0,0,0,1920,1080,False,2022-01-18T14:16:15.0276480+01:00
False,16,1920,1080,U8,3,1920,1080,5760,850780240,0,0,0,1920,1080,False,2022-01-18T14:16:15.0613760+01:00
False,16,1920,1080,U8,3,1920,1080,5760,808312912,0,0,0,1920,1080,False,2022-01-18T14:16:15.0952832+01:00
False,16,1920,1080,U8,3,1920,1080,5760,814571600,0,0,0,1920,1080,False,2022-01-18T14:16:15.1272192+01:00
False,16,1920,1080,U8,3,1920,1080,5760,988041296,0,0,0,1920,1080,False,2022-01-18T14:16:15.1606912+01:00
False,16,1920,1080,U8,3,1920,1080,5760,994332752,0,0,0,1920,1080,False,2022-01-18T14:16:15.1945856+01:00
False,16,1920,1080,U8,3,1920,1080,5760,1000603728,0,0,0,1920,1080,False,2022-01-18T14:16:15.2276352+01:00
False,16,1920,1080,U8,3,1920,1080,5760,1149902928,0,0,0,1920,1080,False,2022-01-18T14:16:15.2607232+01:00
False,16,1920,1080,U8,3,1920,1080,5760,1156194384,0,0,0,1920,1080,False,2022-01-18T14:16:15.2941568+01:00
False,16,1920,1080,U8,3,1920,1080,5760,1162518608,0,0,0,1920,1080,False,2022-01-18T14:16:15.3273728+01:00
False,16,1920,1080,U8,3,1920,1080,5760,1168781392,0,0,0,1920,1080,False,2022-01-18T14:16:15.3609216+01:00
False,16,1920,1080,U8,3,1920,1080,5760,1175060560,0,0,0,1920,1080,False,2022-01-18T14:16:15.3952000+01:00
False,16,1920,1080,U8,3,1920,1080,5760,808296528,0,0,0,1920,1080,False,2022-01-18T14:16:15.4273024+01:00
False,16,1920,1080,U8,3,1920,1080,5760,814571600,0,0,0,1920,1080,False,2022-01-18T14:16:15.4611584+01:00
False,16,1920,1080,U8,3,1920,1080,5760,820871248,0,0,0,1920,1080,False,2022-01-18T14:16:15.4955648+01:00
False,16,1920,1080,U8,3,1920,1080,5760,827187280,0,0,0,1920,1080,False,2022-01-18T14:16:15.5278464+01:00
False,16,1920,1080,U8,3,1920,1080,5760,808255568,0,0,0,1920,1080,False,2022-01-18T14:16:15.5602816+01:00
False,16,1920,1080,U8,3,1920,1080,5760,814538832,0,0,0,1920,1080,False,2022-01-18T14:16:15.5953408+01:00
False,16,1920,1080,U8,3,1920,1080,5760,844439632,0,0,0,1920,1080,False,2022-01-18T14:16:15.6276096+01:00
False,16,1920,1080,U8,3,1920,1080,5760,850772048,0,0,0,1920,1080,False,2022-01-18T14:16:15.6608384+01:00
False,16,1920,1080,U8,3,1920,1080,5760,808304720,0,0,0,1920,1080,False,2022-01-18T14:16:15.6952192+01:00
False,16,1920,1080,U8,3,1920,1080,5760,814551120,0,0,0,1920,1080,False,2022-01-18T14:16:15.7275904+01:00
False,16,1920,1080,U8,3,1920,1080,5760,988069968,0,0,0,1920,1080,False,2022-01-18T14:16:15.7606784+01:00
False,16,1920,1080,U8,3,1920,1080,5760,994328656,0,0,0,1920,1080,False,2022-01-18T14:16:15.7941632+01:00
False,16,1920,1080,U8,3,1920,1080,5760,1000665168,0,0,0,1920,1080,False,2022-01-18T14:16:15.8271872+01:00
False,16,1920,1080,U8,3,1920,1080,5760,1149902928,0,0,0,1920,1080,False,2022-01-18T14:16:15.8608000+01:00
False,16,1920,1080,U8,3,1920,1080,5760,1156214864,0,0,0,1920,1080,False,2022-01-18T14:16:15.8942848+01:00
False,16,1920,1080,U8,3,1920,1080,5760,1162539088,0,0,0,1920,1080,False,2022-01-18T14:16:15.9274112+01:00
False,16,1920,1080,U8,3,1920,1080,5760,1168785488,0,0,0,1920,1080,False,2022-01-18T14:16:15.9606400+01:00
False,16,1920,1080,U8,3,1920,1080,5760,1175113808,0,0,0,1920,1080,False,2022-01-18T14:16:15.9960960+01:00
False,16,1920,1080,U8,3,1920,1080,5760,808255568,0,0,0,1920,1080,False,2022-01-18T14:16:16.0272768+01:00
False,16,1920,1080,U8,3,1920,1080,5760,814501968,0,0,0,1920,1080,False,2022-01-18T14:16:16.0601728+01:00
False,16,1920,1080,U8,3,1920,1080,5760,820826192,0,0,0,1920,1080,False,2022-01-18T14:16:16.0957184+01:00
False,16,1920,1080,U8,3,1920,1080,5760,827064400,0,0,0,1920,1080,False,2022-01-18T14:16:16.1276672+01:00
False,16,1920,1080,U8,3,1920,1080,5760,808288336,0,0,0,1920,1080,False,2022-01-18T14:16:16.1602944+01:00
False,16,1920,1080,U8,3,1920,1080,5760,844468304,0,0,0,1920,1080,False,2022-01-18T14:16:16.1942272+01:00
False,16,1920,1080,U8,3,1920,1080,5760,850735184,0,0,0,1920,1080,False,2022-01-18T14:16:16.2281600+01:00
False,16,1920,1080,U8,3,1920,1080,5760,988049488,0,0,0,1920,1080,False,2022-01-18T14:16:16.2622592+01:00
False,16,1920,1080,U8,3,1920,1080,5760,808284240,0,0,0,1920,1080,False,2022-01-18T14:16:16.2953728+01:00
False,16,1920,1080,U8,3,1920,1080,5760,844468304,0,0,0,1920,1080,False,2022-01-18T14:16:16.3275136+01:00
False,16,1920,1080,U8,3,1920,1080,5760,994324560,0,0,0,1920,1080,False,2022-01-18T14:16:16.3607296+01:00
False,16,1920,1080,U8,3,1920,1080,5760,1000628304,0,0,0,1920,1080,False,2022-01-18T14:16:16.3943936+01:00
False,16,1920,1080,U8,3,1920,1080,5760,1149915216,0,0,0,1920,1080,False,2022-01-18T14:16:16.4286080+01:00
False,16,1920,1080,U8,3,1920,1080,5760,1156247632,0,0,0,1920,1080,False,2022-01-18T14:16:16.4631808+01:00
False,16,1920,1080,U8,3,1920,1080,5760,1162485840,0,0,0,1920,1080,False,2022-01-18T14:16:16.4943360+01:00
False,16,1920,1080,U8,3,1920,1080,5760,814547024,0,0,0,1920,1080,False,2022-01-18T14:16:16.5274496+01:00
False,16,1920,1080,U8,3,1920,1080,5760,1168814160,0,0,0,1920,1080,False,2022-01-18T14:16:16.5617152+01:00
False,16,1920,1080,U8,3,1920,1080,5760,1175060560,0,0,0,1920,1080,False,2022-01-18T14:16:16.5950848+01:00
False,16,1920,1080,U8,3,1920,1080,5760,808292432,0,0,0,1920,1080,False,2022-01-18T14:16:16.6275456+01:00
False,16,1920,1080,U8,3,1920,1080,5760,814604368,0,0,0,1920,1080,False,2022-01-18T14:16:16.6606208+01:00
False,16,1920,1080,U8,3,1920,1080,5760,820838480,0,0,0,1920,1080,False,2022-01-18T14:16:16.6949504+01:00
False,16,1920,1080,U8,3,1920,1080,5760,827101264,0,0,0,1920,1080,False,2022-01-18T14:16:16.7289344+01:00
False,16,1920,1080,U8,3,1920,1080,5760,808292432,0,0,0,1920,1080,False,2022-01-18T14:16:16.7603072+01:00
False,16,1920,1080,U8,3,1920,1080,5760,814567504,0,0,0,1920,1080,False,2022-01-18T14:16:16.7941504+01:00
False,16,1920,1080,U8,3,1920,1080,5760,844443728,0,0,0,1920,1080,False,2022-01-18T14:16:16.8278912+01:00
False,16,1920,1080,U8,3,1920,1080,5760,850731088,0,0,0,1920,1080,False,2022-01-18T14:16:16.8607872+01:00
False,16,1920,1080,U8,3,1920,1080,5760,808308816,0,0,0,1920,1080,False,2022-01-18T14:16:16.8942336+01:00
False,16,1920,1080,U8,3,1920,1080,5760,814579792,0,0,0,1920,1080,False,2022-01-18T14:16:16.9278464+01:00
False,16,1920,1080,U8,3,1920,1080,5760,988065872,0,0,0,1920,1080,False,2022-01-18T14:16:16.9626368+01:00
False,16,1920,1080,U8,3,1920,1080,5760,994369616,0,0,0,1920,1080,False,2022-01-18T14:16:16.9941376+01:00
False,16,1920,1080,U8,3,1920,1080,5760,1000616016,0,0,0,1920,1080,False,2022-01-18T14:16:17.0272640+01:00
False,16,1920,1080,U8,3,1920,1080,5760,1149939792,0,0,0,1920,1080,False,2022-01-18T14:16:17.0606336+01:00
False,16,1920,1080,U8,3,1920,1080,5760,1156239440,0,0,0,1920,1080,False,2022-01-18T14:16:17.0952448+01:00
False,16,1920,1080,U8,3,1920,1080,5760,1162522704,0,0,0,1920,1080,False,2022-01-18T14:16:17.1294976+01:00
False,16,1920,1080,U8,3,1920,1080,5760,1168793680,0,0,0,1920,1080,False,2022-01-18T14:16:17.1612416+01:00
False,16,1920,1080,U8,3,1920,1080,5760,1175097424,0,0,0,1920,1080,False,2022-01-18T14:16:17.1967488+01:00
False,16,1920,1080,U8,3,1920,1080,5760,808276048,0,0,0,1920,1080,False,2022-01-18T14:16:17.2295424+01:00
False,16,1920,1080,U8,3,1920,1080,5760,814583888,0,0,0,1920,1080,False,2022-01-18T14:16:17.2628480+01:00
False,16,1920,1080,U8,3,1920,1080,5760,820867152,0,0,0,1920,1080,False,2022-01-18T14:16:17.2962688+01:00
False,16,1920,1080,U8,3,1920,1080,5760,827158608,0,0,0,1920,1080,False,2022-01-18T14:16:17.3303296+01:00
False,16,1920,1080,U8,3,1920,1080,5760,808312912,0,0,0,1920,1080,False,2022-01-18T14:16:17.3613824+01:00
False,16,1920,1080,U8,3,1920,1080,5760,814600272,0,0,0,1920,1080,False,2022-01-18T14:16:17.3960960+01:00
False,16,1920,1080,U8,3,1920,1080,5760,844468304,0,0,0,1920,1080,False,2022-01-18T14:16:17.4278912+01:00
False,16,1920,1080,U8,3,1920,1080,5760,850751568,0,0,0,1920,1080,False,2022-01-18T14:16:17.4613888+01:00
False,16,1920,1080,U8,3,1920,1080,5760,808271952,0,0,0,1920,1080,False,2022-01-18T14:16:17.4952704+01:00
False,16,1920,1080,U8,3,1920,1080,5760,814608464,0,0,0,1920,1080,False,2022-01-18T14:16:17.5297152+01:00
False,16,1920,1080,U8,3,1920,1080,5760,988049488,0,0,0,1920,1080,False,2022-01-18T14:16:17.5611392+01:00
False,16,1920,1080,U8,3,1920,1080,5760,994365520,0,0,0,1920,1080,False,2022-01-18T14:16:17.5948544+01:00
False,16,1920,1080,U8,3,1920,1080,5760,1000661072,0,0,0,1920,1080,False,2022-01-18T14:16:17.6293760+01:00
False,16,1920,1080,U8,3,1920,1080,5760,1149915216,0,0,0,1920,1080,False,2022-01-18T14:16:17.6609152+01:00
False,16,1920,1080,U8,3,1920,1080,5760,1156239440,0,0,0,1920,1080,False,2022-01-18T14:16:17.6963200+01:00
False,16,1920,1080,U8,3,1920,1080,5760,1162526800,0,0,0,1920,1080,False,2022-01-18T14:16:17.7282816+01:00
False,16,1920,1080,U8,3,1920,1080,5760,1168805968,0,0,0,1920,1080,False,2022-01-18T14:16:17.7625984+01:00
False,16,1920,1080,U8,3,1920,1080,5760,1175064656,0,0,0,1920,1080,False,2022-01-18T14:16:17.7950976+01:00
False,16,1920,1080,U8,3,1920,1080,5760,808292432,0,0,0,1920,1080,False,2022-01-18T14:16:17.8289152+01:00
False,16,1920,1080,U8,3,1920,1080,5760,814587984,0,0,0,1920,1080,False,2022-01-18T14:16:17.8605696+01:00
False,16,1920,1080,U8,3,1920,1080,5760,820846672,0,0,0,1920,1080,False,2022-01-18T14:16:17.8955648+01:00
False,16,1920,1080,U8,3,1920,1080,5760,827158608,0,0,0,1920,1080,False,2022-01-18T14:16:17.9320960+01:00
False,16,1920,1080,U8,3,1920,1080,5760,808300624,0,0,0,1920,1080,False,2022-01-18T14:16:17.9607424+01:00
False,16,1920,1080,U8,3,1920,1080,5760,814604368,0,0,0,1920,1080,False,2022-01-18T14:16:17.9947008+01:00
False,16,1920,1080,U8,3,1920,1080,5760,844439632,0,0,0,1920,1080,False,2022-01-18T14:16:18.0292864+01:00
False,16,1920,1080,U8,3,1920,1080,5760,850751568,0,0,0,1920,1080,False,2022-01-18T14:16:18.0637824+01:00
False,16,1920,1080,U8,3,1920,1080,5760,808259664,0,0,0,1920,1080,False,2022-01-18T14:16:18.0959104+01:00
False,16,1920,1080,U8,3,1920,1080,5760,814600272,0,0,0,1920,1080,False,2022-01-18T14:16:18.1279488+01:00
False,16,1920,1080,U8,3,1920,1080,5760,988074064,0,0,0,1920,1080,False,2022-01-18T14:16:18.1624320+01:00
False,16,1920,1080,U8,3,1920,1080,5760,994312272,0,0,0,1920,1080,False,2022-01-18T14:16:18.1956992+01:00
False,16,1920,1080,U8,3,1920,1080,5760,1000562768,0,0,0,1920,1080,False,2022-01-18T14:16:18.2275456+01:00
False,16,1920,1080,U8,3,1920,1080,5760,1149923408,0,0,0,1920,1080,False,2022-01-18T14:16:18.2619264+01:00
False,16,1920,1080,U8,3,1920,1080,5760,1156239440,0,0,0,1920,1080,False,2022-01-18T14:16:18.2959616+01:00
False,16,1920,1080,U8,3,1920,1080,5760,1162502224,0,0,0,1920,1080,False,2022-01-18T14:16:18.3275392+01:00
False,16,1920,1080,U8,3,1920,1080,5760,1168777296,0,0,0,1920,1080,False,2022-01-18T14:16:18.3624832+01:00
False,16,1920,1080,U8,3,1920,1080,5760,1175085136,0,0,0,1920,1080,False,2022-01-18T14:16:18.3958784+01:00
False,16,1920,1080,U8,3,1920,1080,5760,808312912,0,0,0,1920,1080,False,2022-01-18T14:16:18.4288640+01:00
False,16,1920,1080,U8,3,1920,1080,5760,814559312,0,0,0,1920,1080,False,2022-01-18T14:16:18.4629376+01:00
False,16,1920,1080,U8,3,1920,1080,5760,820895824,0,0,0,1920,1080,False,2022-01-18T14:16:18.4947200+01:00
False,16,1920,1080,U8,3,1920,1080,5760,827174992,0,0,0,1920,1080,False,2022-01-18T14:16:18.5293312+01:00
False,16,1920,1080,U8,3,1920,1080,5760,808304720,0,0,0,1920,1080,False,2022-01-18T14:16:18.5605120+01:00
False,16,1920,1080,U8,3,1920,1080,5760,814547024,0,0,0,1920,1080,False,2022-01-18T14:16:18.5956864+01:00
False,16,1920,1080,U8,3,1920,1080,5760,844451920,0,0,0,1920,1080,False,2022-01-18T14:16:18.6279808+01:00
False,16,1920,1080,U8,3,1920,1080,5760,850747472,0,0,0,1920,1080,False,2022-01-18T14:16:18.6625664+01:00
False,16,1920,1080,U8,3,1920,1080,5760,808271952,0,0,0,1920,1080,False,2022-01-18T14:16:18.6956800+01:00
False,16,1920,1080,U8,3,1920,1080,5760,814592080,0,0,0,1920,1080,False,2022-01-18T14:16:18.7287936+01:00
False,16,1920,1080,U8,3,1920,1080,5760,988020816,0,0,0,1920,1080,False,2022-01-18T14:16:18.7610752+01:00
False,16,1920,1080,U8,3,1920,1080,5760,994246736,0,0,0,1920,1080,False,2022-01-18T14:16:18.7957504+01:00
False,16,1920,1080,U8,3,1920,1080,5760,1000513616,0,0,0,1920,1080,False,2022-01-18T14:16:18.8286592+01:00
False,16,1920,1080,U8,3,1920,1080,5760,1149919312,0,0,0,1920,1080,False,2022-01-18T14:16:18.8608896+01:00
False,16,1920,1080,U8,3,1920,1080,5760,1156227152,0,0,0,1920,1080,False,2022-01-18T14:16:18.8957696+01:00
False,16,1920,1080,U8,3,1920,1080,5760,1162494032,0,0,0,1920,1080,False,2022-01-18T14:16:18.9285504+01:00
False,16,1920,1080,U8,3,1920,1080,5760,1168810064,0,0,0,1920,1080,False,2022-01-18T14:16:18.9607680+01:00
False,16,1920,1080,U8,3,1920,1080,5760,1175085136,0,0,0,1920,1080,False,2022-01-18T14:16:18.9968768+01:00
False,16,1920,1080,U8,3,1920,1080,5760,808271952,0,0,0,1920,1080,False,2022-01-18T14:16:19.0287104+01:00
False,16,1920,1080,U8,3,1920,1080,5760,814587984,0,0,0,1920,1080,False,2022-01-18T14:16:19.0616320+01:00
False,16,1920,1080,U8,3,1920,1080,5760,820879440,0,0,0,1920,1080,False,2022-01-18T14:16:19.0962688+01:00
False,16,1920,1080,U8,3,1920,1080,5760,827174992,0,0,0,1920,1080,False,2022-01-18T14:16:19.1295360+01:00
False,16,1920,1080,U8,3,1920,1080,5760,808317008,0,0,0,1920,1080,False,2022-01-18T14:16:19.1631104+01:00
False,16,1920,1080,U8,3,1920,1080,5760,814604368,0,0,0,1920,1080,False,2022-01-18T14:16:19.1958912+01:00
False,16,1920,1080,U8,3,1920,1080,5760,844464208,0,0,0,1920,1080,False,2022-01-18T14:16:19.2280832+01:00
False,16,1920,1080,U8,3,1920,1080,5760,850776144,0,0,0,1920,1080,False,2022-01-18T14:16:19.2612992+01:00
False,16,1920,1080,U8,3,1920,1080,5760,808276048,0,0,0,1920,1080,False,2022-01-18T14:16:19.2943232+01:00
False,16,1920,1080,U8,3,1920,1080,5760,814587984,0,0,0,1920,1080,False,2022-01-18T14:16:19.3289728+01:00
False,16,1920,1080,U8,3,1920,1080,5760,988033104,0,0,0,1920,1080,False,2022-01-18T14:16:19.3621248+01:00
False,16,1920,1080,U8,3,1920,1080,5760,994336848,0,0,0,1920,1080,False,2022-01-18T14:16:19.3945856+01:00
False,16,1920,1080,U8,3,1920,1080,5760,1000611920,0,0,0,1920,1080,False,2022-01-18T14:16:19.4276608+01:00
False,16,1920,1080,U8,3,1920,1080,5760,1149939792,0,0,0,1920,1080,False,2022-01-18T14:16:19.4609792+01:00
False,16,1920,1080,U8,3,1920,1080,5760,1156206672,0,0,0,1920,1080,False,2022-01-18T14:16:19.4943488+01:00
False,16,1920,1080,U8,3,1920,1080,5760,1162518608,0,0,0,1920,1080,False,2022-01-18T14:16:19.5275136+01:00
False,16,1920,1080,U8,3,1920,1080,5760,1168769104,0,0,0,1920,1080,False,2022-01-18T14:16:19.5609088+01:00
False,16,1920,1080,U8,3,1920,1080,5760,1175048272,0,0,0,1920,1080,False,2022-01-18T14:16:19.5957120+01:00
False,16,1920,1080,U8,3,1920,1080,5760,808280144,0,0,0,1920,1080,False,2022-01-18T14:16:19.6278656+01:00
False,16,1920,1080,U8,3,1920,1080,5760,814583888,0,0,0,1920,1080,False,2022-01-18T14:16:19.6615552+01:00
False,16,1920,1080,U8,3,1920,1080,5760,820871248,0,0,0,1920,1080,False,2022-01-18T14:16:19.6947840+01:00
False,16,1920,1080,U8,3,1920,1080,5760,827183184,0,0,0,1920,1080,False,2022-01-18T14:16:19.7292928+01:00
False,16,1920,1080,U8,3,1920,1080,5760,808259664,0,0,0,1920,1080,False,2022-01-18T14:16:19.7611648+01:00
False,16,1920,1080,U8,3,1920,1080,5760,814555216,0,0,0,1920,1080,False,2022-01-18T14:16:19.7942912+01:00
False,16,1920,1080,U8,3,1920,1080,5760,844439632,0,0,0,1920,1080,False,2022-01-18T14:16:19.8288768+01:00
False,16,1920,1080,U8,3,1920,1080,5760,850747472,0,0,0,1920,1080,False,2022-01-18T14:16:19.8621440+01:00
False,16,1920,1080,U8,3,1920,1080,5760,808317008,0,0,0,1920,1080,False,2022-01-18T14:16:19.8947328+01:00
False,16,1920,1080,U8,3,1920,1080,5760,814587984,0,0,0,1920,1080,False,2022-01-18T14:16:19.9277568+01:00
False,16,1920,1080,U8,3,1920,1080,5760,988065872,0,0,0,1920,1080,False,2022-01-18T14:16:19.9619712+01:00
False,16,1920,1080,U8,3,1920,1080,5760,994349136,0,0,0,1920,1080,False,2022-01-18T14:16:19.9950208+01:00
False,16,1920,1080,U8,3,1920,1080,5760,1000656976,0,0,0,1920,1080,False,2022-01-18T14:16:20.0278784+01:00
False,16,1920,1080,U8,3,1920,1080,5760,1149919312,0,0,0,1920,1080,False,2022-01-18T14:16:20.0615296+01:00
False,16,1920,1080,U8,3,1920,1080,5760,1156194384,0,0,0,1920,1080,False,2022-01-18T14:16:20.0961536+01:00
False,16,1920,1080,U8,3,1920,1080,5760,1162485840,0,0,0,1920,1080,False,2022-01-18T14:16:20.1283072+01:00
False,16,1920,1080,U8,3,1920,1080,5760,1168797776,0,0,0,1920,1080,False,2022-01-18T14:16:20.1627648+01:00
False,16,1920,1080,U8,3,1920,1080,5760,1175093328,0,0,0,1920,1080,False,2022-01-18T14:16:20.1963008+01:00
False,16,1920,1080,U8,3,1920,1080,5760,808308816,0,0,0,1920,1080,False,2022-01-18T14:16:20.2284416+01:00
False,16,1920,1080,U8,3,1920,1080,5760,814563408,0,0,0,1920,1080,False,2022-01-18T14:16:20.2615808+01:00
False,16,1920,1080,U8,3,1920,1080,5760,820842576,0,0,0,1920,1080,False,2022-01-18T14:16:20.2956928+01:00
False,16,1920,1080,U8,3,1920,1080,5760,827183184,0,0,0,1920,1080,False,2022-01-18T14:16:20.3288192+01:00
False,16,1920,1080,U8,3,1920,1080,5760,808276048,0,0,0,1920,1080,False,2022-01-18T14:16:20.3615744+01:00
False,16,1920,1080,U8,3,1920,1080,5760,814567504,0,0,0,1920,1080,False,2022-01-18T14:16:20.3955840+01:00
False,16,1920,1080,U8,3,1920,1080,5760,844431440,0,0,0,1920,1080,False,2022-01-18T14:16:20.4282496+01:00
False,16,1920,1080,U8,3,1920,1080,5760,850665552,0,0,0,1920,1080,False,2022-01-18T14:16:20.4629248+01:00
False,16,1920,1080,U8,3,1920,1080,5760,808300624,0,0,0,1920,1080,False,2022-01-18T14:16:20.4948608+01:00
False,16,1920,1080,U8,3,1920,1080,5760,814608464,0,0,0,1920,1080,False,2022-01-18T14:16:20.5291136+01:00
False,16,1920,1080,U8,3,1920,1080,5760,988033104,0,0,0,1920,1080,False,2022-01-18T14:16:20.5630208+01:00
False,16,1920,1080,U8,3,1920,1080,5760,994365520,0,0,0,1920,1080,False,2022-01-18T14:16:20.5968896+01:00
False,16,1920,1080,U8,3,1920,1080,5760,1000636496,0,0,0,1920,1080,False,2022-01-18T14:16:20.6295424+01:00
False,16,1920,1080,U8,3,1920,1080,5760,1149947984,0,0,0,1920,1080,False,2022-01-18T14:16:20.6632960+01:00
False,16,1920,1080,U8,3,1920,1080,5760,1156243536,0,0,0,1920,1080,False,2022-01-18T14:16:20.6959872+01:00
False,16,1920,1080,U8,3,1920,1080,5760,1162489936,0,0,0,1920,1080,False,2022-01-18T14:16:20.7295104+01:00
False,16,1920,1080,U8,3,1920,1080,5760,1168805968,0,0,0,1920,1080,False,2022-01-18T14:16:20.7636608+01:00
False,16,1920,1080,U8,3,1920,1080,5760,1175081040,0,0,0,1920,1080,False,2022-01-18T14:16:20.7972352+01:00
False,16,1920,1080,U8,3,1920,1080,5760,808308816,0,0,0,1920,1080,False,2022-01-18T14:16:20.8292864+01:00
False,16,1920,1080,U8,3,1920,1080,5760,814567504,0,0,0,1920,1080,False,2022-01-18T14:16:20.8626944+01:00
False,16,1920,1080,U8,3,1920,1080,5760,820858960,0,0,0,1920,1080,False,2022-01-18T14:16:20.8969216+01:00
False,16,1920,1080,U8,3,1920,1080,5760,827142224,0,0,0,1920,1080,False,2022-01-18T14:16:20.9302528+01:00
False,16,1920,1080,U8,3,1920,1080,5760,808263760,0,0,0,1920,1080,False,2022-01-18T14:16:20.9619456+01:00
False,16,1920,1080,U8,3,1920,1080,5760,814596176,0,0,0,1920,1080,False,2022-01-18T14:16:20.9961728+01:00
False,16,1920,1080,U8,3,1920,1080,5760,844480592,0,0,0,1920,1080,False,2022-01-18T14:16:21.0297728+01:00
False,16,1920,1080,U8,3,1920,1080,5760,850743376,0,0,0,1920,1080,False,2022-01-18T14:16:21.0641408+01:00
False,16,1920,1080,U8,3,1920,1080,5760,808312912,0,0,0,1920,1080,False,2022-01-18T14:16:21.0955904+01:00
False,16,1920,1080,U8,3,1920,1080,5760,814596176,0,0,0,1920,1080,False,2022-01-18T14:16:21.1299584+01:00
False,16,1920,1080,U8,3,1920,1080,5760,988020816,0,0,0,1920,1080,False,2022-01-18T14:16:21.1638272+01:00
False,16,1920,1080,U8,3,1920,1080,5760,994275408,0,0,0,1920,1080,False,2022-01-18T14:16:21.1963392+01:00
False,16,1920,1080,U8,3,1920,1080,5760,1000583248,0,0,0,1920,1080,False,2022-01-18T14:16:21.2297216+01:00
False,16,1920,1080,U8,3,1920,1080,5760,1149902928,0,0,0,1920,1080,False,2022-01-18T14:16:21.2632320+01:00
False,16,1920,1080,U8,3,1920,1080,5760,1156231248,0,0,0,1920,1080,False,2022-01-18T14:16:21.2955520+01:00
False,16,1920,1080,U8,3,1920,1080,5760,1162506320,0,0,0,1920,1080,False,2022-01-18T14:16:21.3294336+01:00
False,16,1920,1080,U8,3,1920,1080,5760,1168822352,0,0,0,1920,1080,False,2022-01-18T14:16:21.3634048+01:00
False,16,1920,1080,U8,3,1920,1080,5760,1175122000,0,0,0,1920,1080,False,2022-01-18T14:16:21.3978624+01:00
False,16,1920,1080,U8,3,1920,1080,5760,808300624,0,0,0,1920,1080,False,2022-01-18T14:16:21.4306432+01:00
False,16,1920,1080,U8,3,1920,1080,5760,814604368,0,0,0,1920,1080,False,2022-01-18T14:16:21.4637056+01:00
False,16,1920,1080,U8,3,1920,1080,5760,820875344,0,0,0,1920,1080,False,2022-01-18T14:16:21.4969856+01:00
False,16,1920,1080,U8,3,1920,1080,5760,827142224,0,0,0,1920,1080,False,2022-01-18T14:16:21.5311744+01:00
False,16,1920,1080,U8,3,1920,1080,5760,808300624,0,0,0,1920,1080,False,2022-01-18T14:16:21.5638144+01:00
False,16,1920,1080,U8,3,1920,1080,5760,814559312,0,0,0,1920,1080,False,2022-01-18T14:16:21.5963392+01:00
False,16,1920,1080,U8,3,1920,1080,5760,844439632,0,0,0,1920,1080,False,2022-01-18T14:16:21.6310400+01:00
False,16,1920,1080,U8,3,1920,1080,5760,850780240,0,0,0,1920,1080,False,2022-01-18T14:16:21.6639488+01:00
False,16,1920,1080,U8,3,1920,1080,5760,808276048,0,0,0,1920,1080,False,2022-01-18T14:16:21.6971392+01:00
False,16,1920,1080,U8,3,1920,1080,5760,814587984,0,0,0,1920,1080,False,2022-01-18T14:16:21.7302528+01:00
False,16,1920,1080,U8,3,1920,1080,5760,988057680,0,0,0,1920,1080,False,2022-01-18T14:16:21.7631488+01:00
False,16,1920,1080,U8,3,1920,1080,5760,994349136,0,0,0,1920,1080,False,2022-01-18T14:16:21.7957120+01:00
False,16,1920,1080,U8,3,1920,1080,5760,1000648784,0,0,0,1920,1080,False,2022-01-18T14:16:21.8301568+01:00
False,16,1920,1080,U8,3,1920,1080,5760,1149907024,0,0,0,1920,1080,False,2022-01-18T14:16:21.8634624+01:00
False,16,1920,1080,U8,3,1920,1080,5760,1156227152,0,0,0,1920,1080,False,2022-01-18T14:16:21.8956672+01:00
False,16,1920,1080,U8,3,1920,1080,5760,1162518608,0,0,0,1920,1080,False,2022-01-18T14:16:21.9302400+01:00
False,16,1920,1080,U8,3,1920,1080,5760,1168814160,0,0,0,1920,1080,False,2022-01-18T14:16:21.9632256+01:00
False,16,1920,1080,U8,3,1920,1080,5760,1175101520,0,0,0,1920,1080,False,2022-01-18T14:16:21.9980288+01:00
False,16,1920,1080,U8,3,1920,1080,5760,808284240,0,0,0,1920,1080,False,2022-01-18T14:16:22.0295296+01:00
False,16,1920,1080,U8,3,1920,1080,5760,814567504,0,0,0,1920,1080,False,2022-01-18T14:16:22.0629504+01:00
False,16,1920,1080,U8,3,1920,1080,5760,820842576,0,0,0,1920,1080,False,2022-01-18T14:16:22.0958976+01:00
False,16,1920,1080,U8,3,1920,1080,5760,827158608,0,0,0,1920,1080,False,2022-01-18T14:16:22.1325824+01:00
False,16,1920,1080,U8,3,1920,1080,5760,808276048,0,0,0,1920,1080,False,2022-01-18T14:16:22.1627136+01:00
False,16,1920,1080,U8,3,1920,1080,5760,814559312,0,0,0,1920,1080,False,2022-01-18T14:16:22.1974656+01:00
False,16,1920,1080,U8,3,1920,1080,5760,844431440,0,0,0,1920,1080,False,2022-01-18T14:16:22.2307968+01:00
False,16,1920,1080,U8,3,1920,1080,5760,850694224,0,0,0,1920,1080,False,2022-01-18T14:16:22.2637184+01:00
False,16,1920,1080,U8,3,1920,1080,5760,808304720,0,0,0,1920,1080,False,2022-01-18T14:16:22.2976384+01:00
False,16,1920,1080,U8,3,1920,1080,5760,814563408,0,0,0,1920,1080,False,2022-01-18T14:16:22.3303680+01:00
False,16,1920,1080,U8,3,1920,1080,5760,988074064,0,0,0,1920,1080,False,2022-01-18T14:16:22.3646464+01:00
False,16,1920,1080,U8,3,1920,1080,5760,994328656,0,0,0,1920,1080,False,2022-01-18T14:16:22.3971840+01:00
False,16,1920,1080,U8,3,1920,1080,5760,1000636496,0,0,0,1920,1080,False,2022-01-18T14:16:22.4305152+01:00
False,16,1920,1080,U8,3,1920,1080,5760,1149935696,0,0,0,1920,1080,False,2022-01-18T14:16:22.4652416+01:00
False,16,1920,1080,U8,3,1920,1080,5760,1156206672,0,0,0,1920,1080,False,2022-01-18T14:16:22.4974720+01:00
False,16,1920,1080,U8,3,1920,1080,5760,1162539088,0,0,0,1920,1080,False,2022-01-18T14:16:22.5305216+01:00
False,16,1920,1080,U8,3,1920,1080,5760,1168769104,0,0,0,1920,1080,False,2022-01-18T14:16:22.5637376+01:00
False,16,1920,1080,U8,3,1920,1080,5760,1175040080,0,0,0,1920,1080,False,2022-01-18T14:16:22.5968384+01:00
False,16,1920,1080,U8,3,1920,1080,5760,808284240,0,0,0,1920,1080,False,2022-01-18T14:16:22.6294016+01:00
False,16,1920,1080,U8,3,1920,1080,5760,814608464,0,0,0,1920,1080,False,2022-01-18T14:16:22.6633856+01:00
False,16,1920,1080,U8,3,1920,1080,5760,820891728,0,0,0,1920,1080,False,2022-01-18T14:16:22.6967552+01:00
False,16,1920,1080,U8,3,1920,1080,5760,827142224,0,0,0,1920,1080,False,2022-01-18T14:16:22.7314304+01:00
False,16,1920,1080,U8,3,1920,1080,5760,808255568,0,0,0,1920,1080,False,2022-01-18T14:16:22.7627392+01:00
False,16,1920,1080,U8,3,1920,1080,5760,814493776,0,0,0,1920,1080,False,2022-01-18T14:16:22.7971200+01:00
False,16,1920,1080,U8,3,1920,1080,5760,844476496,0,0,0,1920,1080,False,2022-01-18T14:16:22.8307456+01:00
False,16,1920,1080,U8,3,1920,1080,5760,850759760,0,0,0,1920,1080,False,2022-01-18T14:16:22.8648448+01:00
False,16,1920,1080,U8,3,1920,1080,5760,808284240,0,0,0,1920,1080,False,2022-01-18T14:16:22.8958720+01:00
False,16,1920,1080,U8,3,1920,1080,5760,814592080,0,0,0,1920,1080,False,2022-01-18T14:16:22.9295104+01:00
False,16,1920,1080,U8,3,1920,1080,5760,988049488,0,0,0,1920,1080,False,2022-01-18T14:16:22.9638912+01:00
False,16,1920,1080,U8,3,1920,1080,5760,994361424,0,0,0,1920,1080,False,2022-01-18T14:16:22.9965056+01:00
False,16,1920,1080,U8,3,1920,1080,5760,1000661072,0,0,0,1920,1080,False,2022-01-18T14:16:23.0305792+01:00
False,16,1920,1080,U8,3,1920,1080,5760,1149898832,0,0,0,1920,1080,False,2022-01-18T14:16:23.0638720+01:00
False,16,1920,1080,U8,3,1920,1080,5760,1156190288,0,0,0,1920,1080,False,2022-01-18T14:16:23.0965120+01:00
False,16,1920,1080,U8,3,1920,1080,5760,1162510416,0,0,0,1920,1080,False,2022-01-18T14:16:23.1302784+01:00
False,16,1920,1080,U8,3,1920,1080,5760,1168814160,0,0,0,1920,1080,False,2022-01-18T14:16:23.1640320+01:00
False,16,1920,1080,U8,3,1920,1080,5760,1175101520,0,0,0,1920,1080,False,2022-01-18T14:16:23.1972096+01:00
False,16,1920,1080,U8,3,1920,1080,5760,808263760,0,0,0,1920,1080,False,2022-01-18T14:16:23.2306688+01:00
False,16,1920,1080,U8,3,1920,1080,5760,814555216,0,0,0,1920,1080,False,2022-01-18T14:16:23.2637696+01:00
False,16,1920,1080,U8,3,1920,1080,5760,820895824,0,0,0,1920,1080,False,2022-01-18T14:16:23.2975872+01:00
False,16,1920,1080,U8,3,1920,1080,5760,827134032,0,0,0,1920,1080,False,2022-01-18T14:16:23.3308544+01:00
False,16,1920,1080,U8,3,1920,1080,5760,808284240,0,0,0,1920,1080,False,2022-01-18T14:16:23.3634304+01:00
False,16,1920,1080,U8,3,1920,1080,5760,814551120,0,0,0,1920,1080,False,2022-01-18T14:16:23.3975680+01:00
False,16,1920,1080,U8,3,1920,1080,5760,844456016,0,0,0,1920,1080,False,2022-01-18T14:16:23.4308224+01:00
False,16,1920,1080,U8,3,1920,1080,5760,850726992,0,0,0,1920,1080,False,2022-01-18T14:16:23.4644608+01:00
False,16,1920,1080,U8,3,1920,1080,5760,808271952,0,0,0,1920,1080,False,2022-01-18T14:16:23.4973952+01:00
False,16,1920,1080,U8,3,1920,1080,5760,814559312,0,0,0,1920,1080,False,2022-01-18T14:16:23.5309312+01:00
False,16,1920,1080,U8,3,1920,1080,5760,988037200,0,0,0,1920,1080,False,2022-01-18T14:16:23.5640576+01:00
False,16,1920,1080,U8,3,1920,1080,5760,994328656,0,0,0,1920,1080,False,2022-01-18T14:16:23.5975680+01:00
False,16,1920,1080,U8,3,1920,1080,5760,1000640592,0,0,0,1920,1080,False,2022-01-18T14:16:23.6305024+01:00
False,16,1920,1080,U8,3,1920,1080,5760,1149943888,0,0,0,1920,1080,False,2022-01-18T14:16:23.6639616+01:00
False,16,1920,1080,U8,3,1920,1080,5760,1156227152,0,0,0,1920,1080,False,2022-01-18T14:16:23.6973824+01:00
False,16,1920,1080,U8,3,1920,1080,5760,1162514512,0,0,0,1920,1080,False,2022-01-18T14:16:23.7300096+01:00
False,16,1920,1080,U8,3,1920,1080,5760,1168789584,0,0,0,1920,1080,False,2022-01-18T14:16:23.7634816+01:00
False,16,1920,1080,U8,3,1920,1080,5760,1175109712,0,0,0,1920,1080,False,2022-01-18T14:16:23.7977088+01:00
False,16,1920,1080,U8,3,1920,1080,5760,808280144,0,0,0,1920,1080,False,2022-01-18T14:16:23.8298240+01:00
False,16,1920,1080,U8,3,1920,1080,5760,814608464,0,0,0,1920,1080,False,2022-01-18T14:16:23.8632448+01:00
False,16,1920,1080,U8,3,1920,1080,5760,820842576,0,0,0,1920,1080,False,2022-01-18T14:16:23.8964352+01:00
False,16,1920,1080,U8,3,1920,1080,5760,827187280,0,0,0,1920,1080,False,2022-01-18T14:16:23.9305984+01:00
False,16,1920,1080,U8,3,1920,1080,5760,808255568,0,0,0,1920,1080,False,2022-01-18T14:16:23.9634304+01:00
False,16,1920,1080,U8,3,1920,1080,5760,814481488,0,0,0,1920,1080,False,2022-01-18T14:16:23.9955200+01:00
False,16,1920,1080,U8,3,1920,1080,5760,844443728,0,0,0,1920,1080,False,2022-01-18T14:16:24.0299264+01:00
False,16,1920,1080,U8,3,1920,1080,5760,850767952,0,0,0,1920,1080,False,2022-01-18T14:16:24.0640128+01:00
False,16,1920,1080,U8,3,1920,1080,5760,808284240,0,0,0,1920,1080,False,2022-01-18T14:16:24.0966528+01:00
False,16,1920,1080,U8,3,1920,1080,5760,814592080,0,0,0,1920,1080,False,2022-01-18T14:16:24.1297920+01:00
False,16,1920,1080,U8,3,1920,1080,5760,988020816,0,0,0,1920,1080,False,2022-01-18T14:16:24.1630208+01:00
False,16,1920,1080,U8,3,1920,1080,5760,994279504,0,0,0,1920,1080,False,2022-01-18T14:16:24.1957888+01:00
False,16,1920,1080,U8,3,1920,1080,5760,1000579152,0,0,0,1920,1080,False,2022-01-18T14:16:24.2295808+01:00
False,16,1920,1080,U8,3,1920,1080,5760,1149902928,0,0,0,1920,1080,False,2022-01-18T14:16:24.2630400+01:00
False,16,1920,1080,U8,3,1920,1080,5760,1156235344,0,0,0,1920,1080,False,2022-01-18T14:16:24.2965248+01:00
False,16,1920,1080,U8,3,1920,1080,5760,1162534992,0,0,0,1920,1080,False,2022-01-18T14:16:24.3296640+01:00
False,16,1920,1080,U8,3,1920,1080,5760,1168769104,0,0,0,1920,1080,False,2022-01-18T14:16:24.3630080+01:00
False,16,1920,1080,U8,3,1920,1080,5760,1175048272,0,0,0,1920,1080,False,2022-01-18T14:16:24.3975936+01:00
False,16,1920,1080,U8,3,1920,1080,5760,808304720,0,0,0,1920,1080,False,2022-01-18T14:16:24.4296704+01:00
False,16,1920,1080,U8,3,1920,1080,5760,814583888,0,0,0,1920,1080,False,2022-01-18T14:16:24.4629120+01:00
False,16,1920,1080,U8,3,1920,1080,5760,820883536,0,0,0,1920,1080,False,2022-01-18T14:16:24.4961152+01:00
False,16,1920,1080,U8,3,1920,1080,5760,827183184,0,0,0,1920,1080,False,2022-01-18T14:16:24.5301120+01:00
False,16,1920,1080,U8,3,1920,1080,5760,808292432,0,0,0,1920,1080,False,2022-01-18T14:16:24.5633536+01:00
False,16,1920,1080,U8,3,1920,1080,5760,814579792,0,0,0,1920,1080,False,2022-01-18T14:16:24.5965568+01:00
False,16,1920,1080,U8,3,1920,1080,5760,844431440,0,0,0,1920,1080,False,2022-01-18T14:16:24.6294272+01:00
False,16,1920,1080,U8,3,1920,1080,5760,850669648,0,0,0,1920,1080,False,2022-01-18T14:16:24.6642816+01:00
False,16,1920,1080,U8,3,1920,1080,5760,808304720,0,0,0,1920,1080,False,2022-01-18T14:16:24.6960512+01:00
False,16,1920,1080,U8,3,1920,1080,5760,814608464,0,0,0,1920,1080,False,2022-01-18T14:16:24.7298816+01:00
False,16,1920,1080,U8,3,1920,1080,5760,988069968,0,0,0,1920,1080,False,2022-01-18T14:16:24.7638144+01:00
False,16,1920,1080,U8,3,1920,1080,5760,994369616,0,0,0,1920,1080,False,2022-01-18T14:16:24.7964160+01:00
False,16,1920,1080,U8,3,1920,1080,5760,1000661072,0,0,0,1920,1080,False,2022-01-18T14:16:24.8296064+01:00
False,16,1920,1080,U8,3,1920,1080,5760,1149935696,0,0,0,1920,1080,False,2022-01-18T14:16:24.8635392+01:00
False,16,1920,1080,U8,3,1920,1080,5760,1156206672,0,0,0,1920,1080,False,2022-01-18T14:16:24.8976768+01:00
False,16,1920,1080,U8,3,1920,1080,5760,1162526800,0,0,0,1920,1080,False,2022-01-18T14:16:24.9307520+01:00
False,16,1920,1080,U8,3,1920,1080,5760,1168826448,0,0,0,1920,1080,False,2022-01-18T14:16:24.9649024+01:00
False,16,1920,1080,U8,3,1920,1080,5760,1175064656,0,0,0,1920,1080,False,2022-01-18T14:16:24.9982336+01:00
False,16,1920,1080,U8,3,1920,1080,5760,808292432,0,0,0,1920,1080,False,2022-01-18T14:16:25.0307840+01:00
False,16,1920,1080,U8,3,1920,1080,5760,814596176,0,0,0,1920,1080,False,2022-01-18T14:16:25.0636416+01:00
False,16,1920,1080,U8,3,1920,1080,5760,820891728,0,0,0,1920,1080,False,2022-01-18T14:16:25.0969344+01:00
False,16,1920,1080,U8,3,1920,1080,5760,827166800,0,0,0,1920,1080,False,2022-01-18T14:16:25.1312768+01:00
False,16,1920,1080,U8,3,1920,1080,5760,808304720,0,0,0,1920,1080,False,2022-01-18T14:16:25.1635712+01:00
False,16,1920,1080,U8,3,1920,1080,5760,814563408,0,0,0,1920,1080,False,2022-01-18T14:16:25.1975808+01:00
False,16,1920,1080,U8,3,1920,1080,5760,844472400,0,0,0,1920,1080,False,2022-01-18T14:16:25.2309760+01:00
False,16,1920,1080,U8,3,1920,1080,5760,850755664,0,0,0,1920,1080,False,2022-01-18T14:16:25.2639744+01:00
False,16,1920,1080,U8,3,1920,1080,5760,808300624,0,0,0,1920,1080,False,2022-01-18T14:16:25.2962176+01:00
False,16,1920,1080,U8,3,1920,1080,5760,814579792,0,0,0,1920,1080,False,2022-01-18T14:16:25.3310720+01:00
False,16,1920,1080,U8,3,1920,1080,5760,988061776,0,0,0,1920,1080,False,2022-01-18T14:16:25.3639168+01:00
False,16,1920,1080,U8,3,1920,1080,5760,994369616,0,0,0,1920,1080,False,2022-01-18T14:16:25.3973120+01:00
False,16,1920,1080,U8,3,1920,1080,5760,1000620112,0,0,0,1920,1080,False,2022-01-18T14:16:25.4306176+01:00
False,16,1920,1080,U8,3,1920,1080,5760,1149923408,0,0,0,1920,1080,False,2022-01-18T14:16:25.4640256+01:00
False,16,1920,1080,U8,3,1920,1080,5760,1156227152,0,0,0,1920,1080,False,2022-01-18T14:16:25.4965248+01:00
False,16,1920,1080,U8,3,1920,1080,5760,1162489936,0,0,0,1920,1080,False,2022-01-18T14:16:25.5308672+01:00
False,16,1920,1080,U8,3,1920,1080,5760,1168801872,0,0,0,1920,1080,False,2022-01-18T14:16:25.5650816+01:00
False,16,1920,1080,U8,3,1920,1080,5760,1175081040,0,0,0,1920,1080,False,2022-01-18T14:16:25.5969792+01:00
False,16,1920,1080,U8,3,1920,1080,5760,808267856,0,0,0,1920,1080,False,2022-01-18T14:16:25.6305920+01:00
False,16,1920,1080,U8,3,1920,1080,5760,814579792,0,0,0,1920,1080,False,2022-01-18T14:16:25.6633344+01:00
False,16,1920,1080,U8,3,1920,1080,5760,820899920,0,0,0,1920,1080,False,2022-01-18T14:16:25.6971136+01:00
False,16,1920,1080,U8,3,1920,1080,5760,827154512,0,0,0,1920,1080,False,2022-01-18T14:16:25.7311104+01:00
False,16,1920,1080,U8,3,1920,1080,5760,808304720,0,0,0,1920,1080,False,2022-01-18T14:16:25.7631232+01:00
False,16,1920,1080,U8,3,1920,1080,5760,814547024,0,0,0,1920,1080,False,2022-01-18T14:16:25.7973632+01:00
False,16,1920,1080,U8,3,1920,1080,5760,844492880,0,0,0,1920,1080,False,2022-01-18T14:16:25.8308864+01:00
False,16,1920,1080,U8,3,1920,1080,5760,850751568,0,0,0,1920,1080,False,2022-01-18T14:16:25.8652032+01:00
False,16,1920,1080,U8,3,1920,1080,5760,808276048,0,0,0,1920,1080,False,2022-01-18T14:16:25.8972416+01:00
False,16,1920,1080,U8,3,1920,1080,5760,814604368,0,0,0,1920,1080,False,2022-01-18T14:16:25.9304192+01:00
False,16,1920,1080,U8,3,1920,1080,5760,988053584,0,0,0,1920,1080,False,2022-01-18T14:16:25.9635840+01:00
False,16,1920,1080,U8,3,1920,1080,5760,994369616,0,0,0,1920,1080,False,2022-01-18T14:16:25.9973504+01:00
False,16,1920,1080,U8,3,1920,1080,5760,1000632400,0,0,0,1920,1080,False,2022-01-18T14:16:26.0299520+01:00
False,16,1920,1080,U8,3,1920,1080,5760,1149898832,0,0,0,1920,1080,False,2022-01-18T14:16:26.0637312+01:00
False,16,1920,1080,U8,3,1920,1080,5760,1156186192,0,0,0,1920,1080,False,2022-01-18T14:16:26.0972544+01:00
False,16,1920,1080,U8,3,1920,1080,5760,1162440784,0,0,0,1920,1080,False,2022-01-18T14:16:26.1307008+01:00
False,16,1920,1080,U8,3,1920,1080,5760,1168760912,0,0,0,1920,1080,False,2022-01-18T14:16:26.1635712+01:00
False,16,1920,1080,U8,3,1920,1080,5760,1175056464,0,0,0,1920,1080,False,2022-01-18T14:16:26.1966208+01:00
False,16,1920,1080,U8,3,1920,1080,5760,808296528,0,0,0,1920,1080,False,2022-01-18T14:16:26.2306432+01:00
False,16,1920,1080,U8,3,1920,1080,5760,814604368,0,0,0,1920,1080,False,2022-01-18T14:16:26.2643200+01:00
False,16,1920,1080,U8,3,1920,1080,5760,820867152,0,0,0,1920,1080,False,2022-01-18T14:16:26.2971776+01:00
False,16,1920,1080,U8,3,1920,1080,5760,827187280,0,0,0,1920,1080,False,2022-01-18T14:16:26.3362560+01:00
False,16,1920,1080,U8,3,1920,1080,5760,808317008,0,0,0,1920,1080,False,2022-01-18T14:16:26.3632384+01:00
False,16,1920,1080,U8,3,1920,1080,5760,814559312,0,0,0,1920,1080,False,2022-01-18T14:16:26.3995904+01:00
False,16,1920,1080,U8,3,1920,1080,5760,844488784,0,0,0,1920,1080,False,2022-01-18T14:16:26.4308736+01:00
False,16,1920,1080,U8,3,1920,1080,5760,850751568,0,0,0,1920,1080,False,2022-01-18T14:16:26.4651264+01:00
False,16,1920,1080,U8,3,1920,1080,5760,808300624,0,0,0,1920,1080,False,2022-01-18T14:16:26.4963584+01:00
False,16,1920,1080,U8,3,1920,1080,5760,814583888,0,0,0,1920,1080,False,2022-01-18T14:16:26.5312000+01:00
False,16,1920,1080,U8,3,1920,1080,5760,988053584,0,0,0,1920,1080,False,2022-01-18T14:16:26.5651968+01:00
False,16,1920,1080,U8,3,1920,1080,5760,994332752,0,0,0,1920,1080,False,2022-01-18T14:16:26.5964032+01:00
False,16,1920,1080,U8,3,1920,1080,5760,1000628304,0,0,0,1920,1080,False,2022-01-18T14:16:26.6307200+01:00
False,16,1920,1080,U8,3,1920,1080,5760,1149939792,0,0,0,1920,1080,False,2022-01-18T14:16:26.6641664+01:00
False,16,1920,1080,U8,3,1920,1080,5760,1156214864,0,0,0,1920,1080,False,2022-01-18T14:16:26.6965504+01:00
False,16,1920,1080,U8,3,1920,1080,5760,1162530896,0,0,0,1920,1080,False,2022-01-18T14:16:26.7304064+01:00
False,16,1920,1080,U8,3,1920,1080,5760,1168810064,0,0,0,1920,1080,False,2022-01-18T14:16:26.7647744+01:00
False,16,1920,1080,U8,3,1920,1080,5760,1175101520,0,0,0,1920,1080,False,2022-01-18T14:16:26.7981696+01:00
False,16,1920,1080,U8,3,1920,1080,5760,808284240,0,0,0,1920,1080,False,2022-01-18T14:16:26.8293120+01:00
False,16,1920,1080,U8,3,1920,1080,5760,814551120,0,0,0,1920,1080,False,2022-01-18T14:16:26.8633728+01:00
False,16,1920,1080,U8,3,1920,1080,5760,820850768,0,0,0,1920,1080,False,2022-01-18T14:16:26.8969984+01:00
False,16,1920,1080,U8,3,1920,1080,5760,827134032,0,0,0,1920,1080,False,2022-01-18T14:16:26.9298688+01:00
False,16,1920,1080,U8,3,1920,1080,5760,808280144,0,0,0,1920,1080,False,2022-01-18T14:16:26.9630080+01:00
False,16,1920,1080,U8,3,1920,1080,5760,814596176,0,0,0,1920,1080,False,2022-01-18T14:16:26.9961600+01:00
False,16,1920,1080,U8,3,1920,1080,5760,844484688,0,0,0,1920,1080,False,2022-01-18T14:16:27.0304512+01:00
False,16,1920,1080,U8,3,1920,1080,5760,850731088,0,0,0,1920,1080,False,2022-01-18T14:16:27.0638080+01:00
False,16,1920,1080,U8,3,1920,1080,5760,808292432,0,0,0,1920,1080,False,2022-01-18T14:16:27.0959744+01:00
False,16,1920,1080,U8,3,1920,1080,5760,814547024,0,0,0,1920,1080,False,2022-01-18T14:16:27.1308800+01:00
False,16,1920,1080,U8,3,1920,1080,5760,988041296,0,0,0,1920,1080,False,2022-01-18T14:16:27.1636224+01:00
False,16,1920,1080,U8,3,1920,1080,5760,994332752,0,0,0,1920,1080,False,2022-01-18T14:16:27.1960576+01:00
False,16,1920,1080,U8,3,1920,1080,5760,1000648784,0,0,0,1920,1080,False,2022-01-18T14:16:27.2294272+01:00
False,16,1920,1080,U8,3,1920,1080,5760,1149927504,0,0,0,1920,1080,False,2022-01-18T14:16:27.2633984+01:00
False,16,1920,1080,U8,3,1920,1080,5760,1156247632,0,0,0,1920,1080,False,2022-01-18T14:16:27.2969216+01:00
False,16,1920,1080,U8,3,1920,1080,5760,1162526800,0,0,0,1920,1080,False,2022-01-18T14:16:27.3288448+01:00
False,16,1920,1080,U8,3,1920,1080,5760,1168785488,0,0,0,1920,1080,False,2022-01-18T14:16:27.3633792+01:00
False,16,1920,1080,U8,3,1920,1080,5760,1175101520,0,0,0,1920,1080,False,2022-01-18T14:16:27.3978112+01:00
False,16,1920,1080,U8,3,1920,1080,5760,808284240,0,0,0,1920,1080,False,2022-01-18T14:16:27.4289152+01:00
False,16,1920,1080,U8,3,1920,1080,5760,814583888,0,0,0,1920,1080,False,2022-01-18T14:16:27.4631168+01:00
False,16,1920,1080,U8,3,1920,1080,5760,820846672,0,0,0,1920,1080,False,2022-01-18T14:16:27.4968320+01:00
False,16,1920,1080,U8,3,1920,1080,5760,827154512,0,0,0,1920,1080,False,2022-01-18T14:16:27.5311616+01:00
False,16,1920,1080,U8,3,1920,1080,5760,808300624,0,0,0,1920,1080,False,2022-01-18T14:16:27.5625600+01:00
False,16,1920,1080,U8,3,1920,1080,5760,814608464,0,0,0,1920,1080,False,2022-01-18T14:16:27.5977344+01:00
False,16,1920,1080,U8,3,1920,1080,5760,844484688,0,0,0,1920,1080,False,2022-01-18T14:16:27.6300160+01:00
False,16,1920,1080,U8,3,1920,1080,5760,850780240,0,0,0,1920,1080,False,2022-01-18T14:16:27.6642432+01:00
False,16,1920,1080,U8,3,1920,1080,5760,808312912,0,0,0,1920,1080,False,2022-01-18T14:16:27.6965120+01:00
False,16,1920,1080,U8,3,1920,1080,5760,814547024,0,0,0,1920,1080,False,2022-01-18T14:16:27.7300224+01:00
False,16,1920,1080,U8,3,1920,1080,5760,988061776,0,0,0,1920,1080,False,2022-01-18T14:16:27.7637120+01:00
False,16,1920,1080,U8,3,1920,1080,5760,994324560,0,0,0,1920,1080,False,2022-01-18T14:16:27.7964416+01:00
False,16,1920,1080,U8,3,1920,1080,5760,1000616016,0,0,0,1920,1080,False,2022-01-18T14:16:27.8294400+01:00
False,16,1920,1080,U8,3,1920,1080,5760,1149943888,0,0,0,1920,1080,False,2022-01-18T14:16:27.8643200+01:00
False,16,1920,1080,U8,3,1920,1080,5760,1156206672,0,0,0,1920,1080,False,2022-01-18T14:16:27.8968192+01:00
False,16,1920,1080,U8,3,1920,1080,5760,1162514512,0,0,0,1920,1080,False,2022-01-18T14:16:27.9305984+01:00
False,16,1920,1080,U8,3,1920,1080,5760,1168805968,0,0,0,1920,1080,False,2022-01-18T14:16:27.9638400+01:00
False,16,1920,1080,U8,3,1920,1080,5760,1175068752,0,0,0,1920,1080,False,2022-01-18T14:16:27.9973760+01:00
False,16,1920,1080,U8,3,1920,1080,5760,808280144,0,0,0,1920,1080,False,2022-01-18T14:16:28.0305024+01:00
False,16,1920,1080,U8,3,1920,1080,5760,814575696,0,0,0,1920,1080,False,2022-01-18T14:16:28.0634624+01:00
False,16,1920,1080,U8,3,1920,1080,5760,820879440,0,0,0,1920,1080,False,2022-01-18T14:16:28.0970752+01:00
False,16,1920,1080,U8,3,1920,1080,5760,827146320,0,0,0,1920,1080,False,2022-01-18T14:16:28.1304960+01:00
False,16,1920,1080,U8,3,1920,1080,5760,808288336,0,0,0,1920,1080,False,2022-01-18T14:16:28.1633920+01:00
False,16,1920,1080,U8,3,1920,1080,5760,814559312,0,0,0,1920,1080,False,2022-01-18T14:16:28.1966080+01:00
False,16,1920,1080,U8,3,1920,1080,5760,844492880,0,0,0,1920,1080,False,2022-01-18T14:16:28.2307968+01:00
False,16,1920,1080,U8,3,1920,1080,5760,850755664,0,0,0,1920,1080,False,2022-01-18T14:16:28.2640640+01:00
False,16,1920,1080,U8,3,1920,1080,5760,808300624,0,0,0,1920,1080,False,2022-01-18T14:16:28.2962048+01:00
False,16,1920,1080,U8,3,1920,1080,5760,814559312,0,0,0,1920,1080,False,2022-01-18T14:16:28.3310592+01:00
False,16,1920,1080,U8,3,1920,1080,5760,988078160,0,0,0,1920,1080,False,2022-01-18T14:16:28.3646464+01:00
False,16,1920,1080,U8,3,1920,1080,5760,994316368,0,0,0,1920,1080,False,2022-01-18T14:16:28.3970304+01:00
False,16,1920,1080,U8,3,1920,1080,5760,1000616016,0,0,0,1920,1080,False,2022-01-18T14:16:28.4298880+01:00
False,16,1920,1080,U8,3,1920,1080,5760,1149931600,0,0,0,1920,1080,False,2022-01-18T14:16:28.4643072+01:00
False,16,1920,1080,U8,3,1920,1080,5760,1156186192,0,0,0,1920,1080,False,2022-01-18T14:16:28.4964736+01:00
False,16,1920,1080,U8,3,1920,1080,5760,1162457168,0,0,0,1920,1080,False,2022-01-18T14:16:28.5295616+01:00
False,16,1920,1080,U8,3,1920,1080,5760,1168740432,0,0,0,1920,1080,False,2022-01-18T14:16:28.5643392+01:00
False,16,1920,1080,U8,3,1920,1080,5760,1175044176,0,0,0,1920,1080,False,2022-01-18T14:16:28.5962752+01:00
False,16,1920,1080,U8,3,1920,1080,5760,808284240,0,0,0,1920,1080,False,2022-01-18T14:16:28.6301568+01:00
False,16,1920,1080,U8,3,1920,1080,5760,814583888,0,0,0,1920,1080,False,2022-01-18T14:16:28.6626816+01:00
False,16,1920,1080,U8,3,1920,1080,5760,820863056,0,0,0,1920,1080,False,2022-01-18T14:16:28.6975360+01:00
False,16,1920,1080,U8,3,1920,1080,5760,827142224,0,0,0,1920,1080,False,2022-01-18T14:16:28.7306880+01:00
False,16,1920,1080,U8,3,1920,1080,5760,808259664,0,0,0,1920,1080,False,2022-01-18T14:16:28.7639552+01:00
False,16,1920,1080,U8,3,1920,1080,5760,814604368,0,0,0,1920,1080,False,2022-01-18T14:16:28.7969024+01:00
False,16,1920,1080,U8,3,1920,1080,5760,844464208,0,0,0,1920,1080,False,2022-01-18T14:16:28.8301312+01:00
False,16,1920,1080,U8,3,1920,1080,5760,850780240,0,0,0,1920,1080,False,2022-01-18T14:16:28.8644352+01:00
False,16,1920,1080,U8,3,1920,1080,5760,808308816,0,0,0,1920,1080,False,2022-01-18T14:16:28.8956544+01:00
False,16,1920,1080,U8,3,1920,1080,5760,814604368,0,0,0,1920,1080,False,2022-01-18T14:16:28.9290112+01:00
False,16,1920,1080,U8,3,1920,1080,5760,988024912,0,0,0,1920,1080,False,2022-01-18T14:16:28.9633664+01:00
False,16,1920,1080,U8,3,1920,1080,5760,994349136,0,0,0,1920,1080,False,2022-01-18T14:16:28.9959040+01:00
False,16,1920,1080,U8,3,1920,1080,5760,1000607824,0,0,0,1920,1080,False,2022-01-18T14:16:29.0292096+01:00
False,16,1920,1080,U8,3,1920,1080,5760,1149952080,0,0,0,1920,1080,False,2022-01-18T14:16:29.0632320+01:00
False,16,1920,1080,U8,3,1920,1080,5760,1156206672,0,0,0,1920,1080,False,2022-01-18T14:16:29.0971648+01:00
False,16,1920,1080,U8,3,1920,1080,5760,1162489936,0,0,0,1920,1080,False,2022-01-18T14:16:29.1300608+01:00
False,16,1920,1080,U8,3,1920,1080,5760,1168810064,0,0,0,1920,1080,False,2022-01-18T14:16:29.1631360+01:00
False,16,1920,1080,U8,3,1920,1080,5760,1175085136,0,0,0,1920,1080,False,2022-01-18T14:16:29.1983104+01:00
False,16,1920,1080,U8,3,1920,1080,5760,808288336,0,0,0,1920,1080,False,2022-01-18T14:16:29.2300672+01:00
False,16,1920,1080,U8,3,1920,1080,5760,814608464,0,0,0,1920,1080,False,2022-01-18T14:16:29.2630912+01:00
False,16,1920,1080,U8,3,1920,1080,5760,820863056,0,0,0,1920,1080,False,2022-01-18T14:16:29.2961152+01:00
False,16,1920,1080,U8,3,1920,1080,5760,827170896,0,0,0,1920,1080,False,2022-01-18T14:16:29.3310592+01:00
False,16,1920,1080,U8,3,1920,1080,5760,808284240,0,0,0,1920,1080,False,2022-01-18T14:16:29.3630592+01:00
False,16,1920,1080,U8,3,1920,1080,5760,814547024,0,0,0,1920,1080,False,2022-01-18T14:16:29.3970048+01:00
False,16,1920,1080,U8,3,1920,1080,5760,844480592,0,0,0,1920,1080,False,2022-01-18T14:16:29.4302848+01:00
False,16,1920,1080,U8,3,1920,1080,5760,850743376,0,0,0,1920,1080,False,2022-01-18T14:16:29.4634624+01:00
False,16,1920,1080,U8,3,1920,1080,5760,808312912,0,0,0,1920,1080,False,2022-01-18T14:16:29.4958976+01:00
False,16,1920,1080,U8,3,1920,1080,5760,814600272,0,0,0,1920,1080,False,2022-01-18T14:16:29.5300864+01:00
False,16,1920,1080,U8,3,1920,1080,5760,988049488,0,0,0,1920,1080,False,2022-01-18T14:16:29.5636608+01:00
False,16,1920,1080,U8,3,1920,1080,5760,994340944,0,0,0,1920,1080,False,2022-01-18T14:16:29.5960832+01:00
False,16,1920,1080,U8,3,1920,1080,5760,1000616016,0,0,0,1920,1080,False,2022-01-18T14:16:29.6297728+01:00
False,16,1920,1080,U8,3,1920,1080,5760,1149911120,0,0,0,1920,1080,False,2022-01-18T14:16:29.6634240+01:00
False,16,1920,1080,U8,3,1920,1080,5760,1156198480,0,0,0,1920,1080,False,2022-01-18T14:16:29.6970880+01:00
False,16,1920,1080,U8,3,1920,1080,5760,1162510416,0,0,0,1920,1080,False,2022-01-18T14:16:29.7301888+01:00
False,16,1920,1080,U8,3,1920,1080,5760,1168830544,0,0,0,1920,1080,False,2022-01-18T14:16:29.7634816+01:00
False,16,1920,1080,U8,3,1920,1080,5760,1175068752,0,0,0,1920,1080,False,2022-01-18T14:16:29.7977856+01:00
False,16,1920,1080,U8,3,1920,1080,5760,808276048,0,0,0,1920,1080,False,2022-01-18T14:16:29.8299520+01:00
False,16,1920,1080,U8,3,1920,1080,5760,814563408,0,0,0,1920,1080,False,2022-01-18T14:16:29.8630528+01:00
False,16,1920,1080,U8,3,1920,1080,5760,820895824,0,0,0,1920,1080,False,2022-01-18T14:16:29.8980352+01:00
False,16,1920,1080,U8,3,1920,1080,5760,827191376,0,0,0,1920,1080,False,2022-01-18T14:16:29.9307904+01:00
False,16,1920,1080,U8,3,1920,1080,5760,808308816,0,0,0,1920,1080,False,2022-01-18T14:16:29.9631104+01:00
False,16,1920,1080,U8,3,1920,1080,5760,814547024,0,0,0,1920,1080,False,2022-01-18T14:16:29.9962496+01:00
False,16,1920,1080,U8,3,1920,1080,5760,844447824,0,0,0,1920,1080,False,2022-01-18T14:16:30.0305664+01:00
False,16,1920,1080,U8,3,1920,1080,5760,850722896,0,0,0,1920,1080,False,2022-01-18T14:16:30.0637056+01:00
False,16,1920,1080,U8,3,1920,1080,5760,808292432,0,0,0,1920,1080,False,2022-01-18T14:16:30.0959232+01:00
False,16,1920,1080,U8,3,1920,1080,5760,814563408,0,0,0,1920,1080,False,2022-01-18T14:16:30.1301888+01:00
False,16,1920,1080,U8,3,1920,1080,5760,988065872,0,0,0,1920,1080,False,2022-01-18T14:16:30.1633280+01:00
False,16,1920,1080,U8,3,1920,1080,5760,994332752,0,0,0,1920,1080,False,2022-01-18T14:16:30.1972352+01:00
False,16,1920,1080,U8,3,1920,1080,5760,1000603728,0,0,0,1920,1080,False,2022-01-18T14:16:30.2292992+01:00
False,16,1920,1080,U8,3,1920,1080,5760,1149923408,0,0,0,1920,1080,False,2022-01-18T14:16:30.2632576+01:00
False,16,1920,1080,U8,3,1920,1080,5760,1156194384,0,0,0,1920,1080,False,2022-01-18T14:16:30.2964864+01:00
False,16,1920,1080,U8,3,1920,1080,5760,1162481744,0,0,0,1920,1080,False,2022-01-18T14:16:30.3294848+01:00
False,16,1920,1080,U8,3,1920,1080,5760,1168789584,0,0,0,1920,1080,False,2022-01-18T14:16:30.3638656+01:00
False,16,1920,1080,U8,3,1920,1080,5760,1175085136,0,0,0,1920,1080,False,2022-01-18T14:16:30.3973888+01:00
False,16,1920,1080,U8,3,1920,1080,5760,808317008,0,0,0,1920,1080,False,2022-01-18T14:16:30.4302080+01:00
False,16,1920,1080,U8,3,1920,1080,5760,814596176,0,0,0,1920,1080,False,2022-01-18T14:16:30.4631040+01:00
False,16,1920,1080,U8,3,1920,1080,5760,820895824,0,0,0,1920,1080,False,2022-01-18T14:16:30.4965504+01:00
False,16,1920,1080,U8,3,1920,1080,5760,827183184,0,0,0,1920,1080,False,2022-01-18T14:16:30.5315968+01:00
False,16,1920,1080,U8,3,1920,1080,5760,808308816,0,0,0,1920,1080,False,2022-01-18T14:16:30.5623296+01:00
False,16,1920,1080,U8,3,1920,1080,5760,814567504,0,0,0,1920,1080,False,2022-01-18T14:16:30.5964032+01:00
False,16,1920,1080,U8,3,1920,1080,5760,844484688,0,0,0,1920,1080,False,2022-01-18T14:16:30.6307584+01:00
False,16,1920,1080,U8,3,1920,1080,5760,850739280,0,0,0,1920,1080,False,2022-01-18T14:16:30.6638464+01:00
False,16,1920,1080,U8,3,1920,1080,5760,808284240,0,0,0,1920,1080,False,2022-01-18T14:16:30.6962560+01:00
False,16,1920,1080,U8,3,1920,1080,5760,814600272,0,0,0,1920,1080,False,2022-01-18T14:16:30.7310336+01:00
False,16,1920,1080,U8,3,1920,1080,5760,988082256,0,0,0,1920,1080,False,2022-01-18T14:16:30.7640192+01:00
False,16,1920,1080,U8,3,1920,1080,5760,994324560,0,0,0,1920,1080,False,2022-01-18T14:16:30.7963264+01:00
False,16,1920,1080,U8,3,1920,1080,5760,1000644688,0,0,0,1920,1080,False,2022-01-18T14:16:30.8294272+01:00
False,16,1920,1080,U8,3,1920,1080,5760,1149911120,0,0,0,1920,1080,False,2022-01-18T14:16:30.8639232+01:00
False,16,1920,1080,U8,3,1920,1080,5760,1156206672,0,0,0,1920,1080,False,2022-01-18T14:16:30.8968448+01:00
False,16,1920,1080,U8,3,1920,1080,5760,1162539088,0,0,0,1920,1080,False,2022-01-18T14:16:30.9297152+01:00
False,16,1920,1080,U8,3,1920,1080,5760,1168826448,0,0,0,1920,1080,False,2022-01-18T14:16:30.9638784+01:00
False,16,1920,1080,U8,3,1920,1080,5760,1175085136,0,0,0,1920,1080,False,2022-01-18T14:16:30.9972096+01:00
False,16,1920,1080,U8,3,1920,1080,5760,808292432,0,0,0,1920,1080,False,2022-01-18T14:16:31.0303744+01:00
False,16,1920,1080,U8,3,1920,1080,5760,814608464,0,0,0,1920,1080,False,2022-01-18T14:16:31.0633984+01:00
False,16,1920,1080,U8,3,1920,1080,5760,820846672,0,0,0,1920,1080,False,2022-01-18T14:16:31.0971520+01:00
False,16,1920,1080,U8,3,1920,1080,5760,827146320,0,0,0,1920,1080,False,2022-01-18T14:16:31.1304960+01:00
False,16,1920,1080,U8,3,1920,1080,5760,808267856,0,0,0,1920,1080,False,2022-01-18T14:16:31.1626496+01:00
False,16,1920,1080,U8,3,1920,1080,5760,814587984,0,0,0,1920,1080,False,2022-01-18T14:16:31.1976192+01:00
False,16,1920,1080,U8,3,1920,1080,5760,844460112,0,0,0,1920,1080,False,2022-01-18T14:16:31.2307200+01:00
False,16,1920,1080,U8,3,1920,1080,5760,850731088,0,0,0,1920,1080,False,2022-01-18T14:16:31.2642688+01:00
False,16,1920,1080,U8,3,1920,1080,5760,808292432,0,0,0,1920,1080,False,2022-01-18T14:16:31.2972800+01:00
False,16,1920,1080,U8,3,1920,1080,5760,814559312,0,0,0,1920,1080,False,2022-01-18T14:16:31.3304320+01:00
False,16,1920,1080,U8,3,1920,1080,5760,988045392,0,0,0,1920,1080,False,2022-01-18T14:16:31.3639424+01:00
False,16,1920,1080,U8,3,1920,1080,5760,994340944,0,0,0,1920,1080,False,2022-01-18T14:16:31.3964800+01:00
False,16,1920,1080,U8,3,1920,1080,5760,1000636496,0,0,0,1920,1080,False,2022-01-18T14:16:31.4304256+01:00
False,16,1920,1080,U8,3,1920,1080,5760,1149923408,0,0,0,1920,1080,False,2022-01-18T14:16:31.4636800+01:00
False,16,1920,1080,U8,3,1920,1080,5760,1156239440,0,0,0,1920,1080,False,2022-01-18T14:16:31.4963584+01:00
False,16,1920,1080,U8,3,1920,1080,5760,1162502224,0,0,0,1920,1080,False,2022-01-18T14:16:31.5295744+01:00
False,16,1920,1080,U8,3,1920,1080,5760,1168805968,0,0,0,1920,1080,False,2022-01-18T14:16:31.5638016+01:00
False,16,1920,1080,U8,3,1920,1080,5760,1175101520,0,0,0,1920,1080,False,2022-01-18T14:16:31.5964288+01:00
False,16,1920,1080,U8,3,1920,1080,5760,808304720,0,0,0,1920,1080,False,2022-01-18T14:16:31.6299264+01:00
False,16,1920,1080,U8,3,1920,1080,5760,814559312,0,0,0,1920,1080,False,2022-01-18T14:16:31.6636288+01:00
False,16,1920,1080,U8,3,1920,1080,5760,820875344,0,0,0,1920,1080,False,2022-01-18T14:16:31.6972160+01:00
False,16,1920,1080,U8,3,1920,1080,5760,827191376,0,0,0,1920,1080,False,2022-01-18T14:16:31.7317504+01:00
False,16,1920,1080,U8,3,1920,1080,5760,808276048,0,0,0,1920,1080,False,2022-01-18T14:16:31.7633536+01:00
False,16,1920,1080,U8,3,1920,1080,5760,814555216,0,0,0,1920,1080,False,2022-01-18T14:16:31.7971328+01:00
False,16,1920,1080,U8,3,1920,1080,5760,844480592,0,0,0,1920,1080,False,2022-01-18T14:16:31.8310528+01:00
False,16,1920,1080,U8,3,1920,1080,5760,850731088,0,0,0,1920,1080,False,2022-01-18T14:16:31.8645504+01:00
False,16,1920,1080,U8,3,1920,1080,5760,808308816,0,0,0,1920,1080,False,2022-01-18T14:16:31.8958336+01:00
False,16,1920,1080,U8,3,1920,1080,5760,814563408,0,0,0,1920,1080,False,2022-01-18T14:16:31.9300864+01:00
False,16,1920,1080,U8,3,1920,1080,5760,988078160,0,0,0,1920,1080,False,2022-01-18T14:16:31.9630976+01:00
False,16,1920,1080,U8,3,1920,1080,5760,994336848,0,0,0,1920,1080,False,2022-01-18T14:16:31.9965440+01:00
False,16,1920,1080,U8,3,1920,1080,5760,1000616016,0,0,0,1920,1080,False,2022-01-18T14:16:32.0295424+01:00
False,16,1920,1080,U8,3,1920,1080,5760,1149911120,0,0,0,1920,1080,False,2022-01-18T14:16:32.0629632+01:00
False,16,1920,1080,U8,3,1920,1080,5760,1156247632,0,0,0,1920,1080,False,2022-01-18T14:16:32.0970368+01:00
False,16,1920,1080,U8,3,1920,1080,5760,1162530896,0,0,0,1920,1080,False,2022-01-18T14:16:32.1299328+01:00
False,16,1920,1080,U8,3,1920,1080,5760,1168789584,0,0,0,1920,1080,False,2022-01-18T14:16:32.1645696+01:00
False,16,1920,1080,U8,3,1920,1080,5760,1175064656,0,0,0,1920,1080,False,2022-01-18T14:16:32.1977728+01:00
False,16,1920,1080,U8,3,1920,1080,5760,808308816,0,0,0,1920,1080,False,2022-01-18T14:16:32.2298752+01:00
False,16,1920,1080,U8,3,1920,1080,5760,814604368,0,0,0,1920,1080,False,2022-01-18T14:16:32.2626432+01:00
False,16,1920,1080,U8,3,1920,1080,5760,820842576,0,0,0,1920,1080,False,2022-01-18T14:16:32.2959104+01:00
False,16,1920,1080,U8,3,1920,1080,5760,827166800,0,0,0,1920,1080,False,2022-01-18T14:16:32.3303936+01:00
False,16,1920,1080,U8,3,1920,1080,5760,808276048,0,0,0,1920,1080,False,2022-01-18T14:16:32.3636992+01:00
False,16,1920,1080,U8,3,1920,1080,5760,814575696,0,0,0,1920,1080,False,2022-01-18T14:16:32.3968640+01:00
False,16,1920,1080,U8,3,1920,1080,5760,844431440,0,0,0,1920,1080,False,2022-01-18T14:16:32.4293760+01:00
False,16,1920,1080,U8,3,1920,1080,5760,850714704,0,0,0,1920,1080,False,2022-01-18T14:16:32.4638592+01:00
False,16,1920,1080,U8,3,1920,1080,5760,808292432,0,0,0,1920,1080,False,2022-01-18T14:16:32.4961792+01:00
False,16,1920,1080,U8,3,1920,1080,5760,814579792,0,0,0,1920,1080,False,2022-01-18T14:16:32.5291392+01:00
False,16,1920,1080,U8,3,1920,1080,5760,988078160,0,0,0,1920,1080,False,2022-01-18T14:16:32.5645312+01:00
False,16,1920,1080,U8,3,1920,1080,5760,994349136,0,0,0,1920,1080,False,2022-01-18T14:16:32.5958144+01:00
False,16,1920,1080,U8,3,1920,1080,5760,1000665168,0,0,0,1920,1080,False,2022-01-18T14:16:32.6293248+01:00
False,16,1920,1080,U8,3,1920,1080,5760,1149902928,0,0,0,1920,1080,False,2022-01-18T14:16:32.6653824+01:00
False,16,1920,1080,U8,3,1920,1080,5760,1156243536,0,0,0,1920,1080,False,2022-01-18T14:16:32.6976512+01:00
False,16,1920,1080,U8,3,1920,1080,5760,1162518608,0,0,0,1920,1080,False,2022-01-18T14:16:32.7295616+01:00
False,16,1920,1080,U8,3,1920,1080,5760,1168773200,0,0,0,1920,1080,False,2022-01-18T14:16:32.7637760+01:00
False,16,1920,1080,U8,3,1920,1080,5760,1175072848,0,0,0,1920,1080,False,2022-01-18T14:16:32.7971200+01:00
False,16,1920,1080,U8,3,1920,1080,5760,808267856,0,0,0,1920,1080,False,2022-01-18T14:16:32.8310912+01:00
False,16,1920,1080,U8,3,1920,1080,5760,814575696,0,0,0,1920,1080,False,2022-01-18T14:16:32.8630912+01:00
False,16,1920,1080,U8,3,1920,1080,5760,820838480,0,0,0,1920,1080,False,2022-01-18T14:16:32.8969984+01:00
False,16,1920,1080,U8,3,1920,1080,5760,827084880,0,0,0,1920,1080,False,2022-01-18T14:16:32.9312256+01:00
False,16,1920,1080,U8,3,1920,1080,5760,808304720,0,0,0,1920,1080,False,2022-01-18T14:16:32.9633792+01:00
False,16,1920,1080,U8,3,1920,1080,5760,814567504,0,0,0,1920,1080,False,2022-01-18T14:16:32.9971456+01:00
False,16,1920,1080,U8,3,1920,1080,5760,844451920,0,0,0,1920,1080,False,2022-01-18T14:16:33.0293632+01:00
False,16,1920,1080,U8,3,1920,1080,5760,850751568,0,0,0,1920,1080,False,2022-01-18T14:16:33.0637184+01:00
False,16,1920,1080,U8,3,1920,1080,5760,808292432,0,0,0,1920,1080,False,2022-01-18T14:16:33.0959616+01:00
False,16,1920,1080,U8,3,1920,1080,5760,814555216,0,0,0,1920,1080,False,2022-01-18T14:16:33.1296256+01:00
False,16,1920,1080,U8,3,1920,1080,5760,988061776,0,0,0,1920,1080,False,2022-01-18T14:16:33.1636608+01:00
False,16,1920,1080,U8,3,1920,1080,5760,994345040,0,0,0,1920,1080,False,2022-01-18T14:16:33.1959936+01:00
False,16,1920,1080,U8,3,1920,1080,5760,1000607824,0,0,0,1920,1080,False,2022-01-18T14:16:33.2296832+01:00
False,16,1920,1080,U8,3,1920,1080,5760,1149947984,0,0,0,1920,1080,False,2022-01-18T14:16:33.2636928+01:00
False,16,1920,1080,U8,3,1920,1080,5760,1156206672,0,0,0,1920,1080,False,2022-01-18T14:16:33.2964096+01:00
False,16,1920,1080,U8,3,1920,1080,5760,1162510416,0,0,0,1920,1080,False,2022-01-18T14:16:33.3293184+01:00
False,16,1920,1080,U8,3,1920,1080,5760,1168830544,0,0,0,1920,1080,False,2022-01-18T14:16:33.3635200+01:00
False,16,1920,1080,U8,3,1920,1080,5760,1175060560,0,0,0,1920,1080,False,2022-01-18T14:16:33.3982848+01:00
False,16,1920,1080,U8,3,1920,1080,5760,808292432,0,0,0,1920,1080,False,2022-01-18T14:16:33.4293632+01:00
False,16,1920,1080,U8,3,1920,1080,5760,814587984,0,0,0,1920,1080,False,2022-01-18T14:16:33.4634624+01:00
False,16,1920,1080,U8,3,1920,1080,5760,820842576,0,0,0,1920,1080,False,2022-01-18T14:16:33.4963840+01:00
False,16,1920,1080,U8,3,1920,1080,5760,827170896,0,0,0,1920,1080,False,2022-01-18T14:16:33.5298816+01:00
False,16,1920,1080,U8,3,1920,1080,5760,808308816,0,0,0,1920,1080,False,2022-01-18T14:16:33.5631872+01:00
False,16,1920,1080,U8,3,1920,1080,5760,814587984,0,0,0,1920,1080,False,2022-01-18T14:16:33.5961728+01:00
False,16,1920,1080,U8,3,1920,1080,5760,844472400,0,0,0,1920,1080,False,2022-01-18T14:16:33.6299008+01:00
False,16,1920,1080,U8,3,1920,1080,5760,850751568,0,0,0,1920,1080,False,2022-01-18T14:16:33.6641792+01:00
False,16,1920,1080,U8,3,1920,1080,5760,808304720,0,0,0,1920,1080,False,2022-01-18T14:16:33.6968448+01:00
False,16,1920,1080,U8,3,1920,1080,5760,814600272,0,0,0,1920,1080,False,2022-01-18T14:16:33.7303424+01:00
False,16,1920,1080,U8,3,1920,1080,5760,988069968,0,0,0,1920,1080,False,2022-01-18T14:16:33.7641216+01:00
False,16,1920,1080,U8,3,1920,1080,5760,994353232,0,0,0,1920,1080,False,2022-01-18T14:16:33.7975168+01:00
False,16,1920,1080,U8,3,1920,1080,5760,1000632400,0,0,0,1920,1080,False,2022-01-18T14:16:33.8300032+01:00
False,16,1920,1080,U8,3,1920,1080,5760,1149919312,0,0,0,1920,1080,False,2022-01-18T14:16:33.8655744+01:00
False,16,1920,1080,U8,3,1920,1080,5760,1156235344,0,0,0,1920,1080,False,2022-01-18T14:16:33.8971648+01:00
False,16,1920,1080,U8,3,1920,1080,5760,1162489936,0,0,0,1920,1080,False,2022-01-18T14:16:33.9312000+01:00
False,16,1920,1080,U8,3,1920,1080,5760,1168818256,0,0,0,1920,1080,False,2022-01-18T14:16:33.9640960+01:00
False,16,1920,1080,U8,3,1920,1080,5760,1175064656,0,0,0,1920,1080,False,2022-01-18T14:16:33.9986560+01:00
False,16,1920,1080,U8,3,1920,1080,5760,808271952,0,0,0,1920,1080,False,2022-01-18T14:16:34.0294016+01:00
False,16,1920,1080,U8,3,1920,1080,5760,814579792,0,0,0,1920,1080,False,2022-01-18T14:16:34.0637056+01:00
False,16,1920,1080,U8,3,1920,1080,5760,820863056,0,0,0,1920,1080,False,2022-01-18T14:16:34.0967168+01:00
False,16,1920,1080,U8,3,1920,1080,5760,827191376,0,0,0,1920,1080,False,2022-01-18T14:16:34.1299968+01:00
False,16,1920,1080,U8,3,1920,1080,5760,808312912,0,0,0,1920,1080,False,2022-01-18T14:16:34.1636608+01:00
False,16,1920,1080,U8,3,1920,1080,5760,814547024,0,0,0,1920,1080,False,2022-01-18T14:16:34.1963776+01:00
False,16,1920,1080,U8,3,1920,1080,5760,844480592,0,0,0,1920,1080,False,2022-01-18T14:16:34.2300416+01:00
False,16,1920,1080,U8,3,1920,1080,5760,850726992,0,0,0,1920,1080,False,2022-01-18T14:16:34.2644096+01:00
False,16,1920,1080,U8,3,1920,1080,5760,808263760,0,0,0,1920,1080,False,2022-01-18T14:16:34.2966912+01:00
False,16,1920,1080,U8,3,1920,1080,5760,814579792,0,0,0,1920,1080,False,2022-01-18T14:16:34.3297664+01:00
False,16,1920,1080,U8,3,1920,1080,5760,988057680,0,0,0,1920,1080,False,2022-01-18T14:16:34.3637632+01:00
False,16,1920,1080,U8,3,1920,1080,5760,994340944,0,0,0,1920,1080,False,2022-01-18T14:16:34.3964672+01:00
False,16,1920,1080,U8,3,1920,1080,5760,1000624208,0,0,0,1920,1080,False,2022-01-18T14:16:34.4296960+01:00
False,16,1920,1080,U8,3,1920,1080,5760,1149947984,0,0,0,1920,1080,False,2022-01-18T14:16:34.4640768+01:00
False,16,1920,1080,U8,3,1920,1080,5760,1156235344,0,0,0,1920,1080,False,2022-01-18T14:16:34.4968064+01:00
False,16,1920,1080,U8,3,1920,1080,5760,1162494032,0,0,0,1920,1080,False,2022-01-18T14:16:34.5297920+01:00
False,16,1920,1080,U8,3,1920,1080,5760,1168769104,0,0,0,1920,1080,False,2022-01-18T14:16:34.5649664+01:00
False,16,1920,1080,U8,3,1920,1080,5760,1175007312,0,0,0,1920,1080,False,2022-01-18T14:16:34.5987840+01:00
False,16,1920,1080,U8,3,1920,1080,5760,808259664,0,0,0,1920,1080,False,2022-01-18T14:16:34.6292864+01:00
False,16,1920,1080,U8,3,1920,1080,5760,814579792,0,0,0,1920,1080,False,2022-01-18T14:16:34.6645504+01:00
False,16,1920,1080,U8,3,1920,1080,5760,820842576,0,0,0,1920,1080,False,2022-01-18T14:16:34.6986752+01:00
False,16,1920,1080,U8,3,1920,1080,5760,827129936,0,0,0,1920,1080,False,2022-01-18T14:16:34.7335552+01:00
False,16,1920,1080,U8,3,1920,1080,5760,808296528,0,0,0,1920,1080,False,2022-01-18T14:16:34.7634176+01:00
False,16,1920,1080,U8,3,1920,1080,5760,814600272,0,0,0,1920,1080,False,2022-01-18T14:16:34.7977984+01:00
False,16,1920,1080,U8,3,1920,1080,5760,844464208,0,0,0,1920,1080,False,2022-01-18T14:16:34.8298752+01:00
False,16,1920,1080,U8,3,1920,1080,5760,850726992,0,0,0,1920,1080,False,2022-01-18T14:16:34.8654720+01:00
False,16,1920,1080,U8,3,1920,1080,5760,808267856,0,0,0,1920,1080,False,2022-01-18T14:16:34.8968192+01:00
False,16,1920,1080,U8,3,1920,1080,5760,814559312,0,0,0,1920,1080,False,2022-01-18T14:16:34.9305216+01:00
False,16,1920,1080,U8,3,1920,1080,5760,988037200,0,0,0,1920,1080,False,2022-01-18T14:16:34.9637760+01:00
False,16,1920,1080,U8,3,1920,1080,5760,994340944,0,0,0,1920,1080,False,2022-01-18T14:16:34.9977472+01:00
False,16,1920,1080,U8,3,1920,1080,5760,1000640592,0,0,0,1920,1080,False,2022-01-18T14:16:35.0304640+01:00
False,16,1920,1080,U8,3,1920,1080,5760,1149952080,0,0,0,1920,1080,False,2022-01-18T14:16:35.0641152+01:00
False,16,1920,1080,U8,3,1920,1080,5760,1156186192,0,0,0,1920,1080,False,2022-01-18T14:16:35.0975232+01:00
False,16,1920,1080,U8,3,1920,1080,5760,1162416208,0,0,0,1920,1080,False,2022-01-18T14:16:35.1307776+01:00
False,16,1920,1080,U8,3,1920,1080,5760,1168744528,0,0,0,1920,1080,False,2022-01-18T14:16:35.1638272+01:00
False,16,1920,1080,U8,3,1920,1080,5760,1174995024,0,0,0,1920,1080,False,2022-01-18T14:16:35.1986176+01:00
False,16,1920,1080,U8,3,1920,1080,5760,808280144,0,0,0,1920,1080,False,2022-01-18T14:16:35.2309376+01:00
False,16,1920,1080,U8,3,1920,1080,5760,814555216,0,0,0,1920,1080,False,2022-01-18T14:16:35.2637056+01:00
False,16,1920,1080,U8,3,1920,1080,5760,820838480,0,0,0,1920,1080,False,2022-01-18T14:16:35.2977280+01:00
False,16,1920,1080,U8,3,1920,1080,5760,827080784,0,0,0,1920,1080,False,2022-01-18T14:16:35.3301376+01:00
False,16,1920,1080,U8,3,1920,1080,5760,808276048,0,0,0,1920,1080,False,2022-01-18T14:16:35.3635200+01:00
False,16,1920,1080,U8,3,1920,1080,5760,814608464,0,0,0,1920,1080,False,2022-01-18T14:16:35.3978880+01:00
False,16,1920,1080,U8,3,1920,1080,5760,844472400,0,0,0,1920,1080,False,2022-01-18T14:16:35.4312576+01:00
False,16,1920,1080,U8,3,1920,1080,5760,850763856,0,0,0,1920,1080,False,2022-01-18T14:16:35.4643712+01:00
False,16,1920,1080,U8,3,1920,1080,5760,808255568,0,0,0,1920,1080,False,2022-01-18T14:16:35.4976768+01:00
False,16,1920,1080,U8,3,1920,1080,5760,814518352,0,0,0,1920,1080,False,2022-01-18T14:16:35.5297280+01:00
False,16,1920,1080,U8,3,1920,1080,5760,988045392,0,0,0,1920,1080,False,2022-01-18T14:16:35.5649920+01:00
False,16,1920,1080,U8,3,1920,1080,5760,994320464,0,0,0,1920,1080,False,2022-01-18T14:16:35.5965312+01:00
False,16,1920,1080,U8,3,1920,1080,5760,1000624208,0,0,0,1920,1080,False,2022-01-18T14:16:35.6309632+01:00
False,16,1920,1080,U8,3,1920,1080,5760,1149927504,0,0,0,1920,1080,False,2022-01-18T14:16:35.6654592+01:00
False,16,1920,1080,U8,3,1920,1080,5760,1156218960,0,0,0,1920,1080,False,2022-01-18T14:16:35.6978560+01:00
False,16,1920,1080,U8,3,1920,1080,5760,1162494032,0,0,0,1920,1080,False,2022-01-18T14:16:35.7299968+01:00
False,16,1920,1080,U8,3,1920,1080,5760,1168805968,0,0,0,1920,1080,False,2022-01-18T14:16:35.7652224+01:00
False,16,1920,1080,U8,3,1920,1080,5760,1175064656,0,0,0,1920,1080,False,2022-01-18T14:16:35.7973248+01:00
False,16,1920,1080,U8,3,1920,1080,5760,808271952,0,0,0,1920,1080,False,2022-01-18T14:16:35.8306304+01:00
False,16,1920,1080,U8,3,1920,1080,5760,814571600,0,0,0,1920,1080,False,2022-01-18T14:16:35.8646912+01:00
False,16,1920,1080,U8,3,1920,1080,5760,820899920,0,0,0,1920,1080,False,2022-01-18T14:16:35.8971904+01:00
False,16,1920,1080,U8,3,1920,1080,5760,827170896,0,0,0,1920,1080,False,2022-01-18T14:16:35.9308416+01:00
False,16,1920,1080,U8,3,1920,1080,5760,808276048,0,0,0,1920,1080,False,2022-01-18T14:16:35.9638144+01:00
False,16,1920,1080,U8,3,1920,1080,5760,814604368,0,0,0,1920,1080,False,2022-01-18T14:16:35.9968768+01:00
False,16,1920,1080,U8,3,1920,1080,5760,844464208,0,0,0,1920,1080,False,2022-01-18T14:16:36.0303360+01:00
False,16,1920,1080,U8,3,1920,1080,5760,850726992,0,0,0,1920,1080,False,2022-01-18T14:16:36.0642304+01:00
False,16,1920,1080,U8,3,1920,1080,5760,808267856,0,0,0,1920,1080,False,2022-01-18T14:16:36.0975616+01:00
False,16,1920,1080,U8,3,1920,1080,5760,814551120,0,0,0,1920,1080,False,2022-01-18T14:16:36.1306752+01:00
False,16,1920,1080,U8,3,1920,1080,5760,988061776,0,0,0,1920,1080,False,2022-01-18T14:16:36.1638784+01:00
False,16,1920,1080,U8,3,1920,1080,5760,994324560,0,0,0,1920,1080,False,2022-01-18T14:16:36.1968384+01:00
False,16,1920,1080,U8,3,1920,1080,5760,1000648784,0,0,0,1920,1080,False,2022-01-18T14:16:36.2298752+01:00
False,16,1920,1080,U8,3,1920,1080,5760,1149947984,0,0,0,1920,1080,False,2022-01-18T14:16:36.2640896+01:00
False,16,1920,1080,U8,3,1920,1080,5760,1156218960,0,0,0,1920,1080,False,2022-01-18T14:16:36.2969856+01:00
False,16,1920,1080,U8,3,1920,1080,5760,1162539088,0,0,0,1920,1080,False,2022-01-18T14:16:36.3298816+01:00
False,16,1920,1080,U8,3,1920,1080,5760,1168789584,0,0,0,1920,1080,False,2022-01-18T14:16:36.3651328+01:00
False,16,1920,1080,U8,3,1920,1080,5760,1175097424,0,0,0,1920,1080,False,2022-01-18T14:16:36.3984896+01:00
False,16,1920,1080,U8,3,1920,1080,5760,808280144,0,0,0,1920,1080,False,2022-01-18T14:16:36.4310656+01:00
False,16,1920,1080,U8,3,1920,1080,5760,814587984,0,0,0,1920,1080,False,2022-01-18T14:16:36.4646016+01:00
False,16,1920,1080,U8,3,1920,1080,5760,820863056,0,0,0,1920,1080,False,2022-01-18T14:16:36.4970496+01:00
False,16,1920,1080,U8,3,1920,1080,5760,827158608,0,0,0,1920,1080,False,2022-01-18T14:16:36.5304960+01:00
False,16,1920,1080,U8,3,1920,1080,5760,808276048,0,0,0,1920,1080,False,2022-01-18T14:16:36.5646464+01:00
False,16,1920,1080,U8,3,1920,1080,5760,814567504,0,0,0,1920,1080,False,2022-01-18T14:16:36.5977088+01:00
False,16,1920,1080,U8,3,1920,1080,5760,844439632,0,0,0,1920,1080,False,2022-01-18T14:16:36.6302720+01:00
False,16,1920,1080,U8,3,1920,1080,5760,850763856,0,0,0,1920,1080,False,2022-01-18T14:16:36.6645632+01:00
False,16,1920,1080,U8,3,1920,1080,5760,808276048,0,0,0,1920,1080,False,2022-01-18T14:16:36.6967808+01:00
False,16,1920,1080,U8,3,1920,1080,5760,814592080,0,0,0,1920,1080,False,2022-01-18T14:16:36.7311744+01:00
False,16,1920,1080,U8,3,1920,1080,5760,988057680,0,0,0,1920,1080,False,2022-01-18T14:16:36.7639424+01:00
False,16,1920,1080,U8,3,1920,1080,5760,994373712,0,0,0,1920,1080,False,2022-01-18T14:16:36.7975936+01:00
False,16,1920,1080,U8,3,1920,1080,5760,1000661072,0,0,0,1920,1080,False,2022-01-18T14:16:36.8305792+01:00
False,16,1920,1080,U8,3,1920,1080,5760,1149943888,0,0,0,1920,1080,False,2022-01-18T14:16:36.8643584+01:00
False,16,1920,1080,U8,3,1920,1080,5760,1156239440,0,0,0,1920,1080,False,2022-01-18T14:16:36.8967936+01:00
False,16,1920,1080,U8,3,1920,1080,5760,1162477648,0,0,0,1920,1080,False,2022-01-18T14:16:36.9304064+01:00
False,16,1920,1080,U8,3,1920,1080,5760,1168744528,0,0,0,1920,1080,False,2022-01-18T14:16:36.9638784+01:00
False,16,1920,1080,U8,3,1920,1080,5760,1175040080,0,0,0,1920,1080,False,2022-01-18T14:16:36.9973504+01:00
False,16,1920,1080,U8,3,1920,1080,5760,808263760,0,0,0,1920,1080,False,2022-01-18T14:16:37.0300032+01:00
False,16,1920,1080,U8,3,1920,1080,5760,814571600,0,0,0,1920,1080,False,2022-01-18T14:16:37.0637824+01:00
False,16,1920,1080,U8,3,1920,1080,5760,820863056,0,0,0,1920,1080,False,2022-01-18T14:16:37.0971136+01:00
False,16,1920,1080,U8,3,1920,1080,5760,827166800,0,0,0,1920,1080,False,2022-01-18T14:16:37.1316864+01:00
False,16,1920,1080,U8,3,1920,1080,5760,808267856,0,0,0,1920,1080,False,2022-01-18T14:16:37.1638272+01:00
False,16,1920,1080,U8,3,1920,1080,5760,814596176,0,0,0,1920,1080,False,2022-01-18T14:16:37.1968512+01:00
False,16,1920,1080,U8,3,1920,1080,5760,844435536,0,0,0,1920,1080,False,2022-01-18T14:16:37.2314240+01:00
False,16,1920,1080,U8,3,1920,1080,5760,850735184,0,0,0,1920,1080,False,2022-01-18T14:16:37.2644224+01:00
False,16,1920,1080,U8,3,1920,1080,5760,808312912,0,0,0,1920,1080,False,2022-01-18T14:16:37.2968576+01:00
False,16,1920,1080,U8,3,1920,1080,5760,814608464,0,0,0,1920,1080,False,2022-01-18T14:16:37.3307648+01:00
False,16,1920,1080,U8,3,1920,1080,5760,988033104,0,0,0,1920,1080,False,2022-01-18T14:16:37.3642752+01:00
False,16,1920,1080,U8,3,1920,1080,5760,994345040,0,0,0,1920,1080,False,2022-01-18T14:16:37.3968384+01:00
False,16,1920,1080,U8,3,1920,1080,5760,1000640592,0,0,0,1920,1080,False,2022-01-18T14:16:37.4308992+01:00
False,16,1920,1080,U8,3,1920,1080,5760,1149947984,0,0,0,1920,1080,False,2022-01-18T14:16:37.4643968+01:00
False,16,1920,1080,U8,3,1920,1080,5760,1156235344,0,0,0,1920,1080,False,2022-01-18T14:16:37.4978432+01:00
False,16,1920,1080,U8,3,1920,1080,5760,1162489936,0,0,0,1920,1080,False,2022-01-18T14:16:37.5308928+01:00
False,16,1920,1080,U8,3,1920,1080,5760,1168826448,0,0,0,1920,1080,False,2022-01-18T14:16:37.5640832+01:00
False,16,1920,1080,U8,3,1920,1080,5760,1175085136,0,0,0,1920,1080,False,2022-01-18T14:16:37.5988992+01:00
False,16,1920,1080,U8,3,1920,1080,5760,808317008,0,0,0,1920,1080,False,2022-01-18T14:16:37.6307968+01:00
False,16,1920,1080,U8,3,1920,1080,5760,814600272,0,0,0,1920,1080,False,2022-01-18T14:16:37.6630656+01:00
False,16,1920,1080,U8,3,1920,1080,5760,820899920,0,0,0,1920,1080,False,2022-01-18T14:16:37.6972544+01:00
False,16,1920,1080,U8,3,1920,1080,5760,827142224,0,0,0,1920,1080,False,2022-01-18T14:16:37.7313536+01:00
False,16,1920,1080,U8,3,1920,1080,5760,808304720,0,0,0,1920,1080,False,2022-01-18T14:16:37.7640576+01:00
False,16,1920,1080,U8,3,1920,1080,5760,814596176,0,0,0,1920,1080,False,2022-01-18T14:16:37.7974912+01:00
False,16,1920,1080,U8,3,1920,1080,5760,844488784,0,0,0,1920,1080,False,2022-01-18T14:16:37.8314240+01:00
False,16,1920,1080,U8,3,1920,1080,5760,850739280,0,0,0,1920,1080,False,2022-01-18T14:16:37.8650368+01:00
False,16,1920,1080,U8,3,1920,1080,5760,808304720,0,0,0,1920,1080,False,2022-01-18T14:16:37.8973056+01:00
False,16,1920,1080,U8,3,1920,1080,5760,814596176,0,0,0,1920,1080,False,2022-01-18T14:16:37.9307776+01:00
False,16,1920,1080,U8,3,1920,1080,5760,988082256,0,0,0,1920,1080,False,2022-01-18T14:16:37.9650432+01:00
False,16,1920,1080,U8,3,1920,1080,5760,994369616,0,0,0,1920,1080,False,2022-01-18T14:16:37.9977216+01:00
False,16,1920,1080,U8,3,1920,1080,5760,1000640592,0,0,0,1920,1080,False,2022-01-18T14:16:38.0308608+01:00
False,16,1920,1080,U8,3,1920,1080,5760,1149952080,0,0,0,1920,1080,False,2022-01-18T14:16:38.0645504+01:00
False,16,1920,1080,U8,3,1920,1080,5760,1156235344,0,0,0,1920,1080,False,2022-01-18T14:16:38.0978432+01:00
False,16,1920,1080,U8,3,1920,1080,5760,1162485840,0,0,0,1920,1080,False,2022-01-18T14:16:38.1315072+01:00
False,16,1920,1080,U8,3,1920,1080,5760,1168810064,0,0,0,1920,1080,False,2022-01-18T14:16:38.1647616+01:00
False,16,1920,1080,U8,3,1920,1080,5760,1175113808,0,0,0,1920,1080,False,2022-01-18T14:16:38.1990144+01:00
False,16,1920,1080,U8,3,1920,1080,5760,808259664,0,0,0,1920,1080,False,2022-01-18T14:16:38.2313344+01:00
False,16,1920,1080,U8,3,1920,1080,5760,814587984,0,0,0,1920,1080,False,2022-01-18T14:16:38.2637952+01:00
False,16,1920,1080,U8,3,1920,1080,5760,820895824,0,0,0,1920,1080,False,2022-01-18T14:16:38.2980480+01:00
False,16,1920,1080,U8,3,1920,1080,5760,827129936,0,0,0,1920,1080,False,2022-01-18T14:16:38.3323520+01:00
False,16,1920,1080,U8,3,1920,1080,5760,808263760,0,0,0,1920,1080,False,2022-01-18T14:16:38.3646336+01:00
False,16,1920,1080,U8,3,1920,1080,5760,814575696,0,0,0,1920,1080,False,2022-01-18T14:16:38.3981056+01:00
False,16,1920,1080,U8,3,1920,1080,5760,844439632,0,0,0,1920,1080,False,2022-01-18T14:16:38.4310656+01:00
False,16,1920,1080,U8,3,1920,1080,5760,850739280,0,0,0,1920,1080,False,2022-01-18T14:16:38.4656896+01:00
False,16,1920,1080,U8,3,1920,1080,5760,808288336,0,0,0,1920,1080,False,2022-01-18T14:16:38.4979968+01:00
False,16,1920,1080,U8,3,1920,1080,5760,814559312,0,0,0,1920,1080,False,2022-01-18T14:16:38.5319808+01:00
False,16,1920,1080,U8,3,1920,1080,5760,988033104,0,0,0,1920,1080,False,2022-01-18T14:16:38.5642624+01:00
False,16,1920,1080,U8,3,1920,1080,5760,994345040,0,0,0,1920,1080,False,2022-01-18T14:16:38.5964160+01:00
False,16,1920,1080,U8,3,1920,1080,5760,1000620112,0,0,0,1920,1080,False,2022-01-18T14:16:38.6317824+01:00
False,16,1920,1080,U8,3,1920,1080,5760,1149947984,0,0,0,1920,1080,False,2022-01-18T14:16:38.6655744+01:00
False,16,1920,1080,U8,3,1920,1080,5760,1156227152,0,0,0,1920,1080,False,2022-01-18T14:16:38.6986880+01:00
False,16,1920,1080,U8,3,1920,1080,5760,1162498128,0,0,0,1920,1080,False,2022-01-18T14:16:38.7314176+01:00
False,16,1920,1080,U8,3,1920,1080,5760,1168805968,0,0,0,1920,1080,False,2022-01-18T14:16:38.7644544+01:00
False,16,1920,1080,U8,3,1920,1080,5760,1175072848,0,0,0,1920,1080,False,2022-01-18T14:16:38.7993344+01:00
False,16,1920,1080,U8,3,1920,1080,5760,808276048,0,0,0,1920,1080,False,2022-01-18T14:16:38.8309888+01:00
False,16,1920,1080,U8,3,1920,1080,5760,814579792,0,0,0,1920,1080,False,2022-01-18T14:16:38.8649216+01:00
False,16,1920,1080,U8,3,1920,1080,5760,820899920,0,0,0,1920,1080,False,2022-01-18T14:16:38.8988800+01:00
False,16,1920,1080,U8,3,1920,1080,5760,827142224,0,0,0,1920,1080,False,2022-01-18T14:16:38.9338240+01:00
False,16,1920,1080,U8,3,1920,1080,5760,808312912,0,0,0,1920,1080,False,2022-01-18T14:16:38.9653120+01:00
False,16,1920,1080,U8,3,1920,1080,5760,814559312,0,0,0,1920,1080,False,2022-01-18T14:16:38.9982464+01:00
False,16,1920,1080,U8,3,1920,1080,5760,844443728,0,0,0,1920,1080,False,2022-01-18T14:16:39.0317184+01:00
False,16,1920,1080,U8,3,1920,1080,5760,850776144,0,0,0,1920,1080,False,2022-01-18T14:16:39.0644736+01:00
False,16,1920,1080,U8,3,1920,1080,5760,808292432,0,0,0,1920,1080,False,2022-01-18T14:16:39.0981504+01:00
False,16,1920,1080,U8,3,1920,1080,5760,814551120,0,0,0,1920,1080,False,2022-01-18T14:16:39.1312128+01:00
False,16,1920,1080,U8,3,1920,1080,5760,988053584,0,0,0,1920,1080,False,2022-01-18T14:16:39.1641600+01:00
False,16,1920,1080,U8,3,1920,1080,5760,994340944,0,0,0,1920,1080,False,2022-01-18T14:16:39.1969152+01:00
False,16,1920,1080,U8,3,1920,1080,5760,1000656976,0,0,0,1920,1080,False,2022-01-18T14:16:39.2315136+01:00
False,16,1920,1080,U8,3,1920,1080,5760,1149919312,0,0,0,1920,1080,False,2022-01-18T14:16:39.2644096+01:00
False,16,1920,1080,U8,3,1920,1080,5760,1156202576,0,0,0,1920,1080,False,2022-01-18T14:16:39.2984704+01:00
False,16,1920,1080,U8,3,1920,1080,5760,1162502224,0,0,0,1920,1080,False,2022-01-18T14:16:39.3309824+01:00
False,16,1920,1080,U8,3,1920,1080,5760,1168814160,0,0,0,1920,1080,False,2022-01-18T14:16:39.3641088+01:00
False,16,1920,1080,U8,3,1920,1080,5760,1175093328,0,0,0,1920,1080,False,2022-01-18T14:16:39.3993728+01:00
False,16,1920,1080,U8,3,1920,1080,5760,808296528,0,0,0,1920,1080,False,2022-01-18T14:16:39.4311424+01:00
False,16,1920,1080,U8,3,1920,1080,5760,814567504,0,0,0,1920,1080,False,2022-01-18T14:16:39.4654080+01:00
False,16,1920,1080,U8,3,1920,1080,5760,820891728,0,0,0,1920,1080,False,2022-01-18T14:16:39.4987008+01:00
False,16,1920,1080,U8,3,1920,1080,5760,827183184,0,0,0,1920,1080,False,2022-01-18T14:16:39.5320704+01:00
False,16,1920,1080,U8,3,1920,1080,5760,808288336,0,0,0,1920,1080,False,2022-01-18T14:16:39.5654656+01:00
False,16,1920,1080,U8,3,1920,1080,5760,814559312,0,0,0,1920,1080,False,2022-01-18T14:16:39.5983104+01:00
False,16,1920,1080,U8,3,1920,1080,5760,844456016,0,0,0,1920,1080,False,2022-01-18T14:16:39.6315008+01:00
False,16,1920,1080,U8,3,1920,1080,5760,850731088,0,0,0,1920,1080,False,2022-01-18T14:16:39.6659712+01:00
False,16,1920,1080,U8,3,1920,1080,5760,808284240,0,0,0,1920,1080,False,2022-01-18T14:16:39.6985984+01:00
False,16,1920,1080,U8,3,1920,1080,5760,814575696,0,0,0,1920,1080,False,2022-01-18T14:16:39.7325056+01:00
False,16,1920,1080,U8,3,1920,1080,5760,988045392,0,0,0,1920,1080,False,2022-01-18T14:16:39.7643264+01:00
False,16,1920,1080,U8,3,1920,1080,5760,994328656,0,0,0,1920,1080,False,2022-01-18T14:16:39.7977728+01:00
False,16,1920,1080,U8,3,1920,1080,5760,1000648784,0,0,0,1920,1080,False,2022-01-18T14:16:39.8308352+01:00
False,16,1920,1080,U8,3,1920,1080,5760,1149931600,0,0,0,1920,1080,False,2022-01-18T14:16:39.8659456+01:00
False,16,1920,1080,U8,3,1920,1080,5760,1156247632,0,0,0,1920,1080,False,2022-01-18T14:16:39.8971264+01:00
False,16,1920,1080,U8,3,1920,1080,5760,1162518608,0,0,0,1920,1080,False,2022-01-18T14:16:39.9314304+01:00
False,16,1920,1080,U8,3,1920,1080,5760,1168814160,0,0,0,1920,1080,False,2022-01-18T14:16:39.9658240+01:00
False,16,1920,1080,U8,3,1920,1080,5760,1175072848,0,0,0,1920,1080,False,2022-01-18T14:16:39.9984512+01:00
False,16,1920,1080,U8,3,1920,1080,5760,808276048,0,0,0,1920,1080,False,2022-01-18T14:16:40.0312064+01:00
False,16,1920,1080,U8,3,1920,1080,5760,814575696,0,0,0,1920,1080,False,2022-01-18T14:16:40.0652800+01:00
False,16,1920,1080,U8,3,1920,1080,5760,820879440,0,0,0,1920,1080,False,2022-01-18T14:16:40.0975872+01:00
False,16,1920,1080,U8,3,1920,1080,5760,827191376,0,0,0,1920,1080,False,2022-01-18T14:16:40.1323392+01:00
False,16,1920,1080,U8,3,1920,1080,5760,808292432,0,0,0,1920,1080,False,2022-01-18T14:16:40.1641344+01:00
False,16,1920,1080,U8,3,1920,1080,5760,814563408,0,0,0,1920,1080,False,2022-01-18T14:16:40.1982848+01:00
False,16,1920,1080,U8,3,1920,1080,5760,844488784,0,0,0,1920,1080,False,2022-01-18T14:16:40.2331136+01:00
False,16,1920,1080,U8,3,1920,1080,5760,850772048,0,0,0,1920,1080,False,2022-01-18T14:16:40.2660096+01:00
False,16,1920,1080,U8,3,1920,1080,5760,808288336,0,0,0,1920,1080,False,2022-01-18T14:16:40.2985728+01:00
False,16,1920,1080,U8,3,1920,1080,5760,814555216,0,0,0,1920,1080,False,2022-01-18T14:16:40.3313152+01:00
False,16,1920,1080,U8,3,1920,1080,5760,988057680,0,0,0,1920,1080,False,2022-01-18T14:16:40.3650176+01:00
False,16,1920,1080,U8,3,1920,1080,5760,994361424,0,0,0,1920,1080,False,2022-01-18T14:16:40.3984640+01:00
False,16,1920,1080,U8,3,1920,1080,5760,1000665168,0,0,0,1920,1080,False,2022-01-18T14:16:40.4318976+01:00
False,16,1920,1080,U8,3,1920,1080,5760,1149915216,0,0,0,1920,1080,False,2022-01-18T14:16:40.4651904+01:00
False,16,1920,1080,U8,3,1920,1080,5760,1156186192,0,0,0,1920,1080,False,2022-01-18T14:16:40.4977152+01:00
False,16,1920,1080,U8,3,1920,1080,5760,1162412112,0,0,0,1920,1080,False,2022-01-18T14:16:40.5304320+01:00
False,16,1920,1080,U8,3,1920,1080,5760,1168695376,0,0,0,1920,1080,False,2022-01-18T14:16:40.5651200+01:00
False,16,1920,1080,U8,3,1920,1080,5760,1174945872,0,0,0,1920,1080,False,2022-01-18T14:16:40.5983360+01:00
False,16,1920,1080,U8,3,1920,1080,5760,808312912,0,0,0,1920,1080,False,2022-01-18T14:16:40.6310400+01:00
False,16,1920,1080,U8,3,1920,1080,5760,814579792,0,0,0,1920,1080,False,2022-01-18T14:16:40.6647424+01:00
False,16,1920,1080,U8,3,1920,1080,5760,820887632,0,0,0,1920,1080,False,2022-01-18T14:16:40.6984576+01:00
False,16,1920,1080,U8,3,1920,1080,5760,827179088,0,0,0,1920,1080,False,2022-01-18T14:16:40.7323648+01:00
False,16,1920,1080,U8,3,1920,1080,5760,808300624,0,0,0,1920,1080,False,2022-01-18T14:16:40.7645952+01:00
False,16,1920,1080,U8,3,1920,1080,5760,814551120,0,0,0,1920,1080,False,2022-01-18T14:16:40.7974912+01:00
False,16,1920,1080,U8,3,1920,1080,5760,844443728,0,0,0,1920,1080,False,2022-01-18T14:16:40.8320000+01:00
False,16,1920,1080,U8,3,1920,1080,5760,850763856,0,0,0,1920,1080,False,2022-01-18T14:16:40.8663680+01:00
False,16,1920,1080,U8,3,1920,1080,5760,808317008,0,0,0,1920,1080,False,2022-01-18T14:16:40.8974976+01:00
False,16,1920,1080,U8,3,1920,1080,5760,814571600,0,0,0,1920,1080,False,2022-01-18T14:16:40.9310080+01:00
False,16,1920,1080,U8,3,1920,1080,5760,988078160,0,0,0,1920,1080,False,2022-01-18T14:16:40.9654272+01:00
False,16,1920,1080,U8,3,1920,1080,5760,994361424,0,0,0,1920,1080,False,2022-01-18T14:16:40.9976064+01:00
False,16,1920,1080,U8,3,1920,1080,5760,1000611920,0,0,0,1920,1080,False,2022-01-18T14:16:41.0320640+01:00
False,16,1920,1080,U8,3,1920,1080,5760,1149935696,0,0,0,1920,1080,False,2022-01-18T14:16:41.0653696+01:00
False,16,1920,1080,U8,3,1920,1080,5760,1156227152,0,0,0,1920,1080,False,2022-01-18T14:16:41.0977664+01:00
False,16,1920,1080,U8,3,1920,1080,5760,1162481744,0,0,0,1920,1080,False,2022-01-18T14:16:41.1318400+01:00
False,16,1920,1080,U8,3,1920,1080,5760,1168830544,0,0,0,1920,1080,False,2022-01-18T14:16:41.1652864+01:00
False,16,1920,1080,U8,3,1920,1080,5760,1175105616,0,0,0,1920,1080,False,2022-01-18T14:16:41.1991168+01:00
False,16,1920,1080,U8,3,1920,1080,5760,808255568,0,0,0,1920,1080,False,2022-01-18T14:16:41.2319744+01:00
False,16,1920,1080,U8,3,1920,1080,5760,814497872,0,0,0,1920,1080,False,2022-01-18T14:16:41.2648320+01:00
False,16,1920,1080,U8,3,1920,1080,5760,820826192,0,0,0,1920,1080,False,2022-01-18T14:16:41.2986112+01:00
False,16,1920,1080,U8,3,1920,1080,5760,827101264,0,0,0,1920,1080,False,2022-01-18T14:16:41.3326080+01:00
False,16,1920,1080,U8,3,1920,1080,5760,808276048,0,0,0,1920,1080,False,2022-01-18T14:16:41.3652224+01:00
False,16,1920,1080,U8,3,1920,1080,5760,844472400,0,0,0,1920,1080,False,2022-01-18T14:16:41.3983232+01:00
False,16,1920,1080,U8,3,1920,1080,5760,850731088,0,0,0,1920,1080,False,2022-01-18T14:16:41.4324864+01:00
False,16,1920,1080,U8,3,1920,1080,5760,988082256,0,0,0,1920,1080,False,2022-01-18T14:16:41.4659712+01:00
False,16,1920,1080,U8,3,1920,1080,5760,808259664,0,0,0,1920,1080,False,2022-01-18T14:16:41.4987904+01:00
False,16,1920,1080,U8,3,1920,1080,5760,814547024,0,0,0,1920,1080,False,2022-01-18T14:16:41.5320576+01:00
False,16,1920,1080,U8,3,1920,1080,5760,844472400,0,0,0,1920,1080,False,2022-01-18T14:16:41.5654784+01:00
False,16,1920,1080,U8,3,1920,1080,5760,994340944,0,0,0,1920,1080,False,2022-01-18T14:16:41.5979008+01:00
False,16,1920,1080,U8,3,1920,1080,5760,1000607824,0,0,0,1920,1080,False,2022-01-18T14:16:41.6322048+01:00
False,16,1920,1080,U8,3,1920,1080,5760,1149947984,0,0,0,1920,1080,False,2022-01-18T14:16:41.6666496+01:00
False,16,1920,1080,U8,3,1920,1080,5760,1156190288,0,0,0,1920,1080,False,2022-01-18T14:16:41.6986752+01:00
False,16,1920,1080,U8,3,1920,1080,5760,1162477648,0,0,0,1920,1080,False,2022-01-18T14:16:41.7313792+01:00
False,16,1920,1080,U8,3,1920,1080,5760,1168719952,0,0,0,1920,1080,False,2022-01-18T14:16:41.7651840+01:00
False,16,1920,1080,U8,3,1920,1080,5760,1175056464,0,0,0,1920,1080,False,2022-01-18T14:16:41.7988096+01:00
False,16,1920,1080,U8,3,1920,1080,5760,808280144,0,0,0,1920,1080,False,2022-01-18T14:16:41.8319104+01:00
False,16,1920,1080,U8,3,1920,1080,5760,814592080,0,0,0,1920,1080,False,2022-01-18T14:16:41.8655232+01:00
False,16,1920,1080,U8,3,1920,1080,5760,820846672,0,0,0,1920,1080,False,2022-01-18T14:16:41.8994560+01:00
False,16,1920,1080,U8,3,1920,1080,5760,827142224,0,0,0,1920,1080,False,2022-01-18T14:16:41.9328896+01:00
False,16,1920,1080,U8,3,1920,1080,5760,808317008,0,0,0,1920,1080,False,2022-01-18T14:16:41.9651456+01:00
False,16,1920,1080,U8,3,1920,1080,5760,814563408,0,0,0,1920,1080,False,2022-01-18T14:16:41.9985152+01:00
False,16,1920,1080,U8,3,1920,1080,5760,844464208,0,0,0,1920,1080,False,2022-01-18T14:16:42.0323328+01:00
False,16,1920,1080,U8,3,1920,1080,5760,850751568,0,0,0,1920,1080,False,2022-01-18T14:16:42.0657024+01:00
False,16,1920,1080,U8,3,1920,1080,5760,808300624,0,0,0,1920,1080,False,2022-01-18T14:16:42.0981120+01:00
False,16,1920,1080,U8,3,1920,1080,5760,814575696,0,0,0,1920,1080,False,2022-01-18T14:16:42.1320960+01:00
False,16,1920,1080,U8,3,1920,1080,5760,988037200,0,0,0,1920,1080,False,2022-01-18T14:16:42.1657344+01:00
False,16,1920,1080,U8,3,1920,1080,5760,994349136,0,0,0,1920,1080,False,2022-01-18T14:16:42.1982848+01:00
False,16,1920,1080,U8,3,1920,1080,5760,1000607824,0,0,0,1920,1080,False,2022-01-18T14:16:42.2325632+01:00
False,16,1920,1080,U8,3,1920,1080,5760,1149902928,0,0,0,1920,1080,False,2022-01-18T14:16:42.2657408+01:00
False,16,1920,1080,U8,3,1920,1080,5760,1156227152,0,0,0,1920,1080,False,2022-01-18T14:16:42.2986624+01:00
False,16,1920,1080,U8,3,1920,1080,5760,1162514512,0,0,0,1920,1080,False,2022-01-18T14:16:42.3324800+01:00
False,16,1920,1080,U8,3,1920,1080,5760,1168781392,0,0,0,1920,1080,False,2022-01-18T14:16:42.3664128+01:00
False,16,1920,1080,U8,3,1920,1080,5760,1175113808,0,0,0,1920,1080,False,2022-01-18T14:16:42.3992064+01:00
False,16,1920,1080,U8,3,1920,1080,5760,808284240,0,0,0,1920,1080,False,2022-01-18T14:16:42.4324480+01:00
False,16,1920,1080,U8,3,1920,1080,5760,814547024,0,0,0,1920,1080,False,2022-01-18T14:16:42.4656512+01:00
False,16,1920,1080,U8,3,1920,1080,5760,820781136,0,0,0,1920,1080,False,2022-01-18T14:16:42.4990464+01:00
False,16,1920,1080,U8,3,1920,1080,5760,827113552,0,0,0,1920,1080,False,2022-01-18T14:16:42.5332864+01:00
False,16,1920,1080,U8,3,1920,1080,5760,808317008,0,0,0,1920,1080,False,2022-01-18T14:16:42.5655680+01:00
False,16,1920,1080,U8,3,1920,1080,5760,844488784,0,0,0,1920,1080,False,2022-01-18T14:16:42.5989888+01:00
False,16,1920,1080,U8,3,1920,1080,5760,850747472,0,0,0,1920,1080,False,2022-01-18T14:16:42.6327680+01:00
False,16,1920,1080,U8,3,1920,1080,5760,988045392,0,0,0,1920,1080,False,2022-01-18T14:16:42.6660480+01:00
False,16,1920,1080,U8,3,1920,1080,5760,808280144,0,0,0,1920,1080,False,2022-01-18T14:16:42.6987776+01:00
False,16,1920,1080,U8,3,1920,1080,5760,844451920,0,0,0,1920,1080,False,2022-01-18T14:16:42.7325696+01:00
False,16,1920,1080,U8,3,1920,1080,5760,994361424,0,0,0,1920,1080,False,2022-01-18T14:16:42.7660032+01:00
False,16,1920,1080,U8,3,1920,1080,5760,814547024,0,0,0,1920,1080,False,2022-01-18T14:16:42.7990784+01:00
False,16,1920,1080,U8,3,1920,1080,5760,1000661072,0,0,0,1920,1080,False,2022-01-18T14:16:42.8326016+01:00
False,16,1920,1080,U8,3,1920,1080,5760,1149923408,0,0,0,1920,1080,False,2022-01-18T14:16:42.8658176+01:00
False,16,1920,1080,U8,3,1920,1080,5760,1156247632,0,0,0,1920,1080,False,2022-01-18T14:16:42.8988160+01:00
False,16,1920,1080,U8,3,1920,1080,5760,1162510416,0,0,0,1920,1080,False,2022-01-18T14:16:42.9315968+01:00
False,16,1920,1080,U8,3,1920,1080,5760,1168814160,0,0,0,1920,1080,False,2022-01-18T14:16:42.9658752+01:00
False,16,1920,1080,U8,3,1920,1080,5760,1175122000,0,0,0,1920,1080,False,2022-01-18T14:16:42.9990784+01:00
False,16,1920,1080,U8,3,1920,1080,5760,808300624,0,0,0,1920,1080,False,2022-01-18T14:16:43.0322560+01:00
False,16,1920,1080,U8,3,1920,1080,5760,814551120,0,0,0,1920,1080,False,2022-01-18T14:16:43.0652160+01:00
False,16,1920,1080,U8,3,1920,1080,5760,820891728,0,0,0,1920,1080,False,2022-01-18T14:16:43.0988416+01:00
False,16,1920,1080,U8,3,1920,1080,5760,827150416,0,0,0,1920,1080,False,2022-01-18T14:16:43.1349888+01:00
False,16,1920,1080,U8,3,1920,1080,5760,808271952,0,0,0,1920,1080,False,2022-01-18T14:16:43.1657088+01:00
False,16,1920,1080,U8,3,1920,1080,5760,814600272,0,0,0,1920,1080,False,2022-01-18T14:16:43.1992576+01:00
False,16,1920,1080,U8,3,1920,1080,5760,844447824,0,0,0,1920,1080,False,2022-01-18T14:16:43.2315136+01:00
False,16,1920,1080,U8,3,1920,1080,5760,850755664,0,0,0,1920,1080,False,2022-01-18T14:16:43.2660864+01:00
False,16,1920,1080,U8,3,1920,1080,5760,808312912,0,0,0,1920,1080,False,2022-01-18T14:16:43.2979328+01:00
False,16,1920,1080,U8,3,1920,1080,5760,814555216,0,0,0,1920,1080,False,2022-01-18T14:16:43.3324416+01:00
False,16,1920,1080,U8,3,1920,1080,5760,988033104,0,0,0,1920,1080,False,2022-01-18T14:16:43.3655552+01:00
False,16,1920,1080,U8,3,1920,1080,5760,994336848,0,0,0,1920,1080,False,2022-01-18T14:16:43.3980160+01:00
False,16,1920,1080,U8,3,1920,1080,5760,1000648784,0,0,0,1920,1080,False,2022-01-18T14:16:43.4321920+01:00
False,16,1920,1080,U8,3,1920,1080,5760,1149931600,0,0,0,1920,1080,False,2022-01-18T14:16:43.4648448+01:00
False,16,1920,1080,U8,3,1920,1080,5760,1156227152,0,0,0,1920,1080,False,2022-01-18T14:16:43.4988160+01:00
False,16,1920,1080,U8,3,1920,1080,5760,1162481744,0,0,0,1920,1080,False,2022-01-18T14:16:43.5319296+01:00
False,16,1920,1080,U8,3,1920,1080,5760,1168826448,0,0,0,1920,1080,False,2022-01-18T14:16:43.5650816+01:00
False,16,1920,1080,U8,3,1920,1080,5760,1175101520,0,0,0,1920,1080,False,2022-01-18T14:16:43.5997568+01:00
False,16,1920,1080,U8,3,1920,1080,5760,808259664,0,0,0,1920,1080,False,2022-01-18T14:16:43.6318208+01:00
False,16,1920,1080,U8,3,1920,1080,5760,814547024,0,0,0,1920,1080,False,2022-01-18T14:16:43.6656000+01:00
False,16,1920,1080,U8,3,1920,1080,5760,820805712,0,0,0,1920,1080,False,2022-01-18T14:16:43.6989440+01:00
False,16,1920,1080,U8,3,1920,1080,5760,827109456,0,0,0,1920,1080,False,2022-01-18T14:16:43.7337216+01:00
False,16,1920,1080,U8,3,1920,1080,5760,808304720,0,0,0,1920,1080,False,2022-01-18T14:16:43.7642752+01:00
False,16,1920,1080,U8,3,1920,1080,5760,844484688,0,0,0,1920,1080,False,2022-01-18T14:16:43.7983488+01:00
False,16,1920,1080,U8,3,1920,1080,5760,850726992,0,0,0,1920,1080,False,2022-01-18T14:16:43.8319744+01:00
False,16,1920,1080,U8,3,1920,1080,5760,988033104,0,0,0,1920,1080,False,2022-01-18T14:16:43.8664704+01:00
False,16,1920,1080,U8,3,1920,1080,5760,808292432,0,0,0,1920,1080,False,2022-01-18T14:16:43.8986112+01:00
False,16,1920,1080,U8,3,1920,1080,5760,844439632,0,0,0,1920,1080,False,2022-01-18T14:16:43.9319040+01:00
False,16,1920,1080,U8,3,1920,1080,5760,994328656,0,0,0,1920,1080,False,2022-01-18T14:16:43.9654784+01:00
False,16,1920,1080,U8,3,1920,1080,5760,1000607824,0,0,0,1920,1080,False,2022-01-18T14:16:43.9992192+01:00
False,16,1920,1080,U8,3,1920,1080,5760,1149902928,0,0,0,1920,1080,False,2022-01-18T14:16:44.0323072+01:00
False,16,1920,1080,U8,3,1920,1080,5760,1156210768,0,0,0,1920,1080,False,2022-01-18T14:16:44.0657024+01:00
False,16,1920,1080,U8,3,1920,1080,5760,1162494032,0,0,0,1920,1080,False,2022-01-18T14:16:44.0990336+01:00
False,16,1920,1080,U8,3,1920,1080,5760,1168810064,0,0,0,1920,1080,False,2022-01-18T14:16:44.1320960+01:00
False,16,1920,1080,U8,3,1920,1080,5760,1175105616,0,0,0,1920,1080,False,2022-01-18T14:16:44.1653120+01:00
False,16,1920,1080,U8,3,1920,1080,5760,1181372496,0,0,0,1920,1080,False,2022-01-18T14:16:44.2001408+01:00
False,16,1920,1080,U8,3,1920,1080,5760,808280144,0,0,0,1920,1080,False,2022-01-18T14:16:44.2330752+01:00
False,16,1920,1080,U8,3,1920,1080,5760,814575696,0,0,0,1920,1080,False,2022-01-18T14:16:44.2651520+01:00
False,16,1920,1080,U8,3,1920,1080,5760,820871248,0,0,0,1920,1080,False,2022-01-18T14:16:44.2993280+01:00
False,16,1920,1080,U8,3,1920,1080,5760,827170896,0,0,0,1920,1080,False,2022-01-18T14:16:44.3329408+01:00
False,16,1920,1080,U8,3,1920,1080,5760,808255568,0,0,0,1920,1080,False,2022-01-18T14:16:44.3650432+01:00
False,16,1920,1080,U8,3,1920,1080,5760,814542928,0,0,0,1920,1080,False,2022-01-18T14:16:44.3993472+01:00
False,16,1920,1080,U8,3,1920,1080,5760,844472400,0,0,0,1920,1080,False,2022-01-18T14:16:44.4327680+01:00
False,16,1920,1080,U8,3,1920,1080,5760,850784336,0,0,0,1920,1080,False,2022-01-18T14:16:44.4658176+01:00
False,16,1920,1080,U8,3,1920,1080,5760,808255568,0,0,0,1920,1080,False,2022-01-18T14:16:44.4977024+01:00
False,16,1920,1080,U8,3,1920,1080,5760,814489680,0,0,0,1920,1080,False,2022-01-18T14:16:44.5320064+01:00
False,16,1920,1080,U8,3,1920,1080,5760,988033104,0,0,0,1920,1080,False,2022-01-18T14:16:44.5654144+01:00
False,16,1920,1080,U8,3,1920,1080,5760,994340944,0,0,0,1920,1080,False,2022-01-18T14:16:44.5991424+01:00
False,16,1920,1080,U8,3,1920,1080,5760,1000624208,0,0,0,1920,1080,False,2022-01-18T14:16:44.6324224+01:00
False,16,1920,1080,U8,3,1920,1080,5760,1149956176,0,0,0,1920,1080,False,2022-01-18T14:16:44.6661888+01:00
False,16,1920,1080,U8,3,1920,1080,5760,1156202576,0,0,0,1920,1080,False,2022-01-18T14:16:44.6994560+01:00
False,16,1920,1080,U8,3,1920,1080,5760,1162514512,0,0,0,1920,1080,False,2022-01-18T14:16:44.7323648+01:00
False,16,1920,1080,U8,3,1920,1080,5760,1168781392,0,0,0,1920,1080,False,2022-01-18T14:16:44.7655168+01:00
False,16,1920,1080,U8,3,1920,1080,5760,1175109712,0,0,0,1920,1080,False,2022-01-18T14:16:44.8008192+01:00
False,16,1920,1080,U8,3,1920,1080,5760,808280144,0,0,0,1920,1080,False,2022-01-18T14:16:44.8316160+01:00
False,16,1920,1080,U8,3,1920,1080,5760,814571600,0,0,0,1920,1080,False,2022-01-18T14:16:44.8652416+01:00
False,16,1920,1080,U8,3,1920,1080,5760,820879440,0,0,0,1920,1080,False,2022-01-18T14:16:44.8999936+01:00
False,16,1920,1080,U8,3,1920,1080,5760,827150416,0,0,0,1920,1080,False,2022-01-18T14:16:44.9329792+01:00
False,16,1920,1080,U8,3,1920,1080,5760,808267856,0,0,0,1920,1080,False,2022-01-18T14:16:44.9662848+01:00
False,16,1920,1080,U8,3,1920,1080,5760,814563408,0,0,0,1920,1080,False,2022-01-18T14:16:44.9992064+01:00
False,16,1920,1080,U8,3,1920,1080,5760,844435536,0,0,0,1920,1080,False,2022-01-18T14:16:45.0324992+01:00
False,16,1920,1080,U8,3,1920,1080,5760,850772048,0,0,0,1920,1080,False,2022-01-18T14:16:45.0669952+01:00
False,16,1920,1080,U8,3,1920,1080,5760,808263760,0,0,0,1920,1080,False,2022-01-18T14:16:45.0993536+01:00
False,16,1920,1080,U8,3,1920,1080,5760,814555216,0,0,0,1920,1080,False,2022-01-18T14:16:45.1325824+01:00
False,16,1920,1080,U8,3,1920,1080,5760,988074064,0,0,0,1920,1080,False,2022-01-18T14:16:45.1658752+01:00
False,16,1920,1080,U8,3,1920,1080,5760,994361424,0,0,0,1920,1080,False,2022-01-18T14:16:45.1995264+01:00
False,16,1920,1080,U8,3,1920,1080,5760,1000611920,0,0,0,1920,1080,False,2022-01-18T14:16:45.2326528+01:00
False,16,1920,1080,U8,3,1920,1080,5760,1149947984,0,0,0,1920,1080,False,2022-01-18T14:16:45.2666880+01:00
False,16,1920,1080,U8,3,1920,1080,5760,1156206672,0,0,0,1920,1080,False,2022-01-18T14:16:45.2988416+01:00
False,16,1920,1080,U8,3,1920,1080,5760,1162522704,0,0,0,1920,1080,False,2022-01-18T14:16:45.3318656+01:00
False,16,1920,1080,U8,3,1920,1080,5760,1168777296,0,0,0,1920,1080,False,2022-01-18T14:16:45.3651712+01:00
False,16,1920,1080,U8,3,1920,1080,5760,1175117904,0,0,0,1920,1080,False,2022-01-18T14:16:45.4002048+01:00
False,16,1920,1080,U8,3,1920,1080,5760,808308816,0,0,0,1920,1080,False,2022-01-18T14:16:45.4323072+01:00
False,16,1920,1080,U8,3,1920,1080,5760,814559312,0,0,0,1920,1080,False,2022-01-18T14:16:45.4649600+01:00
False,16,1920,1080,U8,3,1920,1080,5760,820871248,0,0,0,1920,1080,False,2022-01-18T14:16:45.4983552+01:00
False,16,1920,1080,U8,3,1920,1080,5760,827170896,0,0,0,1920,1080,False,2022-01-18T14:16:45.5327488+01:00
False,16,1920,1080,U8,3,1920,1080,5760,808271952,0,0,0,1920,1080,False,2022-01-18T14:16:45.5660160+01:00
False,16,1920,1080,U8,3,1920,1080,5760,814575696,0,0,0,1920,1080,False,2022-01-18T14:16:45.5986688+01:00
False,16,1920,1080,U8,3,1920,1080,5760,844464208,0,0,0,1920,1080,False,2022-01-18T14:16:45.6319360+01:00
False,16,1920,1080,U8,3,1920,1080,5760,850763856,0,0,0,1920,1080,False,2022-01-18T14:16:45.6670720+01:00
False,16,1920,1080,U8,3,1920,1080,5760,808304720,0,0,0,1920,1080,False,2022-01-18T14:16:45.6977536+01:00
False,16,1920,1080,U8,3,1920,1080,5760,814575696,0,0,0,1920,1080,False,2022-01-18T14:16:45.7317376+01:00
False,16,1920,1080,U8,3,1920,1080,5760,988078160,0,0,0,1920,1080,False,2022-01-18T14:16:45.7667968+01:00
False,16,1920,1080,U8,3,1920,1080,5760,994320464,0,0,0,1920,1080,False,2022-01-18T14:16:45.7986304+01:00
False,16,1920,1080,U8,3,1920,1080,5760,1000620112,0,0,0,1920,1080,False,2022-01-18T14:16:45.8316288+01:00
False,16,1920,1080,U8,3,1920,1080,5760,1149902928,0,0,0,1920,1080,False,2022-01-18T14:16:45.8666368+01:00
False,16,1920,1080,U8,3,1920,1080,5760,1156214864,0,0,0,1920,1080,False,2022-01-18T14:16:45.8993536+01:00
False,16,1920,1080,U8,3,1920,1080,5760,1162530896,0,0,0,1920,1080,False,2022-01-18T14:16:45.9320960+01:00
False,16,1920,1080,U8,3,1920,1080,5760,1168773200,0,0,0,1920,1080,False,2022-01-18T14:16:45.9652992+01:00
False,16,1920,1080,U8,3,1920,1080,5760,1175076944,0,0,0,1920,1080,False,2022-01-18T14:16:45.9996800+01:00
False,16,1920,1080,U8,3,1920,1080,5760,808317008,0,0,0,1920,1080,False,2022-01-18T14:16:46.0318592+01:00
False,16,1920,1080,U8,3,1920,1080,5760,814587984,0,0,0,1920,1080,False,2022-01-18T14:16:46.0645248+01:00
False,16,1920,1080,U8,3,1920,1080,5760,820887632,0,0,0,1920,1080,False,2022-01-18T14:16:46.0990976+01:00
False,16,1920,1080,U8,3,1920,1080,5760,827138128,0,0,0,1920,1080,False,2022-01-18T14:16:46.1323648+01:00
False,16,1920,1080,U8,3,1920,1080,5760,808317008,0,0,0,1920,1080,False,2022-01-18T14:16:46.1659776+01:00
False,16,1920,1080,U8,3,1920,1080,5760,814547024,0,0,0,1920,1080,False,2022-01-18T14:16:46.1978368+01:00
False,16,1920,1080,U8,3,1920,1080,5760,844484688,0,0,0,1920,1080,False,2022-01-18T14:16:46.2319616+01:00
False,16,1920,1080,U8,3,1920,1080,5760,850739280,0,0,0,1920,1080,False,2022-01-18T14:16:46.2667392+01:00
False,16,1920,1080,U8,3,1920,1080,5760,808255568,0,0,0,1920,1080,False,2022-01-18T14:16:46.2986368+01:00
False,16,1920,1080,U8,3,1920,1080,5760,814501968,0,0,0,1920,1080,False,2022-01-18T14:16:46.3319552+01:00
False,16,1920,1080,U8,3,1920,1080,5760,988061776,0,0,0,1920,1080,False,2022-01-18T14:16:46.3662080+01:00
False,16,1920,1080,U8,3,1920,1080,5760,994369616,0,0,0,1920,1080,False,2022-01-18T14:16:46.3986688+01:00
False,16,1920,1080,U8,3,1920,1080,5760,1000603728,0,0,0,1920,1080,False,2022-01-18T14:16:46.4317696+01:00
False,16,1920,1080,U8,3,1920,1080,5760,1149943888,0,0,0,1920,1080,False,2022-01-18T14:16:46.4652416+01:00
False,16,1920,1080,U8,3,1920,1080,5760,1156190288,0,0,0,1920,1080,False,2022-01-18T14:16:46.4989824+01:00
False,16,1920,1080,U8,3,1920,1080,5760,1162530896,0,0,0,1920,1080,False,2022-01-18T14:16:46.5320064+01:00
False,16,1920,1080,U8,3,1920,1080,5760,1168797776,0,0,0,1920,1080,False,2022-01-18T14:16:46.5664768+01:00
False,16,1920,1080,U8,3,1920,1080,5760,1175085136,0,0,0,1920,1080,False,2022-01-18T14:16:46.5995648+01:00
False,16,1920,1080,U8,3,1920,1080,5760,808280144,0,0,0,1920,1080,False,2022-01-18T14:16:46.6317696+01:00
False,16,1920,1080,U8,3,1920,1080,5760,814555216,0,0,0,1920,1080,False,2022-01-18T14:16:46.6661632+01:00
False,16,1920,1080,U8,3,1920,1080,5760,820871248,0,0,0,1920,1080,False,2022-01-18T14:16:46.6996352+01:00
False,16,1920,1080,U8,3,1920,1080,5760,827150416,0,0,0,1920,1080,False,2022-01-18T14:16:46.7328128+01:00
False,16,1920,1080,U8,3,1920,1080,5760,808292432,0,0,0,1920,1080,False,2022-01-18T14:16:46.7661056+01:00
False,16,1920,1080,U8,3,1920,1080,5760,814563408,0,0,0,1920,1080,False,2022-01-18T14:16:46.7981440+01:00
False,16,1920,1080,U8,3,1920,1080,5760,844447824,0,0,0,1920,1080,False,2022-01-18T14:16:46.8320768+01:00
False,16,1920,1080,U8,3,1920,1080,5760,850755664,0,0,0,1920,1080,False,2022-01-18T14:16:46.8668032+01:00
False,16,1920,1080,U8,3,1920,1080,5760,808308816,0,0,0,1920,1080,False,2022-01-18T14:16:46.8992000+01:00
False,16,1920,1080,U8,3,1920,1080,5760,814587984,0,0,0,1920,1080,False,2022-01-18T14:16:46.9324672+01:00
False,16,1920,1080,U8,3,1920,1080,5760,988033104,0,0,0,1920,1080,False,2022-01-18T14:16:46.9654656+01:00
False,16,1920,1080,U8,3,1920,1080,5760,994320464,0,0,0,1920,1080,False,2022-01-18T14:16:46.9991296+01:00
False,16,1920,1080,U8,3,1920,1080,5760,1000603728,0,0,0,1920,1080,False,2022-01-18T14:16:47.0329088+01:00
False,16,1920,1080,U8,3,1920,1080,5760,1149939792,0,0,0,1920,1080,False,2022-01-18T14:16:47.0661504+01:00
False,16,1920,1080,U8,3,1920,1080,5760,1156198480,0,0,0,1920,1080,False,2022-01-18T14:16:47.0992896+01:00
False,16,1920,1080,U8,3,1920,1080,5760,1162494032,0,0,0,1920,1080,False,2022-01-18T14:16:47.1344256+01:00
False,16,1920,1080,U8,3,1920,1080,5760,1168793680,0,0,0,1920,1080,False,2022-01-18T14:16:47.1667200+01:00
False,16,1920,1080,U8,3,1920,1080,5760,1175109712,0,0,0,1920,1080,False,2022-01-18T14:16:47.2001024+01:00
False,16,1920,1080,U8,3,1920,1080,5760,808259664,0,0,0,1920,1080,False,2022-01-18T14:16:47.2321920+01:00
False,16,1920,1080,U8,3,1920,1080,5760,814547024,0,0,0,1920,1080,False,2022-01-18T14:16:47.2647424+01:00
False,16,1920,1080,U8,3,1920,1080,5760,820818000,0,0,0,1920,1080,False,2022-01-18T14:16:47.2990592+01:00
False,16,1920,1080,U8,3,1920,1080,5760,827084880,0,0,0,1920,1080,False,2022-01-18T14:16:47.3359104+01:00
False,16,1920,1080,U8,3,1920,1080,5760,808312912,0,0,0,1920,1080,False,2022-01-18T14:16:47.3658880+01:00
False,16,1920,1080,U8,3,1920,1080,5760,844435536,0,0,0,1920,1080,False,2022-01-18T14:16:47.3983104+01:00
False,16,1920,1080,U8,3,1920,1080,5760,850776144,0,0,0,1920,1080,False,2022-01-18T14:16:47.4336640+01:00
False,16,1920,1080,U8,3,1920,1080,5760,988069968,0,0,0,1920,1080,False,2022-01-18T14:16:47.4670848+01:00
False,16,1920,1080,U8,3,1920,1080,5760,808304720,0,0,0,1920,1080,False,2022-01-18T14:16:47.4993920+01:00
False,16,1920,1080,U8,3,1920,1080,5760,844492880,0,0,0,1920,1080,False,2022-01-18T14:16:47.5321472+01:00
False,16,1920,1080,U8,3,1920,1080,5760,994324560,0,0,0,1920,1080,False,2022-01-18T14:16:47.5667968+01:00
False,16,1920,1080,U8,3,1920,1080,5760,1000611920,0,0,0,1920,1080,False,2022-01-18T14:16:47.5993088+01:00
False,16,1920,1080,U8,3,1920,1080,5760,1149907024,0,0,0,1920,1080,False,2022-01-18T14:16:47.6322560+01:00
False,16,1920,1080,U8,3,1920,1080,5760,814547024,0,0,0,1920,1080,False,2022-01-18T14:16:47.6655488+01:00
False,16,1920,1080,U8,3,1920,1080,5760,1156198480,0,0,0,1920,1080,False,2022-01-18T14:16:47.6994304+01:00
False,16,1920,1080,U8,3,1920,1080,5760,1162494032,0,0,0,1920,1080,False,2022-01-18T14:16:47.7335936+01:00
False,16,1920,1080,U8,3,1920,1080,5760,1168818256,0,0,0,1920,1080,False,2022-01-18T14:16:47.7667584+01:00
False,16,1920,1080,U8,3,1920,1080,5760,1175093328,0,0,0,1920,1080,False,2022-01-18T14:16:47.8002560+01:00
False,16,1920,1080,U8,3,1920,1080,5760,808259664,0,0,0,1920,1080,False,2022-01-18T14:16:47.8324608+01:00
False,16,1920,1080,U8,3,1920,1080,5760,814563408,0,0,0,1920,1080,False,2022-01-18T14:16:47.8663296+01:00
False,16,1920,1080,U8,3,1920,1080,5760,820850768,0,0,0,1920,1080,False,2022-01-18T14:16:47.9001472+01:00
False,16,1920,1080,U8,3,1920,1080,5760,827142224,0,0,0,1920,1080,False,2022-01-18T14:16:47.9331456+01:00
False,16,1920,1080,U8,3,1920,1080,5760,808271952,0,0,0,1920,1080,False,2022-01-18T14:16:47.9666048+01:00
False,16,1920,1080,U8,3,1920,1080,5760,814596176,0,0,0,1920,1080,False,2022-01-18T14:16:47.9998080+01:00
False,16,1920,1080,U8,3,1920,1080,5760,844472400,0,0,0,1920,1080,False,2022-01-18T14:16:48.0327936+01:00
False,16,1920,1080,U8,3,1920,1080,5760,850726992,0,0,0,1920,1080,False,2022-01-18T14:16:48.0657152+01:00
False,16,1920,1080,U8,3,1920,1080,5760,808284240,0,0,0,1920,1080,False,2022-01-18T14:16:48.0990464+01:00
False,16,1920,1080,U8,3,1920,1080,5760,814587984,0,0,0,1920,1080,False,2022-01-18T14:16:48.1326464+01:00
False,16,1920,1080,U8,3,1920,1080,5760,988061776,0,0,0,1920,1080,False,2022-01-18T14:16:48.1656704+01:00
False,16,1920,1080,U8,3,1920,1080,5760,994353232,0,0,0,1920,1080,False,2022-01-18T14:16:48.1993216+01:00
False,16,1920,1080,U8,3,1920,1080,5760,1000656976,0,0,0,1920,1080,False,2022-01-18T14:16:48.2323072+01:00
False,16,1920,1080,U8,3,1920,1080,5760,1149911120,0,0,0,1920,1080,False,2022-01-18T14:16:48.2654336+01:00
False,16,1920,1080,U8,3,1920,1080,5760,1156202576,0,0,0,1920,1080,False,2022-01-18T14:16:48.2981632+01:00
False,16,1920,1080,U8,3,1920,1080,5760,1162494032,0,0,0,1920,1080,False,2022-01-18T14:16:48.3322240+01:00
False,16,1920,1080,U8,3,1920,1080,5760,1168830544,0,0,0,1920,1080,False,2022-01-18T14:16:48.3664256+01:00
False,16,1920,1080,U8,3,1920,1080,5760,1175097424,0,0,0,1920,1080,False,2022-01-18T14:16:48.4000512+01:00
False,16,1920,1080,U8,3,1920,1080,5760,808280144,0,0,0,1920,1080,False,2022-01-18T14:16:48.4324352+01:00
False,16,1920,1080,U8,3,1920,1080,5760,814583888,0,0,0,1920,1080,False,2022-01-18T14:16:48.4652288+01:00
False,16,1920,1080,U8,3,1920,1080,5760,820871248,0,0,0,1920,1080,False,2022-01-18T14:16:48.4988288+01:00
False,16,1920,1080,U8,3,1920,1080,5760,827146320,0,0,0,1920,1080,False,2022-01-18T14:16:48.5329152+01:00
False,16,1920,1080,U8,3,1920,1080,5760,808296528,0,0,0,1920,1080,False,2022-01-18T14:16:48.5650560+01:00
False,16,1920,1080,U8,3,1920,1080,5760,814567504,0,0,0,1920,1080,False,2022-01-18T14:16:48.5979776+01:00
False,16,1920,1080,U8,3,1920,1080,5760,844431440,0,0,0,1920,1080,False,2022-01-18T14:16:48.6338944+01:00
False,16,1920,1080,U8,3,1920,1080,5760,850710608,0,0,0,1920,1080,False,2022-01-18T14:16:48.6671488+01:00
False,16,1920,1080,U8,3,1920,1080,5760,808280144,0,0,0,1920,1080,False,2022-01-18T14:16:48.6983680+01:00
False,16,1920,1080,U8,3,1920,1080,5760,814596176,0,0,0,1920,1080,False,2022-01-18T14:16:48.7327488+01:00
False,16,1920,1080,U8,3,1920,1080,5760,988082256,0,0,0,1920,1080,False,2022-01-18T14:16:48.7665664+01:00
False,16,1920,1080,U8,3,1920,1080,5760,994336848,0,0,0,1920,1080,False,2022-01-18T14:16:48.7984512+01:00
False,16,1920,1080,U8,3,1920,1080,5760,1000644688,0,0,0,1920,1080,False,2022-01-18T14:16:48.8322816+01:00
False,16,1920,1080,U8,3,1920,1080,5760,1149919312,0,0,0,1920,1080,False,2022-01-18T14:16:48.8656768+01:00
False,16,1920,1080,U8,3,1920,1080,5760,1156202576,0,0,0,1920,1080,False,2022-01-18T14:16:48.8997248+01:00
False,16,1920,1080,U8,3,1920,1080,5760,1162514512,0,0,0,1920,1080,False,2022-01-18T14:16:48.9326720+01:00
False,16,1920,1080,U8,3,1920,1080,5760,1168777296,0,0,0,1920,1080,False,2022-01-18T14:16:48.9654912+01:00
False,16,1920,1080,U8,3,1920,1080,5760,1175068752,0,0,0,1920,1080,False,2022-01-18T14:16:49.0002560+01:00
False,16,1920,1080,U8,3,1920,1080,5760,808255568,0,0,0,1920,1080,False,2022-01-18T14:16:49.0321664+01:00
False,16,1920,1080,U8,3,1920,1080,5760,814542928,0,0,0,1920,1080,False,2022-01-18T14:16:49.0651136+01:00
False,16,1920,1080,U8,3,1920,1080,5760,820809808,0,0,0,1920,1080,False,2022-01-18T14:16:49.0984448+01:00
False,16,1920,1080,U8,3,1920,1080,5760,827072592,0,0,0,1920,1080,False,2022-01-18T14:16:49.1341440+01:00
False,16,1920,1080,U8,3,1920,1080,5760,808280144,0,0,0,1920,1080,False,2022-01-18T14:16:49.1650560+01:00
False,16,1920,1080,U8,3,1920,1080,5760,844480592,0,0,0,1920,1080,False,2022-01-18T14:16:49.1980288+01:00
False,16,1920,1080,U8,3,1920,1080,5760,850743376,0,0,0,1920,1080,False,2022-01-18T14:16:49.2326144+01:00
False,16,1920,1080,U8,3,1920,1080,5760,988053584,0,0,0,1920,1080,False,2022-01-18T14:16:49.2663168+01:00
False,16,1920,1080,U8,3,1920,1080,5760,808280144,0,0,0,1920,1080,False,2022-01-18T14:16:49.2992896+01:00
False,16,1920,1080,U8,3,1920,1080,5760,844468304,0,0,0,1920,1080,False,2022-01-18T14:16:49.3322240+01:00
False,16,1920,1080,U8,3,1920,1080,5760,814547024,0,0,0,1920,1080,False,2022-01-18T14:16:49.3654144+01:00
False,16,1920,1080,U8,3,1920,1080,5760,994365520,0,0,0,1920,1080,False,2022-01-18T14:16:49.3980416+01:00
False,16,1920,1080,U8,3,1920,1080,5760,1000652880,0,0,0,1920,1080,False,2022-01-18T14:16:49.4324992+01:00
False,16,1920,1080,U8,3,1920,1080,5760,1149947984,0,0,0,1920,1080,False,2022-01-18T14:16:49.4670336+01:00
False,16,1920,1080,U8,3,1920,1080,5760,1156243536,0,0,0,1920,1080,False,2022-01-18T14:16:49.4999808+01:00
False,16,1920,1080,U8,3,1920,1080,5760,1162510416,0,0,0,1920,1080,False,2022-01-18T14:16:49.5326464+01:00
False,16,1920,1080,U8,3,1920,1080,5760,1168801872,0,0,0,1920,1080,False,2022-01-18T14:16:49.5666944+01:00
False,16,1920,1080,U8,3,1920,1080,5760,1175060560,0,0,0,1920,1080,False,2022-01-18T14:16:49.6005248+01:00
False,16,1920,1080,U8,3,1920,1080,5760,808308816,0,0,0,1920,1080,False,2022-01-18T14:16:49.6338048+01:00
False,16,1920,1080,U8,3,1920,1080,5760,814555216,0,0,0,1920,1080,False,2022-01-18T14:16:49.6654336+01:00
False,16,1920,1080,U8,3,1920,1080,5760,820854864,0,0,0,1920,1080,False,2022-01-18T14:16:49.6989056+01:00
False,16,1920,1080,U8,3,1920,1080,5760,827158608,0,0,0,1920,1080,False,2022-01-18T14:16:49.7329280+01:00
False,16,1920,1080,U8,3,1920,1080,5760,808284240,0,0,0,1920,1080,False,2022-01-18T14:16:49.7663360+01:00
False,16,1920,1080,U8,3,1920,1080,5760,814551120,0,0,0,1920,1080,False,2022-01-18T14:16:49.7981440+01:00
False,16,1920,1080,U8,3,1920,1080,5760,844439632,0,0,0,1920,1080,False,2022-01-18T14:16:49.8337664+01:00
False,16,1920,1080,U8,3,1920,1080,5760,850726992,0,0,0,1920,1080,False,2022-01-18T14:16:49.8659456+01:00
False,16,1920,1080,U8,3,1920,1080,5760,808288336,0,0,0,1920,1080,False,2022-01-18T14:16:49.8983552+01:00
False,16,1920,1080,U8,3,1920,1080,5760,814596176,0,0,0,1920,1080,False,2022-01-18T14:16:49.9328768+01:00
False,16,1920,1080,U8,3,1920,1080,5760,988069968,0,0,0,1920,1080,False,2022-01-18T14:16:49.9654400+01:00
False,16,1920,1080,U8,3,1920,1080,5760,994332752,0,0,0,1920,1080,False,2022-01-18T14:16:49.9995648+01:00
False,16,1920,1080,U8,3,1920,1080,5760,1000611920,0,0,0,1920,1080,False,2022-01-18T14:16:50.0333952+01:00
False,16,1920,1080,U8,3,1920,1080,5760,1149915216,0,0,0,1920,1080,False,2022-01-18T14:16:50.0655872+01:00
False,16,1920,1080,U8,3,1920,1080,5760,1156190288,0,0,0,1920,1080,False,2022-01-18T14:16:50.0981248+01:00
False,16,1920,1080,U8,3,1920,1080,5760,1162481744,0,0,0,1920,1080,False,2022-01-18T14:16:50.1333248+01:00
False,16,1920,1080,U8,3,1920,1080,5760,1168773200,0,0,0,1920,1080,False,2022-01-18T14:16:50.1654400+01:00
False,16,1920,1080,U8,3,1920,1080,5760,1175105616,0,0,0,1920,1080,False,2022-01-18T14:16:50.2001024+01:00
False,16,1920,1080,U8,3,1920,1080,5760,808300624,0,0,0,1920,1080,False,2022-01-18T14:16:50.2339328+01:00
False,16,1920,1080,U8,3,1920,1080,5760,814583888,0,0,0,1920,1080,False,2022-01-18T14:16:50.2656384+01:00
False,16,1920,1080,U8,3,1920,1080,5760,820858960,0,0,0,1920,1080,False,2022-01-18T14:16:50.2988416+01:00
False,16,1920,1080,U8,3,1920,1080,5760,827166800,0,0,0,1920,1080,False,2022-01-18T14:16:50.3329536+01:00
False,16,1920,1080,U8,3,1920,1080,5760,808284240,0,0,0,1920,1080,False,2022-01-18T14:16:50.3652736+01:00
False,16,1920,1080,U8,3,1920,1080,5760,814579792,0,0,0,1920,1080,False,2022-01-18T14:16:50.3981952+01:00
False,16,1920,1080,U8,3,1920,1080,5760,844435536,0,0,0,1920,1080,False,2022-01-18T14:16:50.4331520+01:00
False,16,1920,1080,U8,3,1920,1080,5760,850772048,0,0,0,1920,1080,False,2022-01-18T14:16:50.4674176+01:00
False,16,1920,1080,U8,3,1920,1080,5760,808296528,0,0,0,1920,1080,False,2022-01-18T14:16:50.4984320+01:00
False,16,1920,1080,U8,3,1920,1080,5760,814551120,0,0,0,1920,1080,False,2022-01-18T14:16:50.5335296+01:00
False,16,1920,1080,U8,3,1920,1080,5760,988057680,0,0,0,1920,1080,False,2022-01-18T14:16:50.5664000+01:00
False,16,1920,1080,U8,3,1920,1080,5760,994365520,0,0,0,1920,1080,False,2022-01-18T14:16:50.5992448+01:00
False,16,1920,1080,U8,3,1920,1080,5760,1000648784,0,0,0,1920,1080,False,2022-01-18T14:16:50.6333568+01:00
False,16,1920,1080,U8,3,1920,1080,5760,1149915216,0,0,0,1920,1080,False,2022-01-18T14:16:50.6677504+01:00
False,16,1920,1080,U8,3,1920,1080,5760,1156206672,0,0,0,1920,1080,False,2022-01-18T14:16:50.6992000+01:00
False,16,1920,1080,U8,3,1920,1080,5760,1162522704,0,0,0,1920,1080,False,2022-01-18T14:16:50.7331072+01:00
False,16,1920,1080,U8,3,1920,1080,5760,1168822352,0,0,0,1920,1080,False,2022-01-18T14:16:50.7675904+01:00
False,16,1920,1080,U8,3,1920,1080,5760,1175113808,0,0,0,1920,1080,False,2022-01-18T14:16:50.8008832+01:00
False,16,1920,1080,U8,3,1920,1080,5760,808280144,0,0,0,1920,1080,False,2022-01-18T14:16:50.8332416+01:00
False,16,1920,1080,U8,3,1920,1080,5760,814555216,0,0,0,1920,1080,False,2022-01-18T14:16:50.8660992+01:00
False,16,1920,1080,U8,3,1920,1080,5760,820838480,0,0,0,1920,1080,False,2022-01-18T14:16:50.8990848+01:00
False,16,1920,1080,U8,3,1920,1080,5760,827080784,0,0,0,1920,1080,False,2022-01-18T14:16:50.9335424+01:00
False,16,1920,1080,U8,3,1920,1080,5760,808276048,0,0,0,1920,1080,False,2022-01-18T14:16:50.9655552+01:00
False,16,1920,1080,U8,3,1920,1080,5760,814551120,0,0,0,1920,1080,False,2022-01-18T14:16:50.9988352+01:00
False,16,1920,1080,U8,3,1920,1080,5760,844472400,0,0,0,1920,1080,False,2022-01-18T14:16:51.0335104+01:00
False,16,1920,1080,U8,3,1920,1080,5760,850722896,0,0,0,1920,1080,False,2022-01-18T14:16:51.0679424+01:00
False,16,1920,1080,U8,3,1920,1080,5760,808292432,0,0,0,1920,1080,False,2022-01-18T14:16:51.0984960+01:00
False,16,1920,1080,U8,3,1920,1080,5760,814559312,0,0,0,1920,1080,False,2022-01-18T14:16:51.1353216+01:00
False,16,1920,1080,U8,3,1920,1080,5760,988029008,0,0,0,1920,1080,False,2022-01-18T14:16:51.1676800+01:00
False,16,1920,1080,U8,3,1920,1080,5760,994361424,0,0,0,1920,1080,False,2022-01-18T14:16:51.1985664+01:00
False,16,1920,1080,U8,3,1920,1080,5760,1000652880,0,0,0,1920,1080,False,2022-01-18T14:16:51.2345216+01:00
False,16,1920,1080,U8,3,1920,1080,5760,1149952080,0,0,0,1920,1080,False,2022-01-18T14:16:51.2665472+01:00
False,16,1920,1080,U8,3,1920,1080,5760,1156243536,0,0,0,1920,1080,False,2022-01-18T14:16:51.3001088+01:00
False,16,1920,1080,U8,3,1920,1080,5760,1162539088,0,0,0,1920,1080,False,2022-01-18T14:16:51.3326464+01:00
False,16,1920,1080,U8,3,1920,1080,5760,1168773200,0,0,0,1920,1080,False,2022-01-18T14:16:51.3675648+01:00
False,16,1920,1080,U8,3,1920,1080,5760,1175117904,0,0,0,1920,1080,False,2022-01-18T14:16:51.3996160+01:00
False,16,1920,1080,U8,3,1920,1080,5760,808300624,0,0,0,1920,1080,False,2022-01-18T14:16:51.4331648+01:00
False,16,1920,1080,U8,3,1920,1080,5760,814583888,0,0,0,1920,1080,False,2022-01-18T14:16:51.4654592+01:00
False,16,1920,1080,U8,3,1920,1080,5760,820887632,0,0,0,1920,1080,False,2022-01-18T14:16:51.4989312+01:00
False,16,1920,1080,U8,3,1920,1080,5760,827183184,0,0,0,1920,1080,False,2022-01-18T14:16:51.5356672+01:00
False,16,1920,1080,U8,3,1920,1080,5760,808288336,0,0,0,1920,1080,False,2022-01-18T14:16:51.5670656+01:00
False,16,1920,1080,U8,3,1920,1080,5760,814575696,0,0,0,1920,1080,False,2022-01-18T14:16:51.6001280+01:00
False,16,1920,1080,U8,3,1920,1080,5760,844484688,0,0,0,1920,1080,False,2022-01-18T14:16:51.6344192+01:00
False,16,1920,1080,U8,3,1920,1080,5760,850731088,0,0,0,1920,1080,False,2022-01-18T14:16:51.6663680+01:00
False,16,1920,1080,U8,3,1920,1080,5760,808304720,0,0,0,1920,1080,False,2022-01-18T14:16:51.6984704+01:00
False,16,1920,1080,U8,3,1920,1080,5760,814579792,0,0,0,1920,1080,False,2022-01-18T14:16:51.7347072+01:00
False,16,1920,1080,U8,3,1920,1080,5760,988037200,0,0,0,1920,1080,False,2022-01-18T14:16:51.7676544+01:00
False,16,1920,1080,U8,3,1920,1080,5760,994316368,0,0,0,1920,1080,False,2022-01-18T14:16:51.7997824+01:00
False,16,1920,1080,U8,3,1920,1080,5760,1000640592,0,0,0,1920,1080,False,2022-01-18T14:16:51.8328064+01:00
False,16,1920,1080,U8,3,1920,1080,5760,1149915216,0,0,0,1920,1080,False,2022-01-18T14:16:51.8660608+01:00
False,16,1920,1080,U8,3,1920,1080,5760,1156235344,0,0,0,1920,1080,False,2022-01-18T14:16:51.9001984+01:00
False,16,1920,1080,U8,3,1920,1080,5760,1162498128,0,0,0,1920,1080,False,2022-01-18T14:16:51.9331584+01:00
False,16,1920,1080,U8,3,1920,1080,5760,1168814160,0,0,0,1920,1080,False,2022-01-18T14:16:51.9664128+01:00
False,16,1920,1080,U8,3,1920,1080,5760,1175122000,0,0,0,1920,1080,False,2022-01-18T14:16:52.0009088+01:00
False,16,1920,1080,U8,3,1920,1080,5760,808292432,0,0,0,1920,1080,False,2022-01-18T14:16:52.0342784+01:00
False,16,1920,1080,U8,3,1920,1080,5760,814555216,0,0,0,1920,1080,False,2022-01-18T14:16:52.0658176+01:00
False,16,1920,1080,U8,3,1920,1080,5760,820863056,0,0,0,1920,1080,False,2022-01-18T14:16:52.1001728+01:00
False,16,1920,1080,U8,3,1920,1080,5760,827179088,0,0,0,1920,1080,False,2022-01-18T14:16:52.1347584+01:00
False,16,1920,1080,U8,3,1920,1080,5760,808296528,0,0,0,1920,1080,False,2022-01-18T14:16:52.1669760+01:00
False,16,1920,1080,U8,3,1920,1080,5760,814583888,0,0,0,1920,1080,False,2022-01-18T14:16:52.1999232+01:00
False,16,1920,1080,U8,3,1920,1080,5760,844435536,0,0,0,1920,1080,False,2022-01-18T14:16:52.2342016+01:00
False,16,1920,1080,U8,3,1920,1080,5760,850739280,0,0,0,1920,1080,False,2022-01-18T14:16:52.2663808+01:00
False,16,1920,1080,U8,3,1920,1080,5760,808308816,0,0,0,1920,1080,False,2022-01-18T14:16:52.2997632+01:00
False,16,1920,1080,U8,3,1920,1080,5760,814596176,0,0,0,1920,1080,False,2022-01-18T14:16:52.3338240+01:00
False,16,1920,1080,U8,3,1920,1080,5760,988061776,0,0,0,1920,1080,False,2022-01-18T14:16:52.3673344+01:00
False,16,1920,1080,U8,3,1920,1080,5760,994336848,0,0,0,1920,1080,False,2022-01-18T14:16:52.3989376+01:00
False,16,1920,1080,U8,3,1920,1080,5760,1000624208,0,0,0,1920,1080,False,2022-01-18T14:16:52.4340864+01:00
False,16,1920,1080,U8,3,1920,1080,5760,1149894736,0,0,0,1920,1080,False,2022-01-18T14:16:52.4662272+01:00
False,16,1920,1080,U8,3,1920,1080,5760,1156178000,0,0,0,1920,1080,False,2022-01-18T14:16:52.4988800+01:00
False,16,1920,1080,U8,3,1920,1080,5760,1162412112,0,0,0,1920,1080,False,2022-01-18T14:16:52.5326464+01:00
False,16,1920,1080,U8,3,1920,1080,5760,1168678992,0,0,0,1920,1080,False,2022-01-18T14:16:52.5669376+01:00
False,16,1920,1080,U8,3,1920,1080,5760,1174945872,0,0,0,1920,1080,False,2022-01-18T14:16:52.5995776+01:00
False,16,1920,1080,U8,3,1920,1080,5760,808308816,0,0,0,1920,1080,False,2022-01-18T14:16:52.6338560+01:00
False,16,1920,1080,U8,3,1920,1080,5760,814555216,0,0,0,1920,1080,False,2022-01-18T14:16:52.6659328+01:00
False,16,1920,1080,U8,3,1920,1080,5760,820838480,0,0,0,1920,1080,False,2022-01-18T14:16:52.7002368+01:00
False,16,1920,1080,U8,3,1920,1080,5760,827121744,0,0,0,1920,1080,False,2022-01-18T14:16:52.7346816+01:00
False,16,1920,1080,U8,3,1920,1080,5760,808292432,0,0,0,1920,1080,False,2022-01-18T14:16:52.7667968+01:00
False,16,1920,1080,U8,3,1920,1080,5760,814555216,0,0,0,1920,1080,False,2022-01-18T14:16:52.7997952+01:00
False,16,1920,1080,U8,3,1920,1080,5760,844443728,0,0,0,1920,1080,False,2022-01-18T14:16:52.8330752+01:00
False,16,1920,1080,U8,3,1920,1080,5760,850726992,0,0,0,1920,1080,False,2022-01-18T14:16:52.8663808+01:00
False,16,1920,1080,U8,3,1920,1080,5760,808271952,0,0,0,1920,1080,False,2022-01-18T14:16:52.8997504+01:00
False,16,1920,1080,U8,3,1920,1080,5760,814567504,0,0,0,1920,1080,False,2022-01-18T14:16:52.9332864+01:00
False,16,1920,1080,U8,3,1920,1080,5760,988024912,0,0,0,1920,1080,False,2022-01-18T14:16:52.9662080+01:00
False,16,1920,1080,U8,3,1920,1080,5760,994357328,0,0,0,1920,1080,False,2022-01-18T14:16:52.9989376+01:00
False,16,1920,1080,U8,3,1920,1080,5760,1000611920,0,0,0,1920,1080,False,2022-01-18T14:16:53.0327168+01:00
False,16,1920,1080,U8,3,1920,1080,5760,1149956176,0,0,0,1920,1080,False,2022-01-18T14:16:53.0660224+01:00
False,16,1920,1080,U8,3,1920,1080,5760,1156198480,0,0,0,1920,1080,False,2022-01-18T14:16:53.0996224+01:00
False,16,1920,1080,U8,3,1920,1080,5760,1162534992,0,0,0,1920,1080,False,2022-01-18T14:16:53.1328000+01:00
False,16,1920,1080,U8,3,1920,1080,5760,1168805968,0,0,0,1920,1080,False,2022-01-18T14:16:53.1660160+01:00
False,16,1920,1080,U8,3,1920,1080,5760,1175117904,0,0,0,1920,1080,False,2022-01-18T14:16:53.2006912+01:00
False,16,1920,1080,U8,3,1920,1080,5760,808255568,0,0,0,1920,1080,False,2022-01-18T14:16:53.2327936+01:00
False,16,1920,1080,U8,3,1920,1080,5760,814538832,0,0,0,1920,1080,False,2022-01-18T14:16:53.2657152+01:00
False,16,1920,1080,U8,3,1920,1080,5760,820822096,0,0,0,1920,1080,False,2022-01-18T14:16:53.2987136+01:00
False,16,1920,1080,U8,3,1920,1080,5760,827113552,0,0,0,1920,1080,False,2022-01-18T14:16:53.3333760+01:00
False,16,1920,1080,U8,3,1920,1080,5760,808280144,0,0,0,1920,1080,False,2022-01-18T14:16:53.3657984+01:00
False,16,1920,1080,U8,3,1920,1080,5760,844435536,0,0,0,1920,1080,False,2022-01-18T14:16:53.3996416+01:00
False,16,1920,1080,U8,3,1920,1080,5760,850772048,0,0,0,1920,1080,False,2022-01-18T14:16:53.4331520+01:00
False,16,1920,1080,U8,3,1920,1080,5760,988078160,0,0,0,1920,1080,False,2022-01-18T14:16:53.4673920+01:00
False,16,1920,1080,U8,3,1920,1080,5760,808280144,0,0,0,1920,1080,False,2022-01-18T14:16:53.5001216+01:00
False,16,1920,1080,U8,3,1920,1080,5760,814547024,0,0,0,1920,1080,False,2022-01-18T14:16:53.5332992+01:00
False,16,1920,1080,U8,3,1920,1080,5760,844492880,0,0,0,1920,1080,False,2022-01-18T14:16:53.5662976+01:00
False,16,1920,1080,U8,3,1920,1080,5760,994373712,0,0,0,1920,1080,False,2022-01-18T14:16:53.5998336+01:00
False,16,1920,1080,U8,3,1920,1080,5760,1000665168,0,0,0,1920,1080,False,2022-01-18T14:16:53.6328576+01:00
False,16,1920,1080,U8,3,1920,1080,5760,1149947984,0,0,0,1920,1080,False,2022-01-18T14:16:53.6662272+01:00
False,16,1920,1080,U8,3,1920,1080,5760,1156206672,0,0,0,1920,1080,False,2022-01-18T14:16:53.7005568+01:00
False,16,1920,1080,U8,3,1920,1080,5760,1162502224,0,0,0,1920,1080,False,2022-01-18T14:16:53.7337088+01:00
False,16,1920,1080,U8,3,1920,1080,5760,1168826448,0,0,0,1920,1080,False,2022-01-18T14:16:53.7662592+01:00
False,16,1920,1080,U8,3,1920,1080,5760,1175081040,0,0,0,1920,1080,False,2022-01-18T14:16:53.8007552+01:00
False,16,1920,1080,U8,3,1920,1080,5760,808296528,0,0,0,1920,1080,False,2022-01-18T14:16:53.8328448+01:00
False,16,1920,1080,U8,3,1920,1080,5760,814579792,0,0,0,1920,1080,False,2022-01-18T14:16:53.8668032+01:00
False,16,1920,1080,U8,3,1920,1080,5760,820891728,0,0,0,1920,1080,False,2022-01-18T14:16:53.9001472+01:00
False,16,1920,1080,U8,3,1920,1080,5760,827129936,0,0,0,1920,1080,False,2022-01-18T14:16:53.9339392+01:00
False,16,1920,1080,U8,3,1920,1080,5760,808292432,0,0,0,1920,1080,False,2022-01-18T14:16:53.9673472+01:00
False,16,1920,1080,U8,3,1920,1080,5760,814587984,0,0,0,1920,1080,False,2022-01-18T14:16:53.9996032+01:00
False,16,1920,1080,U8,3,1920,1080,5760,844476496,0,0,0,1920,1080,False,2022-01-18T14:16:54.0334464+01:00
False,16,1920,1080,U8,3,1920,1080,5760,850763856,0,0,0,1920,1080,False,2022-01-18T14:16:54.0664576+01:00
False,16,1920,1080,U8,3,1920,1080,5760,808284240,0,0,0,1920,1080,False,2022-01-18T14:16:54.0998656+01:00
False,16,1920,1080,U8,3,1920,1080,5760,814600272,0,0,0,1920,1080,False,2022-01-18T14:16:54.1330048+01:00
False,16,1920,1080,U8,3,1920,1080,5760,988082256,0,0,0,1920,1080,False,2022-01-18T14:16:54.1672320+01:00
False,16,1920,1080,U8,3,1920,1080,5760,994369616,0,0,0,1920,1080,False,2022-01-18T14:16:54.1993344+01:00
False,16,1920,1080,U8,3,1920,1080,5760,1000652880,0,0,0,1920,1080,False,2022-01-18T14:16:54.2334976+01:00
False,16,1920,1080,U8,3,1920,1080,5760,1149943888,0,0,0,1920,1080,False,2022-01-18T14:16:54.2681728+01:00
False,16,1920,1080,U8,3,1920,1080,5760,1156206672,0,0,0,1920,1080,False,2022-01-18T14:16:54.3003008+01:00
False,16,1920,1080,U8,3,1920,1080,5760,1162481744,0,0,0,1920,1080,False,2022-01-18T14:16:54.3336576+01:00
False,16,1920,1080,U8,3,1920,1080,5760,1168805968,0,0,0,1920,1080,False,2022-01-18T14:16:54.3675264+01:00
False,16,1920,1080,U8,3,1920,1080,5760,1175117904,0,0,0,1920,1080,False,2022-01-18T14:16:54.4015232+01:00
False,16,1920,1080,U8,3,1920,1080,5760,808267856,0,0,0,1920,1080,False,2022-01-18T14:16:54.4337920+01:00
False,16,1920,1080,U8,3,1920,1080,5760,814571600,0,0,0,1920,1080,False,2022-01-18T14:16:54.4677376+01:00
False,16,1920,1080,U8,3,1920,1080,5760,820842576,0,0,0,1920,1080,False,2022-01-18T14:16:54.5004160+01:00
False,16,1920,1080,U8,3,1920,1080,5760,827150416,0,0,0,1920,1080,False,2022-01-18T14:16:54.5337728+01:00
False,16,1920,1080,U8,3,1920,1080,5760,808317008,0,0,0,1920,1080,False,2022-01-18T14:16:54.5662848+01:00
False,16,1920,1080,U8,3,1920,1080,5760,814575696,0,0,0,1920,1080,False,2022-01-18T14:16:54.5998464+01:00
False,16,1920,1080,U8,3,1920,1080,5760,844472400,0,0,0,1920,1080,False,2022-01-18T14:16:54.6330880+01:00
False,16,1920,1080,U8,3,1920,1080,5760,850747472,0,0,0,1920,1080,False,2022-01-18T14:16:54.6684160+01:00
False,16,1920,1080,U8,3,1920,1080,5760,808255568,0,0,0,1920,1080,False,2022-01-18T14:16:54.7002240+01:00
False,16,1920,1080,U8,3,1920,1080,5760,814493776,0,0,0,1920,1080,False,2022-01-18T14:16:54.7335936+01:00
False,16,1920,1080,U8,3,1920,1080,5760,988037200,0,0,0,1920,1080,False,2022-01-18T14:16:54.7672576+01:00
False,16,1920,1080,U8,3,1920,1080,5760,994336848,0,0,0,1920,1080,False,2022-01-18T14:16:54.8001024+01:00
False,16,1920,1080,U8,3,1920,1080,5760,1000607824,0,0,0,1920,1080,False,2022-01-18T14:16:54.8333184+01:00
False,16,1920,1080,U8,3,1920,1080,5760,1149902928,0,0,0,1920,1080,False,2022-01-18T14:16:54.8672128+01:00
False,16,1920,1080,U8,3,1920,1080,5760,1156214864,0,0,0,1920,1080,False,2022-01-18T14:16:54.9006592+01:00
False,16,1920,1080,U8,3,1920,1080,5760,1162518608,0,0,0,1920,1080,False,2022-01-18T14:16:54.9343744+01:00
False,16,1920,1080,U8,3,1920,1080,5760,1168773200,0,0,0,1920,1080,False,2022-01-18T14:16:54.9677440+01:00
False,16,1920,1080,U8,3,1920,1080,5760,1175093328,0,0,0,1920,1080,False,2022-01-18T14:16:55.0016384+01:00
False,16,1920,1080,U8,3,1920,1080,5760,808271952,0,0,0,1920,1080,False,2022-01-18T14:16:55.0342912+01:00
False,16,1920,1080,U8,3,1920,1080,5760,814559312,0,0,0,1920,1080,False,2022-01-18T14:16:55.0672128+01:00
False,16,1920,1080,U8,3,1920,1080,5760,820887632,0,0,0,1920,1080,False,2022-01-18T14:16:55.1004288+01:00
False,16,1920,1080,U8,3,1920,1080,5760,827129936,0,0,0,1920,1080,False,2022-01-18T14:16:55.1349760+01:00
False,16,1920,1080,U8,3,1920,1080,5760,808304720,0,0,0,1920,1080,False,2022-01-18T14:16:55.1684608+01:00
False,16,1920,1080,U8,3,1920,1080,5760,814575696,0,0,0,1920,1080,False,2022-01-18T14:16:55.2012288+01:00
False,16,1920,1080,U8,3,1920,1080,5760,844488784,0,0,0,1920,1080,False,2022-01-18T14:16:55.2353152+01:00
False,16,1920,1080,U8,3,1920,1080,5760,850759760,0,0,0,1920,1080,False,2022-01-18T14:16:55.2689664+01:00
False,16,1920,1080,U8,3,1920,1080,5760,808317008,0,0,0,1920,1080,False,2022-01-18T14:16:55.3005696+01:00
False,16,1920,1080,U8,3,1920,1080,5760,814567504,0,0,0,1920,1080,False,2022-01-18T14:16:55.3346176+01:00
False,16,1920,1080,U8,3,1920,1080,5760,988024912,0,0,0,1920,1080,False,2022-01-18T14:16:55.3680768+01:00
False,16,1920,1080,U8,3,1920,1080,5760,994312272,0,0,0,1920,1080,False,2022-01-18T14:16:55.4010112+01:00
False,16,1920,1080,U8,3,1920,1080,5760,1000554576,0,0,0,1920,1080,False,2022-01-18T14:16:55.4336512+01:00
False,16,1920,1080,U8,3,1920,1080,5760,1149947984,0,0,0,1920,1080,False,2022-01-18T14:16:55.4679936+01:00
False,16,1920,1080,U8,3,1920,1080,5760,1156218960,0,0,0,1920,1080,False,2022-01-18T14:16:55.5020416+01:00
False,16,1920,1080,U8,3,1920,1080,5760,1162530896,0,0,0,1920,1080,False,2022-01-18T14:16:55.5356416+01:00
False,16,1920,1080,U8,3,1920,1080,5760,1168793680,0,0,0,1920,1080,False,2022-01-18T14:16:55.5689984+01:00
False,16,1920,1080,U8,3,1920,1080,5760,1175085136,0,0,0,1920,1080,False,2022-01-18T14:16:55.6031232+01:00
False,16,1920,1080,U8,3,1920,1080,5760,808284240,0,0,0,1920,1080,False,2022-01-18T14:16:55.6345600+01:00
False,16,1920,1080,U8,3,1920,1080,5760,814604368,0,0,0,1920,1080,False,2022-01-18T14:16:55.6673280+01:00
False,16,1920,1080,U8,3,1920,1080,5760,820887632,0,0,0,1920,1080,False,2022-01-18T14:16:55.7009792+01:00
False,16,1920,1080,U8,3,1920,1080,5760,827162704,0,0,0,1920,1080,False,2022-01-18T14:16:55.7373952+01:00
False,16,1920,1080,U8,3,1920,1080,5760,808271952,0,0,0,1920,1080,False,2022-01-18T14:16:55.7676800+01:00
False,16,1920,1080,U8,3,1920,1080,5760,814592080,0,0,0,1920,1080,False,2022-01-18T14:16:55.8005632+01:00
False,16,1920,1080,U8,3,1920,1080,5760,844435536,0,0,0,1920,1080,False,2022-01-18T14:16:55.8349440+01:00
False,16,1920,1080,U8,3,1920,1080,5760,850731088,0,0,0,1920,1080,False,2022-01-18T14:16:55.8678912+01:00
False,16,1920,1080,U8,3,1920,1080,5760,808255568,0,0,0,1920,1080,False,2022-01-18T14:16:55.8996736+01:00
False,16,1920,1080,U8,3,1920,1080,5760,814497872,0,0,0,1920,1080,False,2022-01-18T14:16:55.9340416+01:00
False,16,1920,1080,U8,3,1920,1080,5760,988049488,0,0,0,1920,1080,False,2022-01-18T14:16:55.9667456+01:00
False,16,1920,1080,U8,3,1920,1080,5760,994336848,0,0,0,1920,1080,False,2022-01-18T14:16:56.0009088+01:00
False,16,1920,1080,U8,3,1920,1080,5760,1000648784,0,0,0,1920,1080,False,2022-01-18T14:16:56.0337536+01:00
False,16,1920,1080,U8,3,1920,1080,5760,1149952080,0,0,0,1920,1080,False,2022-01-18T14:16:56.0668288+01:00
False,16,1920,1080,U8,3,1920,1080,5760,1156190288,0,0,0,1920,1080,False,2022-01-18T14:16:56.1010304+01:00
False,16,1920,1080,U8,3,1920,1080,5760,1162534992,0,0,0,1920,1080,False,2022-01-18T14:16:56.1337600+01:00
False,16,1920,1080,U8,3,1920,1080,5760,1168789584,0,0,0,1920,1080,False,2022-01-18T14:16:56.1668608+01:00
False,16,1920,1080,U8,3,1920,1080,5760,1175117904,0,0,0,1920,1080,False,2022-01-18T14:16:56.2019328+01:00
False,16,1920,1080,U8,3,1920,1080,5760,808292432,0,0,0,1920,1080,False,2022-01-18T14:16:56.2340992+01:00
False,16,1920,1080,U8,3,1920,1080,5760,814555216,0,0,0,1920,1080,False,2022-01-18T14:16:56.2680320+01:00
False,16,1920,1080,U8,3,1920,1080,5760,820863056,0,0,0,1920,1080,False,2022-01-18T14:16:56.3014144+01:00
False,16,1920,1080,U8,3,1920,1080,5760,827150416,0,0,0,1920,1080,False,2022-01-18T14:16:56.3347712+01:00
False,16,1920,1080,U8,3,1920,1080,5760,808276048,0,0,0,1920,1080,False,2022-01-18T14:16:56.3680256+01:00
False,16,1920,1080,U8,3,1920,1080,5760,814559312,0,0,0,1920,1080,False,2022-01-18T14:16:56.3998592+01:00
False,16,1920,1080,U8,3,1920,1080,5760,844480592,0,0,0,1920,1080,False,2022-01-18T14:16:56.4333440+01:00
False,16,1920,1080,U8,3,1920,1080,5760,850735184,0,0,0,1920,1080,False,2022-01-18T14:16:56.4675968+01:00
False,16,1920,1080,U8,3,1920,1080,5760,808317008,0,0,0,1920,1080,False,2022-01-18T14:16:56.4998912+01:00
False,16,1920,1080,U8,3,1920,1080,5760,814563408,0,0,0,1920,1080,False,2022-01-18T14:16:56.5342080+01:00
False,16,1920,1080,U8,3,1920,1080,5760,988082256,0,0,0,1920,1080,False,2022-01-18T14:16:56.5670656+01:00
False,16,1920,1080,U8,3,1920,1080,5760,994373712,0,0,0,1920,1080,False,2022-01-18T14:16:56.6010880+01:00
False,16,1920,1080,U8,3,1920,1080,5760,1000607824,0,0,0,1920,1080,False,2022-01-18T14:16:56.6332160+01:00
False,16,1920,1080,U8,3,1920,1080,5760,1149923408,0,0,0,1920,1080,False,2022-01-18T14:16:56.6675584+01:00
False,16,1920,1080,U8,3,1920,1080,5760,1156210768,0,0,0,1920,1080,False,2022-01-18T14:16:56.7000320+01:00
False,16,1920,1080,U8,3,1920,1080,5760,1162510416,0,0,0,1920,1080,False,2022-01-18T14:16:56.7338112+01:00
False,16,1920,1080,U8,3,1920,1080,5760,1168793680,0,0,0,1920,1080,False,2022-01-18T14:16:56.7673472+01:00
False,16,1920,1080,U8,3,1920,1080,5760,1175089232,0,0,0,1920,1080,False,2022-01-18T14:16:56.8016640+01:00
False,16,1920,1080,U8,3,1920,1080,5760,808276048,0,0,0,1920,1080,False,2022-01-18T14:16:56.8329728+01:00
False,16,1920,1080,U8,3,1920,1080,5760,814575696,0,0,0,1920,1080,False,2022-01-18T14:16:56.8668928+01:00
False,16,1920,1080,U8,3,1920,1080,5760,820846672,0,0,0,1920,1080,False,2022-01-18T14:16:56.9004928+01:00
False,16,1920,1080,U8,3,1920,1080,5760,827174992,0,0,0,1920,1080,False,2022-01-18T14:16:56.9354368+01:00
False,16,1920,1080,U8,3,1920,1080,5760,808317008,0,0,0,1920,1080,False,2022-01-18T14:16:56.9678720+01:00
False,16,1920,1080,U8,3,1920,1080,5760,814600272,0,0,0,1920,1080,False,2022-01-18T14:16:57.0005248+01:00
False,16,1920,1080,U8,3,1920,1080,5760,844480592,0,0,0,1920,1080,False,2022-01-18T14:16:57.0343680+01:00
False,16,1920,1080,U8,3,1920,1080,5760,850722896,0,0,0,1920,1080,False,2022-01-18T14:16:57.0678144+01:00
False,16,1920,1080,U8,3,1920,1080,5760,808276048,0,0,0,1920,1080,False,2022-01-18T14:16:57.1002624+01:00
False,16,1920,1080,U8,3,1920,1080,5760,814567504,0,0,0,1920,1080,False,2022-01-18T14:16:57.1344640+01:00
False,16,1920,1080,U8,3,1920,1080,5760,988049488,0,0,0,1920,1080,False,2022-01-18T14:16:57.1679360+01:00
False,16,1920,1080,U8,3,1920,1080,5760,994349136,0,0,0,1920,1080,False,2022-01-18T14:16:57.2002048+01:00
False,16,1920,1080,U8,3,1920,1080,5760,1000607824,0,0,0,1920,1080,False,2022-01-18T14:16:57.2342528+01:00
False,16,1920,1080,U8,3,1920,1080,5760,1149894736,0,0,0,1920,1080,False,2022-01-18T14:16:57.2681984+01:00
False,16,1920,1080,U8,3,1920,1080,5760,1156145232,0,0,0,1920,1080,False,2022-01-18T14:16:57.3002496+01:00
False,16,1920,1080,U8,3,1920,1080,5760,1162440784,0,0,0,1920,1080,False,2022-01-18T14:16:57.3339264+01:00
False,16,1920,1080,U8,3,1920,1080,5760,1168703568,0,0,0,1920,1080,False,2022-01-18T14:16:57.3682560+01:00
False,16,1920,1080,U8,3,1920,1080,5760,1174954064,0,0,0,1920,1080,False,2022-01-18T14:16:57.4019456+01:00
False,16,1920,1080,U8,3,1920,1080,5760,988074064,0,0,0,1920,1080,False,2022-01-18T14:16:57.4343936+01:00
False,16,1920,1080,U8,3,1920,1080,5760,994332752,0,0,0,1920,1080,False,2022-01-18T14:16:57.4674048+01:00
False,16,1920,1080,U8,3,1920,1080,5760,1000636496,0,0,0,1920,1080,False,2022-01-18T14:16:57.5013504+01:00
False,16,1920,1080,U8,3,1920,1080,5760,1149902928,0,0,0,1920,1080,False,2022-01-18T14:16:57.5341184+01:00
False,16,1920,1080,U8,3,1920,1080,5760,1156223056,0,0,0,1920,1080,False,2022-01-18T14:16:57.5670784+01:00
False,16,1920,1080,U8,3,1920,1080,5760,1181241424,0,0,0,1920,1080,False,2022-01-18T14:16:57.6003840+01:00
False,16,1920,1080,U8,3,1920,1080,5760,1187569744,0,0,0,1920,1080,False,2022-01-18T14:16:57.6342656+01:00
False,16,1920,1080,U8,3,1920,1080,5760,1193840720,0,0,0,1920,1080,False,2022-01-18T14:16:57.6689920+01:00
False,16,1920,1080,U8,3,1920,1080,5760,1200111696,0,0,0,1920,1080,False,2022-01-18T14:16:57.7012480+01:00
False,16,1920,1080,U8,3,1920,1080,5760,1206423632,0,0,0,1920,1080,False,2022-01-18T14:16:57.7350912+01:00
False,16,1920,1080,U8,3,1920,1080,5760,808304720,0,0,0,1920,1080,False,2022-01-18T14:16:57.7673856+01:00
False,16,1920,1080,U8,3,1920,1080,5760,814567504,0,0,0,1920,1080,False,2022-01-18T14:16:57.8010240+01:00
False,16,1920,1080,U8,3,1920,1080,5760,820871248,0,0,0,1920,1080,False,2022-01-18T14:16:57.8349440+01:00
False,16,1920,1080,U8,3,1920,1080,5760,827166800,0,0,0,1920,1080,False,2022-01-18T14:16:57.8681344+01:00
False,16,1920,1080,U8,3,1920,1080,5760,808280144,0,0,0,1920,1080,False,2022-01-18T14:16:57.9005568+01:00
False,16,1920,1080,U8,3,1920,1080,5760,814575696,0,0,0,1920,1080,False,2022-01-18T14:16:57.9343744+01:00
False,16,1920,1080,U8,3,1920,1080,5760,844443728,0,0,0,1920,1080,False,2022-01-18T14:16:57.9669632+01:00
False,16,1920,1080,U8,3,1920,1080,5760,850767952,0,0,0,1920,1080,False,2022-01-18T14:16:58.0019840+01:00
False,16,1920,1080,U8,3,1920,1080,5760,808300624,0,0,0,1920,1080,False,2022-01-18T14:16:58.0342528+01:00
False,16,1920,1080,U8,3,1920,1080,5760,814559312,0,0,0,1920,1080,False,2022-01-18T14:16:58.0675072+01:00
False,16,1920,1080,U8,3,1920,1080,5760,988061776,0,0,0,1920,1080,False,2022-01-18T14:16:58.1016320+01:00
False,16,1920,1080,U8,3,1920,1080,5760,994324560,0,0,0,1920,1080,False,2022-01-18T14:16:58.1348352+01:00
False,16,1920,1080,U8,3,1920,1080,5760,1000611920,0,0,0,1920,1080,False,2022-01-18T14:16:58.1674240+01:00
False,16,1920,1080,U8,3,1920,1080,5760,1149923408,0,0,0,1920,1080,False,2022-01-18T14:16:58.2007296+01:00
False,16,1920,1080,U8,3,1920,1080,5760,1156235344,0,0,0,1920,1080,False,2022-01-18T14:16:58.2333952+01:00
False,16,1920,1080,U8,3,1920,1080,5760,1162522704,0,0,0,1920,1080,False,2022-01-18T14:16:58.2672000+01:00
False,16,1920,1080,U8,3,1920,1080,5760,1168781392,0,0,0,1920,1080,False,2022-01-18T14:16:58.3007488+01:00
False,16,1920,1080,U8,3,1920,1080,5760,1175085136,0,0,0,1920,1080,False,2022-01-18T14:16:58.3342080+01:00
False,16,1920,1080,U8,3,1920,1080,5760,808304720,0,0,0,1920,1080,False,2022-01-18T14:16:58.3674880+01:00
False,16,1920,1080,U8,3,1920,1080,5760,814571600,0,0,0,1920,1080,False,2022-01-18T14:16:58.4003968+01:00
False,16,1920,1080,U8,3,1920,1080,5760,820842576,0,0,0,1920,1080,False,2022-01-18T14:16:58.4341504+01:00
False,16,1920,1080,U8,3,1920,1080,5760,827142224,0,0,0,1920,1080,False,2022-01-18T14:16:58.4684800+01:00
False,16,1920,1080,U8,3,1920,1080,5760,808255568,0,0,0,1920,1080,False,2022-01-18T14:16:58.5015936+01:00
False,16,1920,1080,U8,3,1920,1080,5760,814485584,0,0,0,1920,1080,False,2022-01-18T14:16:58.5338240+01:00
False,16,1920,1080,U8,3,1920,1080,5760,844464208,0,0,0,1920,1080,False,2022-01-18T14:16:58.5681152+01:00
False,16,1920,1080,U8,3,1920,1080,5760,850767952,0,0,0,1920,1080,False,2022-01-18T14:16:58.6010624+01:00
False,16,1920,1080,U8,3,1920,1080,5760,808308816,0,0,0,1920,1080,False,2022-01-18T14:16:58.6335488+01:00
False,16,1920,1080,U8,3,1920,1080,5760,814587984,0,0,0,1920,1080,False,2022-01-18T14:16:58.6675200+01:00
False,16,1920,1080,U8,3,1920,1080,5760,988065872,0,0,0,1920,1080,False,2022-01-18T14:16:58.7010944+01:00
False,16,1920,1080,U8,3,1920,1080,5760,994312272,0,0,0,1920,1080,False,2022-01-18T14:16:58.7339648+01:00
False,16,1920,1080,U8,3,1920,1080,5760,1000595536,0,0,0,1920,1080,False,2022-01-18T14:16:58.7677184+01:00
False,16,1920,1080,U8,3,1920,1080,5760,1149902928,0,0,0,1920,1080,False,2022-01-18T14:16:58.8010496+01:00
False,16,1920,1080,U8,3,1920,1080,5760,1156190288,0,0,0,1920,1080,False,2022-01-18T14:16:58.8338944+01:00
False,16,1920,1080,U8,3,1920,1080,5760,1162518608,0,0,0,1920,1080,False,2022-01-18T14:16:58.8671104+01:00
False,16,1920,1080,U8,3,1920,1080,5760,1168789584,0,0,0,1920,1080,False,2022-01-18T14:16:58.9018240+01:00
False,16,1920,1080,U8,3,1920,1080,5760,1175089232,0,0,0,1920,1080,False,2022-01-18T14:16:58.9358720+01:00
False,16,1920,1080,U8,3,1920,1080,5760,808300624,0,0,0,1920,1080,False,2022-01-18T14:16:58.9676928+01:00
False,16,1920,1080,U8,3,1920,1080,5760,814600272,0,0,0,1920,1080,False,2022-01-18T14:16:59.0007168+01:00
False,16,1920,1080,U8,3,1920,1080,5760,820887632,0,0,0,1920,1080,False,2022-01-18T14:16:59.0343040+01:00
False,16,1920,1080,U8,3,1920,1080,5760,827146320,0,0,0,1920,1080,False,2022-01-18T14:16:59.0683648+01:00
False,16,1920,1080,U8,3,1920,1080,5760,808312912,0,0,0,1920,1080,False,2022-01-18T14:16:59.1006976+01:00
False,16,1920,1080,U8,3,1920,1080,5760,814567504,0,0,0,1920,1080,False,2022-01-18T14:16:59.1338496+01:00
False,16,1920,1080,U8,3,1920,1080,5760,844439632,0,0,0,1920,1080,False,2022-01-18T14:16:59.1680896+01:00
False,16,1920,1080,U8,3,1920,1080,5760,850784336,0,0,0,1920,1080,False,2022-01-18T14:16:59.2014464+01:00
False,16,1920,1080,U8,3,1920,1080,5760,808263760,0,0,0,1920,1080,False,2022-01-18T14:16:59.2338176+01:00
False,16,1920,1080,U8,3,1920,1080,5760,814571600,0,0,0,1920,1080,False,2022-01-18T14:16:59.2670720+01:00
False,16,1920,1080,U8,3,1920,1080,5760,988069968,0,0,0,1920,1080,False,2022-01-18T14:16:59.3010176+01:00
False,16,1920,1080,U8,3,1920,1080,5760,994365520,0,0,0,1920,1080,False,2022-01-18T14:16:59.3335168+01:00
False,16,1920,1080,U8,3,1920,1080,5760,1000648784,0,0,0,1920,1080,False,2022-01-18T14:16:59.3678208+01:00
False,16,1920,1080,U8,3,1920,1080,5760,1149939792,0,0,0,1920,1080,False,2022-01-18T14:16:59.4009344+01:00
False,16,1920,1080,U8,3,1920,1080,5760,1156186192,0,0,0,1920,1080,False,2022-01-18T14:16:59.4345856+01:00
False,16,1920,1080,U8,3,1920,1080,5760,1162416208,0,0,0,1920,1080,False,2022-01-18T14:16:59.4675968+01:00
False,16,1920,1080,U8,3,1920,1080,5760,1168736336,0,0,0,1920,1080,False,2022-01-18T14:16:59.5009664+01:00
False,16,1920,1080,U8,3,1920,1080,5760,1175048272,0,0,0,1920,1080,False,2022-01-18T14:16:59.5355136+01:00
False,16,1920,1080,U8,3,1920,1080,5760,808300624,0,0,0,1920,1080,False,2022-01-18T14:16:59.5677056+01:00
False,16,1920,1080,U8,3,1920,1080,5760,814579792,0,0,0,1920,1080,False,2022-01-18T14:16:59.6007680+01:00
False,16,1920,1080,U8,3,1920,1080,5760,820863056,0,0,0,1920,1080,False,2022-01-18T14:16:59.6338688+01:00
False,16,1920,1080,U8,3,1920,1080,5760,827158608,0,0,0,1920,1080,False,2022-01-18T14:16:59.6685440+01:00
False,16,1920,1080,U8,3,1920,1080,5760,808284240,0,0,0,1920,1080,False,2022-01-18T14:16:59.7007872+01:00
False,16,1920,1080,U8,3,1920,1080,5760,814547024,0,0,0,1920,1080,False,2022-01-18T14:16:59.7340800+01:00
False,16,1920,1080,U8,3,1920,1080,5760,844460112,0,0,0,1920,1080,False,2022-01-18T14:16:59.7682304+01:00
False,16,1920,1080,U8,3,1920,1080,5760,850731088,0,0,0,1920,1080,False,2022-01-18T14:16:59.8012032+01:00
False,16,1920,1080,U8,3,1920,1080,5760,808288336,0,0,0,1920,1080,False,2022-01-18T14:16:59.8335360+01:00
False,16,1920,1080,U8,3,1920,1080,5760,814567504,0,0,0,1920,1080,False,2022-01-18T14:16:59.8679808+01:00
False,16,1920,1080,U8,3,1920,1080,5760,988074064,0,0,0,1920,1080,False,2022-01-18T14:16:59.9013120+01:00
False,16,1920,1080,U8,3,1920,1080,5760,994328656,0,0,0,1920,1080,False,2022-01-18T14:16:59.9337088+01:00
False,16,1920,1080,U8,3,1920,1080,5760,1000607824,0,0,0,1920,1080,False,2022-01-18T14:16:59.9682176+01:00
False,16,1920,1080,U8,3,1920,1080,5760,1149943888,0,0,0,1920,1080,False,2022-01-18T14:17:00.0015232+01:00
False,16,1920,1080,U8,3,1920,1080,5760,1156243536,0,0,0,1920,1080,False,2022-01-18T14:17:00.0339712+01:00
False,16,1920,1080,U8,3,1920,1080,5760,1162526800,0,0,0,1920,1080,False,2022-01-18T14:17:00.0683520+01:00
False,16,1920,1080,U8,3,1920,1080,5760,1168826448,0,0,0,1920,1080,False,2022-01-18T14:17:00.1022080+01:00
False,16,1920,1080,U8,3,1920,1080,5760,1175089232,0,0,0,1920,1080,False,2022-01-18T14:17:00.1359232+01:00
False,16,1920,1080,U8,3,1920,1080,5760,808267856,0,0,0,1920,1080,False,2022-01-18T14:17:00.1681920+01:00
False,16,1920,1080,U8,3,1920,1080,5760,814547024,0,0,0,1920,1080,False,2022-01-18T14:17:00.2009600+01:00
False,16,1920,1080,U8,3,1920,1080,5760,820777040,0,0,0,1920,1080,False,2022-01-18T14:17:00.2342784+01:00
False,16,1920,1080,U8,3,1920,1080,5760,827093072,0,0,0,1920,1080,False,2022-01-18T14:17:00.2704512+01:00
False,16,1920,1080,U8,3,1920,1080,5760,808292432,0,0,0,1920,1080,False,2022-01-18T14:17:00.3019008+01:00
False,16,1920,1080,U8,3,1920,1080,5760,844447824,0,0,0,1920,1080,False,2022-01-18T14:17:00.3341568+01:00
False,16,1920,1080,U8,3,1920,1080,5760,850755664,0,0,0,1920,1080,False,2022-01-18T14:17:00.3681920+01:00
False,16,1920,1080,U8,3,1920,1080,5760,988082256,0,0,0,1920,1080,False,2022-01-18T14:17:00.4019712+01:00
False,16,1920,1080,U8,3,1920,1080,5760,808317008,0,0,0,1920,1080,False,2022-01-18T14:17:00.4339200+01:00
False,16,1920,1080,U8,3,1920,1080,5760,844468304,0,0,0,1920,1080,False,2022-01-18T14:17:00.4680320+01:00
False,16,1920,1080,U8,3,1920,1080,5760,994349136,0,0,0,1920,1080,False,2022-01-18T14:17:00.5010048+01:00
False,16,1920,1080,U8,3,1920,1080,5760,1000640592,0,0,0,1920,1080,False,2022-01-18T14:17:00.5336320+01:00
False,16,1920,1080,U8,3,1920,1080,5760,1149927504,0,0,0,1920,1080,False,2022-01-18T14:17:00.5681152+01:00
False,16,1920,1080,U8,3,1920,1080,5760,1156198480,0,0,0,1920,1080,False,2022-01-18T14:17:00.6011648+01:00
False,16,1920,1080,U8,3,1920,1080,5760,1162518608,0,0,0,1920,1080,False,2022-01-18T14:17:00.6337792+01:00
False,16,1920,1080,U8,3,1920,1080,5760,1168773200,0,0,0,1920,1080,False,2022-01-18T14:17:00.6678784+01:00
False,16,1920,1080,U8,3,1920,1080,5760,1175064656,0,0,0,1920,1080,False,2022-01-18T14:17:00.7012224+01:00
False,16,1920,1080,U8,3,1920,1080,5760,1181405264,0,0,0,1920,1080,False,2022-01-18T14:17:00.7351552+01:00
False,16,1920,1080,U8,3,1920,1080,5760,808271952,0,0,0,1920,1080,False,2022-01-18T14:17:00.7671808+01:00
False,16,1920,1080,U8,3,1920,1080,5760,814555216,0,0,0,1920,1080,False,2022-01-18T14:17:00.8011136+01:00
False,16,1920,1080,U8,3,1920,1080,5760,820858960,0,0,0,1920,1080,False,2022-01-18T14:17:00.8346368+01:00
False,16,1920,1080,U8,3,1920,1080,5760,827129936,0,0,0,1920,1080,False,2022-01-18T14:17:00.8674560+01:00
False,16,1920,1080,U8,3,1920,1080,5760,808296528,0,0,0,1920,1080,False,2022-01-18T14:17:00.9008896+01:00
False,16,1920,1080,U8,3,1920,1080,5760,814592080,0,0,0,1920,1080,False,2022-01-18T14:17:00.9338240+01:00
False,16,1920,1080,U8,3,1920,1080,5760,844464208,0,0,0,1920,1080,False,2022-01-18T14:17:00.9683968+01:00
False,16,1920,1080,U8,3,1920,1080,5760,850776144,0,0,0,1920,1080,False,2022-01-18T14:17:01.0017280+01:00
False,16,1920,1080,U8,3,1920,1080,5760,808288336,0,0,0,1920,1080,False,2022-01-18T14:17:01.0343936+01:00
False,16,1920,1080,U8,3,1920,1080,5760,814559312,0,0,0,1920,1080,False,2022-01-18T14:17:01.0684416+01:00
False,16,1920,1080,U8,3,1920,1080,5760,988045392,0,0,0,1920,1080,False,2022-01-18T14:17:01.1022976+01:00
False,16,1920,1080,U8,3,1920,1080,5760,994332752,0,0,0,1920,1080,False,2022-01-18T14:17:01.1353856+01:00
False,16,1920,1080,U8,3,1920,1080,5760,1000665168,0,0,0,1920,1080,False,2022-01-18T14:17:01.1681536+01:00
False,16,1920,1080,U8,3,1920,1080,5760,1149947984,0,0,0,1920,1080,False,2022-01-18T14:17:01.2014464+01:00
False,16,1920,1080,U8,3,1920,1080,5760,1156231248,0,0,0,1920,1080,False,2022-01-18T14:17:01.2342912+01:00
False,16,1920,1080,U8,3,1920,1080,5760,1162518608,0,0,0,1920,1080,False,2022-01-18T14:17:01.2672256+01:00
False,16,1920,1080,U8,3,1920,1080,5760,1168814160,0,0,0,1920,1080,False,2022-01-18T14:17:01.3013248+01:00
False,16,1920,1080,U8,3,1920,1080,5760,1175117904,0,0,0,1920,1080,False,2022-01-18T14:17:01.3360768+01:00
False,16,1920,1080,U8,3,1920,1080,5760,808259664,0,0,0,1920,1080,False,2022-01-18T14:17:01.3680512+01:00
False,16,1920,1080,U8,3,1920,1080,5760,814575696,0,0,0,1920,1080,False,2022-01-18T14:17:01.4020992+01:00
False,16,1920,1080,U8,3,1920,1080,5760,820842576,0,0,0,1920,1080,False,2022-01-18T14:17:01.4358784+01:00
False,16,1920,1080,U8,3,1920,1080,5760,827174992,0,0,0,1920,1080,False,2022-01-18T14:17:01.4690816+01:00
False,16,1920,1080,U8,3,1920,1080,5760,808267856,0,0,0,1920,1080,False,2022-01-18T14:17:01.5023488+01:00
False,16,1920,1080,U8,3,1920,1080,5760,814587984,0,0,0,1920,1080,False,2022-01-18T14:17:01.5348864+01:00
False,16,1920,1080,U8,3,1920,1080,5760,844480592,0,0,0,1920,1080,False,2022-01-18T14:17:01.5677056+01:00
False,16,1920,1080,U8,3,1920,1080,5760,850772048,0,0,0,1920,1080,False,2022-01-18T14:17:01.6029824+01:00
False,16,1920,1080,U8,3,1920,1080,5760,808271952,0,0,0,1920,1080,False,2022-01-18T14:17:01.6352768+01:00
False,16,1920,1080,U8,3,1920,1080,5760,814600272,0,0,0,1920,1080,False,2022-01-18T14:17:01.6670848+01:00
False,16,1920,1080,U8,3,1920,1080,5760,988082256,0,0,0,1920,1080,False,2022-01-18T14:17:01.7015680+01:00
False,16,1920,1080,U8,3,1920,1080,5760,994320464,0,0,0,1920,1080,False,2022-01-18T14:17:01.7342976+01:00
False,16,1920,1080,U8,3,1920,1080,5760,1000652880,0,0,0,1920,1080,False,2022-01-18T14:17:01.7683712+01:00
False,16,1920,1080,U8,3,1920,1080,5760,1149939792,0,0,0,1920,1080,False,2022-01-18T14:17:01.8017536+01:00
False,16,1920,1080,U8,3,1920,1080,5760,1156247632,0,0,0,1920,1080,False,2022-01-18T14:17:01.8352768+01:00
False,16,1920,1080,U8,3,1920,1080,5760,1162481744,0,0,0,1920,1080,False,2022-01-18T14:17:01.8678912+01:00
False,16,1920,1080,U8,3,1920,1080,5760,1168785488,0,0,0,1920,1080,False,2022-01-18T14:17:01.9014784+01:00
False,16,1920,1080,U8,3,1920,1080,5760,1175089232,0,0,0,1920,1080,False,2022-01-18T14:17:01.9391872+01:00
False,16,1920,1080,U8,3,1920,1080,5760,808259664,0,0,0,1920,1080,False,2022-01-18T14:17:01.9708672+01:00
False,16,1920,1080,U8,3,1920,1080,5760,814608464,0,0,0,1920,1080,False,2022-01-18T14:17:02.0011264+01:00
False,16,1920,1080,U8,3,1920,1080,5760,820838480,0,0,0,1920,1080,False,2022-01-18T14:17:02.0362624+01:00
False,16,1920,1080,U8,3,1920,1080,5760,827117648,0,0,0,1920,1080,False,2022-01-18T14:17:02.0676736+01:00
False,16,1920,1080,U8,3,1920,1080,5760,808288336,0,0,0,1920,1080,False,2022-01-18T14:17:02.1012224+01:00
False,16,1920,1080,U8,3,1920,1080,5760,814551120,0,0,0,1920,1080,False,2022-01-18T14:17:02.1353856+01:00
